Tanggal,Bawang Merah,Bawang Merah Ukuran Sedang,Bawang Putih,Bawang Putih Ukuran Sedang,Beras,Beras Kualitas Bawah I,Beras Kualitas Bawah II,Beras Kualitas Medium I,Beras Kualitas Medium II,Beras Kualitas Super I,Beras Kualitas Super II,Cabai Merah,Cabai Merah Besar,Cabai Merah Keriting ,Cabai Rawit,Cabai Rawit Hijau,Cabai Rawit Merah,Daging Ayam,Daging Ayam Ras Segar,Daging Sapi,Daging Sapi Kualitas 1,Daging Sapi Kualitas 2,Gula Pasir,Gula Pasir Kualitas Premium,Gula Pasir Lokal,Minyak Goreng,Minyak Goreng Curah,Minyak Goreng Kemasan Bermerk 1,Minyak Goreng Kemasan Bermerk 2,Telur Ayam,Telur Ayam Ras Segar
2021-01-01,,,,,,,,,,,,,,,,,,,,,,,,,,,,,,,
2021-01-04,35000.0,35000.0,35850.0,35850.0,13450.0,12150.0,11300.0,13950.0,12750.0,16350.0,14200.0,69150.0,69150.0,69150.0,81250.0,71650.0,90850.0,37750.0,37750.0,130000.0,136650.0,123350.0,15100.0,15500.0,14650.0,14950.0,14850.0,15000.0,15000.0,25650.0,25650.0
2021-01-05,35000.0,35000.0,35850.0,35850.0,13450.0,12150.0,11300.0,13950.0,12750.0,16350.0,14200.0,69150.0,69150.0,69150.0,82900.0,71650.0,94150.0,37750.0,37750.0,130000.0,136650.0,123350.0,15100.0,15500.0,14650.0,14950.0,14850.0,15000.0,15000.0,25650.0,25650.0
2021-01-06,33350.0,33350.0,35850.0,35850.0,13450.0,12150.0,11300.0,13950.0,12750.0,16350.0,14200.0,70400.0,70000.0,70850.0,84150.0,71650.0,96650.0,37750.0,37750.0,130000.0,136650.0,123350.0,15100.0,15500.0,14650.0,14950.0,14850.0,15000.0,15000.0,25500.0,25500.0
2021-01-07,33350.0,33350.0,35850.0,35850.0,13450.0,12150.0,11300.0,13950.0,12750.0,16350.0,14200.0,70400.0,70000.0,70850.0,87500.0,76650.0,98350.0,37900.0,37900.0,129150.0,135850.0,122500.0,15000.0,15350.0,14650.0,14950.0,14850.0,15000.0,15000.0,25350.0,25350.0
2021-01-08,33350.0,33350.0,35850.0,35850.0,13450.0,12150.0,11300.0,13950.0,12750.0,16350.0,14200.0,65850.0,65000.0,66650.0,84150.0,71650.0,96650.0,38400.0,38400.0,129150.0,135850.0,122500.0,14900.0,15150.0,14650.0,14950.0,14850.0,15000.0,15000.0,25350.0,25350.0
2021-01-11,34150.0,34150.0,35000.0,35000.0,13450.0,12150.0,11300.0,13950.0,12750.0,16350.0,14200.0,61250.0,61650.0,60850.0,80850.0,68350.0,93350.0,38250.0,38250.0,129150.0,135850.0,122500.0,14900.0,15150.0,14650.0,14950.0,14850.0,15000.0,15000.0,25000.0,25000.0
2021-01-12,34150.0,34150.0,35000.0,35000.0,13450.0,12150.0,11300.0,13950.0,12750.0,16350.0,14200.0,61250.0,61650.0,60850.0,80850.0,68350.0,93350.0,38500.0,38500.0,129150.0,135850.0,122500.0,15000.0,15350.0,14650.0,14950.0,14850.0,15000.0,15000.0,25000.0,25000.0
2021-01-13,34150.0,34150.0,35000.0,35000.0,13450.0,12150.0,11300.0,13950.0,12750.0,16350.0,14200.0,60850.0,60000.0,61650.0,81650.0,70000.0,93350.0,38600.0,38600.0,129150.0,135850.0,122500.0,15000.0,15350.0,14650.0,14950.0,14850.0,15000.0,15000.0,24850.0,24850.0
2021-01-14,35000.0,35000.0,35000.0,35000.0,13450.0,12150.0,11300.0,13950.0,12750.0,16350.0,14200.0,60850.0,60000.0,61650.0,85400.0,77500.0,93350.0,38600.0,38600.0,129150.0,135850.0,122500.0,15000.0,15350.0,14650.0,14950.0,14850.0,15000.0,15000.0,24500.0,24500.0
2021-01-15,35000.0,35000.0,35000.0,35000.0,13450.0,12150.0,11300.0,13950.0,12750.0,16350.0,14200.0,61650.0,61650.0,61650.0,84600.0,77500.0,91650.0,38600.0,38600.0,129150.0,135850.0,122500.0,15000.0,15350.0,14650.0,14950.0,14850.0,15000.0,15000.0,24150.0,24150.0
2021-01-18,34150.0,34150.0,35850.0,35850.0,13450.0,12150.0,11300.0,13950.0,12750.0,16350.0,14200.0,59600.0,58350.0,60850.0,81650.0,80000.0,83350.0,38600.0,38600.0,129150.0,135850.0,122500.0,15000.0,15350.0,14650.0,14950.0,14850.0,15000.0,15000.0,24000.0,24000.0
2021-01-19,34150.0,34150.0,35850.0,35850.0,13450.0,12150.0,11300.0,13950.0,12750.0,16350.0,14200.0,59600.0,58350.0,60850.0,82500.0,80000.0,85000.0,38500.0,38500.0,129150.0,135850.0,122500.0,14900.0,15350.0,14500.0,14950.0,14850.0,15000.0,15000.0,23500.0,23500.0
2021-01-20,34150.0,34150.0,35850.0,35850.0,13450.0,12150.0,11300.0,13950.0,12750.0,16350.0,14200.0,59600.0,58350.0,60850.0,85000.0,80000.0,90000.0,38350.0,38350.0,129150.0,135850.0,122500.0,14900.0,15350.0,14500.0,14950.0,14850.0,15000.0,15000.0,23500.0,23500.0
2021-01-21,34150.0,34150.0,35850.0,35850.0,13450.0,12150.0,11300.0,13950.0,12750.0,16350.0,14200.0,59600.0,58350.0,60850.0,85000.0,80000.0,90000.0,38350.0,38350.0,129150.0,135850.0,122500.0,14900.0,15350.0,14500.0,14950.0,14850.0,15000.0,15000.0,23350.0,23350.0
2021-01-22,34150.0,34150.0,36150.0,36150.0,13450.0,12150.0,11300.0,13950.0,12750.0,16350.0,14200.0,56250.0,56650.0,55850.0,81250.0,75850.0,86650.0,38350.0,38350.0,129150.0,135850.0,122500.0,14900.0,15350.0,14500.0,14950.0,14850.0,15000.0,15000.0,23000.0,23000.0
2021-01-25,35000.0,35000.0,36150.0,36150.0,13450.0,12150.0,11300.0,13950.0,12750.0,16350.0,14200.0,55850.0,56650.0,55000.0,81250.0,80000.0,82500.0,37850.0,37850.0,133350.0,139150.0,127500.0,14750.0,15150.0,14350.0,14950.0,14850.0,15000.0,15000.0,22850.0,22850.0
2021-01-26,35000.0,35000.0,36150.0,36150.0,13450.0,12150.0,11300.0,13950.0,12750.0,16350.0,14200.0,55850.0,56650.0,55000.0,82500.0,82500.0,82500.0,37500.0,37500.0,133350.0,139150.0,127500.0,14750.0,15150.0,14350.0,14950.0,14850.0,15000.0,15000.0,22850.0,22850.0
2021-01-27,35000.0,35000.0,36150.0,36150.0,13450.0,12150.0,11300.0,13950.0,12750.0,16350.0,14200.0,55850.0,56650.0,55000.0,85000.0,85850.0,84150.0,37150.0,37150.0,133350.0,139150.0,127500.0,14750.0,15150.0,14350.0,14950.0,14850.0,15000.0,15000.0,22850.0,22850.0
2021-01-28,35000.0,35000.0,36150.0,36150.0,13450.0,12150.0,11300.0,13950.0,12750.0,16350.0,14200.0,56650.0,56650.0,56650.0,86250.0,85850.0,86650.0,37150.0,37150.0,133350.0,139150.0,127500.0,14750.0,15150.0,14350.0,14950.0,14850.0,15000.0,15000.0,22850.0,22850.0
2021-01-29,35000.0,35000.0,36150.0,36150.0,13450.0,12150.0,11300.0,13950.0,12750.0,16350.0,14200.0,56650.0,56650.0,56650.0,87100.0,85850.0,88350.0,36350.0,36350.0,130850.0,136650.0,125000.0,14750.0,15150.0,14350.0,14950.0,14850.0,15000.0,15000.0,22850.0,22850.0
2021-02-01,35850.0,35850.0,36150.0,36150.0,13450.0,12150.0,11300.0,13950.0,12750.0,16350.0,14200.0,67100.0,64150.0,70000.0,88750.0,84150.0,93350.0,35000.0,35000.0,130850.0,136650.0,125000.0,14750.0,15150.0,14350.0,14950.0,14850.0,15000.0,15000.0,22150.0,22150.0
2021-02-02,35850.0,35850.0,36150.0,36150.0,13450.0,12150.0,11300.0,13950.0,12750.0,16350.0,14200.0,67100.0,64150.0,70000.0,90400.0,84150.0,96650.0,35000.0,35000.0,130850.0,136650.0,125000.0,14750.0,15150.0,14350.0,14950.0,14850.0,15000.0,15000.0,22150.0,22150.0
2021-02-03,35850.0,35850.0,36150.0,36150.0,13450.0,12150.0,11300.0,13950.0,12750.0,16350.0,14200.0,67100.0,64150.0,70000.0,91250.0,84150.0,98350.0,34850.0,34850.0,130850.0,136650.0,125000.0,14750.0,15150.0,14350.0,14950.0,14850.0,15000.0,15000.0,22000.0,22000.0
2021-02-04,35850.0,35850.0,36150.0,36150.0,13450.0,12150.0,11300.0,13950.0,12750.0,16350.0,14200.0,67900.0,65850.0,70000.0,90400.0,84150.0,96650.0,35000.0,35000.0,130850.0,136650.0,125000.0,14750.0,15150.0,14350.0,14950.0,14850.0,15000.0,15000.0,22500.0,22500.0
2021-02-05,37000.0,37000.0,35350.0,35350.0,13450.0,12150.0,11300.0,13950.0,12750.0,16350.0,14200.0,69600.0,65850.0,73350.0,87900.0,84150.0,91650.0,35250.0,35250.0,130850.0,136650.0,125000.0,14750.0,15150.0,14350.0,14950.0,14850.0,15000.0,15000.0,23650.0,23650.0
2021-02-08,39150.0,39150.0,35350.0,35350.0,13450.0,12150.0,11300.0,13950.0,12750.0,16350.0,14200.0,72100.0,67500.0,76650.0,86250.0,83350.0,89150.0,35850.0,35850.0,129150.0,135000.0,123350.0,14750.0,15150.0,14350.0,14950.0,14850.0,15000.0,15000.0,24150.0,24150.0
2021-02-09,39150.0,39150.0,35350.0,35350.0,13450.0,12150.0,11300.0,13950.0,12750.0,16350.0,14200.0,71250.0,67500.0,75000.0,85400.0,83350.0,87500.0,35850.0,35850.0,128750.0,135000.0,122500.0,14750.0,15150.0,14350.0,14950.0,14850.0,15000.0,15000.0,24500.0,24500.0
2021-02-10,40850.0,40850.0,35350.0,35350.0,13450.0,12150.0,11300.0,13950.0,12750.0,16350.0,14200.0,71250.0,67500.0,75000.0,85400.0,83350.0,87500.0,36250.0,36250.0,128750.0,135000.0,122500.0,14750.0,15150.0,14350.0,14950.0,14850.0,15000.0,15000.0,24500.0,24500.0
2021-02-11,40850.0,40850.0,37150.0,37150.0,13450.0,12150.0,11300.0,13950.0,12750.0,16350.0,14200.0,71250.0,67500.0,75000.0,85400.0,83350.0,87500.0,36350.0,36350.0,128750.0,135000.0,122500.0,14750.0,15150.0,14350.0,14900.0,14650.0,15000.0,15000.0,24650.0,24650.0
2021-02-12,,,,,,,,,,,,,,,,,,,,,,,,,,,,,,,
2021-02-15,41650.0,41650.0,35850.0,35850.0,13450.0,12150.0,11300.0,13950.0,12750.0,16350.0,14200.0,65400.0,61650.0,69150.0,90000.0,81650.0,98350.0,36000.0,36000.0,128750.0,135000.0,122500.0,14750.0,15150.0,14350.0,14900.0,14650.0,15000.0,15000.0,25000.0,25000.0
2021-02-16,41650.0,41650.0,35350.0,35350.0,13450.0,12150.0,11300.0,13950.0,12750.0,16350.0,14200.0,65400.0,61650.0,69150.0,90000.0,81650.0,98350.0,36000.0,36000.0,128750.0,135000.0,122500.0,14750.0,15150.0,14350.0,14900.0,14650.0,15000.0,15000.0,25150.0,25150.0
2021-02-17,41650.0,41650.0,35350.0,35350.0,13450.0,12150.0,11300.0,13950.0,12750.0,16350.0,14200.0,64600.0,61650.0,67500.0,88350.0,80000.0,96650.0,36000.0,36000.0,128750.0,135000.0,122500.0,14750.0,15150.0,14350.0,14950.0,14850.0,15000.0,15000.0,25350.0,25350.0
2021-02-18,41650.0,41650.0,35350.0,35350.0,13450.0,12150.0,11300.0,13950.0,12750.0,16350.0,14200.0,63750.0,60850.0,66650.0,95850.0,80000.0,111650.0,35650.0,35650.0,128750.0,135000.0,122500.0,14750.0,15150.0,14350.0,14950.0,14850.0,15000.0,15000.0,25350.0,25350.0
2021-02-19,41650.0,41650.0,35350.0,35350.0,13450.0,12150.0,11300.0,13950.0,12750.0,16350.0,14200.0,62500.0,60000.0,65000.0,95850.0,80000.0,111650.0,35650.0,35650.0,128750.0,135000.0,122500.0,14750.0,15150.0,14350.0,14950.0,14850.0,15000.0,15000.0,25350.0,25350.0
2021-02-22,42150.0,42150.0,35850.0,35850.0,13450.0,12150.0,11300.0,13950.0,12750.0,16350.0,14200.0,62100.0,59150.0,65000.0,97500.0,76650.0,118350.0,34900.0,34900.0,128750.0,135000.0,122500.0,14750.0,15150.0,14350.0,14950.0,14850.0,15000.0,15000.0,24650.0,24650.0
2021-02-23,42150.0,42150.0,35850.0,35850.0,13450.0,12150.0,11300.0,13950.0,12750.0,16250.0,14200.0,61250.0,57500.0,65000.0,96650.0,76650.0,116650.0,34900.0,34900.0,128750.0,135000.0,122500.0,14750.0,15150.0,14350.0,14950.0,14850.0,15000.0,15000.0,24650.0,24650.0
2021-02-24,42150.0,42150.0,35850.0,35850.0,13450.0,12150.0,11300.0,13950.0,12750.0,16250.0,14200.0,61650.0,58350.0,65000.0,97500.0,78350.0,116650.0,34900.0,34900.0,128750.0,135000.0,122500.0,14750.0,15150.0,14350.0,14950.0,14850.0,15000.0,15000.0,24650.0,24650.0
2021-02-25,42150.0,42150.0,35850.0,35850.0,13450.0,12150.0,11300.0,13950.0,12750.0,16250.0,14200.0,60400.0,55850.0,65000.0,99150.0,78350.0,120000.0,35000.0,35000.0,128750.0,135000.0,122500.0,14750.0,15150.0,14350.0,14950.0,14850.0,15000.0,15000.0,24650.0,24650.0
2021-02-26,42150.0,42150.0,35850.0,35850.0,13450.0,12150.0,11300.0,13950.0,12750.0,16250.0,14200.0,60400.0,55850.0,65000.0,99150.0,78350.0,120000.0,35600.0,35600.0,128750.0,135000.0,122500.0,14750.0,15150.0,14350.0,14950.0,14850.0,15000.0,15000.0,24500.0,24500.0
2021-03-01,45000.0,45000.0,36650.0,36650.0,13450.0,12150.0,11300.0,13950.0,12750.0,16250.0,14200.0,62500.0,56650.0,68350.0,102500.0,76650.0,128350.0,36400.0,36400.0,128750.0,135000.0,122500.0,14750.0,15150.0,14350.0,14950.0,14850.0,15000.0,15000.0,24350.0,24350.0
2021-03-02,45000.0,45000.0,36650.0,36650.0,13450.0,12150.0,11250.0,13950.0,12750.0,16250.0,14200.0,62900.0,56650.0,69150.0,108350.0,76650.0,140000.0,37150.0,37150.0,128750.0,135000.0,122500.0,14750.0,15150.0,14350.0,14950.0,14850.0,15000.0,15000.0,24350.0,24350.0
2021-03-03,45000.0,45000.0,36650.0,36650.0,13450.0,12150.0,11250.0,13950.0,12750.0,16250.0,14200.0,62100.0,56650.0,67500.0,109150.0,75000.0,143350.0,37150.0,37150.0,128750.0,135000.0,122500.0,14750.0,15150.0,14350.0,14950.0,14850.0,15000.0,15000.0,24500.0,24500.0
2021-03-04,45000.0,45000.0,36650.0,36650.0,13450.0,12150.0,11250.0,13950.0,12750.0,16250.0,14200.0,60400.0,56650.0,64150.0,103350.0,75000.0,131650.0,37150.0,37150.0,128750.0,135000.0,122500.0,14750.0,15150.0,14350.0,14950.0,14850.0,15000.0,15000.0,24350.0,24350.0
2021-03-05,44150.0,44150.0,36650.0,36650.0,13450.0,12150.0,11250.0,13950.0,12750.0,16250.0,14200.0,60400.0,56650.0,64150.0,101650.0,75000.0,128350.0,37600.0,37600.0,128750.0,135000.0,122500.0,14750.0,15150.0,14350.0,14950.0,14850.0,15000.0,15000.0,24350.0,24350.0
2021-03-08,43850.0,43850.0,35850.0,35850.0,13450.0,12150.0,11250.0,13950.0,12750.0,16250.0,14200.0,60000.0,58350.0,61650.0,101650.0,73350.0,130000.0,37500.0,37500.0,128750.0,135000.0,122500.0,14750.0,15150.0,14350.0,15000.0,15000.0,15000.0,15000.0,24350.0,24350.0
2021-03-09,43850.0,43850.0,35850.0,35850.0,13450.0,12150.0,11250.0,13950.0,12750.0,16250.0,14200.0,60000.0,58350.0,61650.0,101650.0,73350.0,130000.0,37500.0,37500.0,128750.0,135000.0,122500.0,14750.0,15150.0,14350.0,15000.0,15000.0,15000.0,15000.0,24350.0,24350.0
2021-03-10,43850.0,43850.0,35850.0,35850.0,13450.0,12150.0,11250.0,13950.0,12750.0,16250.0,14200.0,60000.0,58350.0,61650.0,100850.0,71650.0,130000.0,37500.0,37500.0,128750.0,135000.0,122500.0,14750.0,15150.0,14350.0,15000.0,15000.0,15000.0,15000.0,24500.0,24500.0
2021-03-11,,,,,,,,,,,,,,,,,,,,,,,,,,,,,,,
2021-03-12,43850.0,43850.0,35850.0,35850.0,13400.0,12150.0,11250.0,13950.0,12750.0,16100.0,14200.0,58750.0,58350.0,59150.0,97500.0,66650.0,128350.0,37150.0,37150.0,128750.0,135000.0,122500.0,14750.0,15150.0,14350.0,15000.0,15000.0,15000.0,15000.0,24350.0,24350.0
2021-03-15,42150.0,42150.0,35850.0,35850.0,13400.0,12150.0,11250.0,13950.0,12750.0,16100.0,14200.0,59600.0,57500.0,61650.0,98750.0,64150.0,133350.0,37650.0,37650.0,126650.0,133350.0,120000.0,14750.0,15150.0,14350.0,15000.0,15000.0,15000.0,15000.0,24000.0,24000.0
2021-03-16,41650.0,41650.0,35850.0,35850.0,13400.0,12150.0,11250.0,13950.0,12750.0,16100.0,14200.0,57900.0,55850.0,60000.0,98750.0,64150.0,133350.0,37650.0,37650.0,126650.0,133350.0,120000.0,14750.0,15150.0,14350.0,15000.0,15000.0,15000.0,15000.0,23650.0,23650.0
2021-03-17,41650.0,41650.0,35850.0,35850.0,13400.0,12150.0,11250.0,13950.0,12750.0,16100.0,14200.0,57900.0,55850.0,60000.0,98350.0,63350.0,133350.0,37850.0,37850.0,126650.0,133350.0,120000.0,14750.0,15150.0,14350.0,15400.0,15150.0,15500.0,15500.0,23500.0,23500.0
2021-03-18,41650.0,41650.0,35850.0,35850.0,13400.0,12150.0,11250.0,13950.0,12750.0,16100.0,14200.0,57900.0,55850.0,60000.0,98350.0,63350.0,133350.0,37850.0,37850.0,126650.0,133350.0,120000.0,14750.0,15150.0,14350.0,15400.0,15150.0,15500.0,15500.0,23350.0,23350.0
2021-03-19,41650.0,41650.0,35850.0,35850.0,13400.0,12100.0,11250.0,13950.0,12750.0,16100.0,14200.0,57900.0,55850.0,60000.0,99150.0,63350.0,135000.0,37650.0,37650.0,126650.0,133350.0,120000.0,14750.0,15150.0,14350.0,15400.0,15150.0,15500.0,15500.0,23150.0,23150.0
2021-03-22,40850.0,40850.0,35850.0,35850.0,13400.0,12100.0,11250.0,13950.0,12750.0,16100.0,14200.0,56650.0,53350.0,60000.0,93350.0,61650.0,125000.0,36850.0,36850.0,126650.0,133350.0,120000.0,14750.0,15150.0,14350.0,15400.0,15150.0,15500.0,15500.0,23000.0,23000.0
2021-03-23,40000.0,40000.0,35850.0,35850.0,13400.0,12100.0,11250.0,13950.0,12750.0,16100.0,14200.0,56650.0,53350.0,60000.0,93350.0,61650.0,125000.0,36900.0,36900.0,126650.0,133350.0,120000.0,14750.0,15150.0,14350.0,15400.0,15150.0,15500.0,15500.0,23000.0,23000.0
2021-03-24,39150.0,39150.0,35850.0,35850.0,13400.0,12100.0,11250.0,13950.0,12750.0,16100.0,14200.0,56650.0,53350.0,60000.0,93350.0,61650.0,125000.0,36900.0,36900.0,126650.0,133350.0,120000.0,14750.0,15150.0,14350.0,15400.0,15150.0,15500.0,15500.0,23000.0,23000.0
2021-03-25,39150.0,39150.0,35850.0,35850.0,13400.0,12100.0,11250.0,13950.0,12750.0,16100.0,14200.0,56650.0,53350.0,60000.0,93350.0,61650.0,125000.0,37400.0,37400.0,126650.0,133350.0,120000.0,14750.0,15150.0,14350.0,15400.0,15150.0,15500.0,15500.0,23000.0,23000.0
2021-03-26,39150.0,39150.0,35850.0,35850.0,13400.0,12100.0,11250.0,13950.0,12750.0,16100.0,14200.0,59600.0,57500.0,61650.0,94150.0,63350.0,125000.0,37400.0,37400.0,126650.0,133350.0,120000.0,14750.0,15150.0,14350.0,15400.0,15150.0,15500.0,15500.0,22850.0,22850.0
2021-03-29,38350.0,38350.0,35850.0,35850.0,13400.0,12100.0,11250.0,13950.0,12750.0,16100.0,14200.0,57500.0,55850.0,59150.0,90850.0,63350.0,118350.0,37500.0,37500.0,126650.0,133350.0,120000.0,14750.0,15150.0,14350.0,15400.0,15150.0,15500.0,15500.0,22150.0,22150.0
2021-03-30,38350.0,38350.0,35850.0,35850.0,13400.0,12100.0,11250.0,13950.0,12750.0,16100.0,14200.0,57500.0,55850.0,59150.0,88350.0,63350.0,113350.0,38100.0,38100.0,126650.0,133350.0,120000.0,14750.0,15150.0,14350.0,15400.0,15150.0,15500.0,15500.0,22000.0,22000.0
2021-03-31,38350.0,38350.0,35850.0,35850.0,13350.0,12100.0,11200.0,13900.0,12750.0,16050.0,14150.0,57500.0,56650.0,58350.0,84150.0,65000.0,103350.0,38100.0,38100.0,126650.0,133350.0,120000.0,14600.0,15000.0,14150.0,15550.0,15350.0,15850.0,15500.0,21650.0,21650.0
2021-04-01,38350.0,38350.0,35850.0,35850.0,13350.0,12100.0,11200.0,13900.0,12750.0,16050.0,14150.0,58350.0,58350.0,58350.0,84150.0,65000.0,103350.0,38500.0,38500.0,126650.0,133350.0,120000.0,14600.0,15000.0,14150.0,15550.0,15350.0,15850.0,15500.0,21650.0,21650.0
2021-04-02,,,,,,,,,,,,,,,,,,,,,,,,,,,,,,,
2021-04-05,36650.0,36650.0,35000.0,35000.0,13350.0,12100.0,11200.0,13900.0,12750.0,16050.0,14150.0,59150.0,61650.0,56650.0,77500.0,60000.0,95000.0,39250.0,39250.0,126650.0,133350.0,120000.0,14600.0,15000.0,14150.0,15550.0,15350.0,15850.0,15500.0,22400.0,22400.0
2021-04-06,36650.0,36650.0,35000.0,35000.0,13350.0,12100.0,11200.0,13900.0,12750.0,16050.0,14150.0,59150.0,61650.0,56650.0,76650.0,60000.0,93350.0,39250.0,39250.0,126650.0,133350.0,120000.0,14600.0,15000.0,14150.0,15550.0,15350.0,15850.0,15500.0,22400.0,22400.0
2021-04-07,36650.0,36650.0,35850.0,35850.0,13350.0,12100.0,11200.0,13900.0,12750.0,16050.0,14150.0,59150.0,63350.0,55000.0,73350.0,60000.0,86650.0,40600.0,40600.0,126650.0,133350.0,120000.0,14600.0,15000.0,14150.0,15550.0,15350.0,15850.0,15500.0,23500.0,23500.0
2021-04-08,36650.0,36650.0,35850.0,35850.0,13350.0,12100.0,11200.0,13900.0,12750.0,16050.0,14150.0,61650.0,65000.0,58350.0,72500.0,60000.0,85000.0,40850.0,40850.0,126650.0,133350.0,120000.0,14600.0,15000.0,14150.0,15550.0,15350.0,15850.0,15500.0,24000.0,24000.0
2021-04-09,36650.0,36650.0,35850.0,35850.0,13350.0,12100.0,11200.0,13900.0,12750.0,16050.0,14150.0,60850.0,63350.0,58350.0,72500.0,60000.0,85000.0,41250.0,41250.0,126650.0,133350.0,120000.0,14600.0,15000.0,14150.0,15550.0,15350.0,15850.0,15500.0,24000.0,24000.0
2021-04-12,40000.0,40000.0,37500.0,37500.0,13350.0,12100.0,11200.0,13900.0,12750.0,16050.0,14150.0,59150.0,65000.0,53350.0,66650.0,53350.0,80000.0,42100.0,42100.0,134150.0,140850.0,127500.0,14600.0,15000.0,14150.0,15550.0,15350.0,15850.0,15500.0,24850.0,24850.0
2021-04-13,39150.0,39150.0,37500.0,37500.0,13350.0,12100.0,11200.0,13900.0,12750.0,16050.0,14150.0,59150.0,65000.0,53350.0,65850.0,53350.0,78350.0,42100.0,42100.0,134150.0,140850.0,127500.0,14600.0,15000.0,14150.0,15550.0,15350.0,15850.0,15500.0,25650.0,25650.0
2021-04-14,40000.0,40000.0,37500.0,37500.0,13450.0,12100.0,11200.0,14050.0,12850.0,16200.0,14150.0,59150.0,65000.0,53350.0,65850.0,53350.0,78350.0,42100.0,42100.0,137100.0,143350.0,130850.0,14400.0,14850.0,14000.0,15250.0,15100.0,15500.0,15150.0,25650.0,25650.0
2021-04-15,40000.0,40000.0,37500.0,37500.0,13450.0,12100.0,11200.0,14050.0,12850.0,16200.0,14150.0,65000.0,70000.0,60000.0,68350.0,55000.0,81650.0,42000.0,42000.0,137100.0,143350.0,130850.0,14400.0,14850.0,14000.0,15250.0,15100.0,15500.0,15150.0,25650.0,25650.0
2021-04-16,40000.0,40000.0,37500.0,37500.0,13450.0,12100.0,11200.0,14050.0,12850.0,16200.0,14150.0,66650.0,71650.0,61650.0,68350.0,55000.0,81650.0,41650.0,41650.0,137100.0,143350.0,130850.0,14400.0,14850.0,14000.0,15250.0,15100.0,15500.0,15150.0,25650.0,25650.0
2021-04-19,40000.0,40000.0,38350.0,38350.0,13450.0,12100.0,11200.0,14050.0,12850.0,16200.0,14150.0,60850.0,66650.0,55000.0,61650.0,53350.0,70000.0,41500.0,41500.0,137100.0,143350.0,130850.0,14400.0,14850.0,14000.0,15250.0,15100.0,15500.0,15150.0,25500.0,25500.0
2021-04-20,39150.0,39150.0,37500.0,37500.0,13450.0,12100.0,11200.0,14050.0,12850.0,16200.0,14150.0,60850.0,66650.0,55000.0,60850.0,53350.0,68350.0,40350.0,40350.0,137100.0,143350.0,130850.0,14400.0,14850.0,14000.0,15250.0,15100.0,15500.0,15150.0,25500.0,25500.0
2021-04-21,39150.0,39150.0,37500.0,37500.0,13450.0,12100.0,11200.0,14050.0,12850.0,16200.0,14150.0,60850.0,66650.0,55000.0,60850.0,53350.0,68350.0,39600.0,39600.0,136650.0,143350.0,130000.0,14400.0,14850.0,14000.0,15400.0,15150.0,15650.0,15350.0,25500.0,25500.0
2021-04-22,37500.0,37500.0,37500.0,37500.0,13450.0,12100.0,11200.0,14050.0,12850.0,16200.0,14150.0,58350.0,63350.0,53350.0,57500.0,50000.0,65000.0,38900.0,38900.0,136650.0,143350.0,130000.0,14400.0,14850.0,14000.0,15400.0,15150.0,15650.0,15350.0,25350.0,25350.0
2021-04-23,37500.0,37500.0,37500.0,37500.0,13450.0,12100.0,11200.0,14050.0,12850.0,16200.0,14150.0,58350.0,63350.0,53350.0,57500.0,50000.0,65000.0,38750.0,38750.0,136650.0,143350.0,130000.0,14400.0,14850.0,14000.0,15400.0,15150.0,15650.0,15350.0,25000.0,25000.0
2021-04-26,36350.0,36350.0,37500.0,37500.0,13450.0,12100.0,11200.0,14050.0,12850.0,16200.0,14150.0,52100.0,60000.0,44150.0,53350.0,45000.0,61650.0,37600.0,37600.0,136650.0,143350.0,130000.0,14400.0,14850.0,14000.0,15400.0,15150.0,15650.0,15350.0,24150.0,24150.0
2021-04-27,36350.0,36350.0,37500.0,37500.0,13450.0,12100.0,11200.0,14050.0,12850.0,16200.0,14150.0,52100.0,60000.0,44150.0,53350.0,45000.0,61650.0,37500.0,37500.0,136650.0,143350.0,130000.0,14400.0,14850.0,14000.0,15400.0,15150.0,15650.0,15350.0,24150.0,24150.0
2021-04-28,36350.0,36350.0,37500.0,37500.0,13450.0,12100.0,11200.0,14050.0,12850.0,16200.0,14150.0,50850.0,58350.0,43350.0,55000.0,45000.0,65000.0,37400.0,37400.0,136650.0,143350.0,130000.0,14400.0,14850.0,14000.0,15400.0,15150.0,15650.0,15350.0,24150.0,24150.0
2021-04-29,36350.0,36350.0,37500.0,37500.0,13400.0,12050.0,11150.0,14000.0,12800.0,16200.0,14150.0,50850.0,59450.0,42200.0,55000.0,45000.0,65000.0,37850.0,37850.0,136650.0,143350.0,130000.0,14400.0,14850.0,14000.0,15400.0,15150.0,15650.0,15350.0,24150.0,24150.0
2021-04-30,36350.0,36350.0,35850.0,35850.0,13400.0,12050.0,11150.0,14000.0,12800.0,16200.0,14150.0,50850.0,60000.0,41650.0,54150.0,45000.0,63350.0,39100.0,39100.0,136650.0,143350.0,130000.0,14400.0,14850.0,14000.0,15400.0,15150.0,15650.0,15350.0,23850.0,23850.0
2021-05-03,37150.0,37150.0,35850.0,35850.0,13400.0,12050.0,11150.0,14000.0,12800.0,16200.0,14150.0,55000.0,63350.0,46650.0,55000.0,45000.0,65000.0,39650.0,39650.0,140000.0,146650.0,133350.0,14400.0,14850.0,14000.0,15400.0,15150.0,15650.0,15350.0,23850.0,23850.0
2021-05-04,36350.0,36350.0,35850.0,35850.0,13400.0,12050.0,11150.0,14000.0,12800.0,16200.0,14150.0,55000.0,63350.0,46650.0,60850.0,45000.0,76650.0,39650.0,39650.0,141650.0,148350.0,135000.0,14400.0,14850.0,14000.0,15400.0,15150.0,15650.0,15350.0,23850.0,23850.0
2021-05-05,36350.0,36350.0,35850.0,35850.0,13400.0,12050.0,11150.0,14000.0,12800.0,16200.0,14150.0,55000.0,63350.0,46650.0,60850.0,45000.0,76650.0,39750.0,39750.0,141650.0,148350.0,135000.0,14400.0,14850.0,14000.0,15400.0,15150.0,15650.0,15350.0,23850.0,23850.0
2021-05-06,36350.0,36350.0,35850.0,35850.0,13400.0,12050.0,11150.0,14000.0,12800.0,16200.0,14150.0,55000.0,63350.0,46650.0,60000.0,45000.0,75000.0,40250.0,40250.0,146650.0,153350.0,140000.0,14400.0,14850.0,14000.0,15400.0,15150.0,15650.0,15350.0,23500.0,23500.0
2021-05-07,36350.0,36350.0,35850.0,35850.0,13400.0,12050.0,11150.0,14000.0,12800.0,16200.0,14150.0,55850.0,63350.0,48350.0,60000.0,45000.0,75000.0,40250.0,40250.0,146650.0,153350.0,140000.0,14400.0,14850.0,14000.0,15400.0,15150.0,15650.0,15350.0,23500.0,23500.0
2021-05-10,40850.0,40850.0,36650.0,36650.0,13400.0,12050.0,11150.0,14000.0,12800.0,16200.0,14150.0,65000.0,73350.0,56650.0,62500.0,45000.0,80000.0,40600.0,40600.0,150000.0,155000.0,145000.0,14400.0,14850.0,14000.0,15450.0,15350.0,15650.0,15350.0,23350.0,23350.0
2021-05-11,41650.0,41650.0,38350.0,38350.0,13400.0,12050.0,11150.0,14000.0,12800.0,16200.0,14150.0,68750.0,80000.0,57500.0,63750.0,47500.0,80000.0,40900.0,40900.0,153350.0,158350.0,148350.0,14400.0,14850.0,14000.0,15600.0,15850.0,15650.0,15350.0,23350.0,23350.0
2021-05-12,,,,,,,,,,,,,,,,,,,,,,,,,,,,,,,
2021-05-13,,,,,,,,,,,,,,,,,,,,,,,,,,,,,,,
2021-05-14,,,,,,,,,,,,,,,,,,,,,,,,,,,,,,,
2021-05-17,37500.0,37500.0,35850.0,35850.0,13400.0,12050.0,11150.0,14000.0,12800.0,16200.0,14150.0,50850.0,61650.0,40000.0,49600.0,36650.0,62500.0,40650.0,40650.0,150000.0,155000.0,145000.0,14400.0,14850.0,14000.0,15600.0,15850.0,15650.0,15350.0,23850.0,23850.0
2021-05-18,37500.0,37500.0,35850.0,35850.0,13400.0,12050.0,11150.0,14000.0,12800.0,16200.0,14150.0,50850.0,60000.0,41650.0,49600.0,36650.0,62500.0,40500.0,40500.0,148350.0,153350.0,143350.0,14400.0,14850.0,14000.0,15600.0,15850.0,15650.0,15350.0,23900.0,23900.0
2021-05-19,37500.0,37500.0,35850.0,35850.0,13400.0,12050.0,11150.0,14000.0,12800.0,16200.0,14150.0,50850.0,60000.0,41650.0,49600.0,36650.0,62500.0,40000.0,40000.0,148350.0,153350.0,143350.0,14400.0,14850.0,14000.0,15600.0,15850.0,15650.0,15350.0,24100.0,24100.0
2021-05-20,37500.0,37500.0,35850.0,35850.0,13400.0,12050.0,11150.0,14000.0,12800.0,16200.0,14150.0,50000.0,60000.0,40000.0,49600.0,36650.0,62500.0,39000.0,39000.0,148350.0,153350.0,143350.0,14400.0,14850.0,14000.0,15900.0,16000.0,16000.0,15650.0,24250.0,24250.0
2021-05-21,37500.0,37500.0,35850.0,35850.0,13400.0,12050.0,11150.0,14000.0,12800.0,16200.0,14150.0,50000.0,60000.0,40000.0,49600.0,36650.0,62500.0,38850.0,38850.0,148350.0,153350.0,143350.0,14400.0,14850.0,14000.0,16050.0,16150.0,16000.0,16000.0,24250.0,24250.0
2021-05-24,35000.0,35000.0,35850.0,35850.0,13400.0,12050.0,11150.0,14000.0,12800.0,16200.0,14150.0,41250.0,48350.0,34150.0,42500.0,31650.0,53350.0,38150.0,38150.0,148350.0,153350.0,143350.0,14400.0,14850.0,14000.0,16050.0,16150.0,16000.0,16000.0,24350.0,24350.0
2021-05-25,34150.0,34150.0,35850.0,35850.0,13400.0,12050.0,11150.0,14000.0,12800.0,16200.0,14150.0,41250.0,48350.0,34150.0,41650.0,31650.0,51650.0,38350.0,38350.0,148350.0,153350.0,143350.0,14400.0,14850.0,14000.0,16050.0,16150.0,16000.0,16000.0,24350.0,24350.0
2021-05-26,,,,,,,,,,,,,,,,,,,,,,,,,,,,,,,
2021-05-27,34150.0,34150.0,35850.0,35850.0,13400.0,12050.0,11150.0,14000.0,12800.0,16200.0,14150.0,37900.0,43350.0,32500.0,40400.0,30000.0,50850.0,38150.0,38150.0,148350.0,153350.0,143350.0,14400.0,14850.0,14000.0,16050.0,16150.0,16000.0,16000.0,24350.0,24350.0
2021-05-28,34150.0,34150.0,35850.0,35850.0,13400.0,12050.0,11150.0,14000.0,12800.0,16200.0,14150.0,37900.0,41650.0,34150.0,39150.0,29150.0,49150.0,38150.0,38150.0,148350.0,153350.0,143350.0,14400.0,14850.0,14000.0,16050.0,16150.0,16000.0,16000.0,24350.0,24350.0
2021-05-31,35000.0,35000.0,35000.0,35000.0,13400.0,12050.0,11150.0,14000.0,12800.0,16200.0,14150.0,35400.0,38350.0,32500.0,38750.0,30000.0,47500.0,37350.0,37350.0,148350.0,153350.0,143350.0,14400.0,14850.0,14000.0,16050.0,16150.0,16000.0,16000.0,25350.0,25350.0
2021-06-01,,,,,,,,,,,,,,,,,,,,,,,,,,,,,,,
2021-06-02,35000.0,35000.0,34500.0,34500.0,13400.0,12050.0,11150.0,14000.0,12800.0,16200.0,14150.0,35400.0,38350.0,32500.0,39150.0,30850.0,47500.0,37350.0,37350.0,148350.0,153350.0,143350.0,14400.0,14850.0,14000.0,16050.0,16150.0,16000.0,16000.0,25350.0,25350.0
2021-06-03,35000.0,35000.0,34500.0,34500.0,13400.0,12050.0,11150.0,14000.0,12800.0,16200.0,14150.0,35400.0,38350.0,32500.0,39600.0,31650.0,47500.0,36900.0,36900.0,148350.0,153350.0,143350.0,14400.0,14850.0,14000.0,16000.0,16000.0,16000.0,16000.0,25350.0,25350.0
2021-06-04,35000.0,35000.0,34500.0,34500.0,13400.0,12050.0,11150.0,14000.0,12800.0,16200.0,14150.0,35400.0,38350.0,32500.0,40000.0,32500.0,47500.0,36900.0,36900.0,148350.0,153350.0,143350.0,14400.0,14850.0,14000.0,16000.0,16000.0,16000.0,16000.0,25350.0,25350.0
2021-06-07,35000.0,35000.0,34500.0,34500.0,13400.0,12050.0,11150.0,14000.0,12800.0,16200.0,14150.0,34600.0,38350.0,30850.0,38350.0,30850.0,45850.0,36900.0,36900.0,145000.0,150000.0,140000.0,14500.0,14850.0,14150.0,16000.0,16000.0,16000.0,16000.0,25600.0,25600.0
2021-06-08,35000.0,35000.0,34500.0,34500.0,13400.0,12050.0,11150.0,14000.0,12800.0,16200.0,14150.0,34600.0,38350.0,30850.0,37900.0,31650.0,44150.0,37000.0,37000.0,140000.0,145000.0,135000.0,14500.0,14850.0,14150.0,16000.0,16000.0,16000.0,16000.0,25400.0,25400.0
2021-06-09,35000.0,35000.0,34500.0,34500.0,13400.0,12050.0,11150.0,14000.0,12800.0,16200.0,14150.0,34600.0,38350.0,30850.0,37900.0,31650.0,44150.0,37150.0,37150.0,138350.0,143350.0,133350.0,14500.0,14850.0,14150.0,16000.0,16000.0,16000.0,16000.0,25400.0,25400.0
2021-06-10,35000.0,35000.0,34500.0,34500.0,13400.0,12050.0,11150.0,14000.0,12800.0,16200.0,14150.0,34600.0,38350.0,30850.0,37900.0,31650.0,44150.0,37650.0,37650.0,138350.0,143350.0,133350.0,14500.0,14850.0,14150.0,16000.0,16000.0,16000.0,16000.0,25400.0,25400.0
2021-06-11,35000.0,35000.0,34500.0,34500.0,13400.0,12050.0,11150.0,14000.0,12800.0,16200.0,14150.0,34600.0,38350.0,30850.0,37900.0,31650.0,44150.0,38150.0,38150.0,138350.0,143350.0,133350.0,14500.0,14850.0,14150.0,16000.0,16000.0,16000.0,16000.0,25150.0,25150.0
2021-06-14,35000.0,35000.0,34500.0,34500.0,13400.0,12050.0,11150.0,14000.0,12800.0,16200.0,14150.0,34600.0,38350.0,30850.0,37900.0,32500.0,43350.0,38000.0,38000.0,138350.0,143350.0,133350.0,14500.0,14850.0,14150.0,16000.0,16000.0,16000.0,16000.0,25150.0,25150.0
2021-06-15,35850.0,35850.0,34500.0,34500.0,13400.0,12050.0,11150.0,14000.0,12800.0,16200.0,14150.0,34800.0,38750.0,30850.0,36650.0,32500.0,40850.0,38000.0,38000.0,138350.0,143350.0,133350.0,14500.0,14850.0,14150.0,16000.0,16000.0,16000.0,16000.0,25350.0,25350.0
2021-06-16,35850.0,35850.0,34500.0,34500.0,13400.0,12050.0,11150.0,14000.0,12800.0,16200.0,14150.0,32450.0,37400.0,27500.0,36250.0,32500.0,40000.0,37900.0,37900.0,138350.0,143350.0,133350.0,14500.0,14850.0,14150.0,16000.0,16000.0,16000.0,16000.0,25350.0,25350.0
2021-06-17,35850.0,35850.0,34500.0,34500.0,13400.0,12050.0,11150.0,14000.0,12800.0,16200.0,14150.0,31650.0,35750.0,27500.0,36650.0,32500.0,40850.0,37500.0,37500.0,138350.0,143350.0,133350.0,14500.0,14850.0,14150.0,16000.0,16000.0,16000.0,16000.0,25350.0,25350.0
2021-06-18,35850.0,35850.0,34500.0,34500.0,13400.0,12050.0,11150.0,14000.0,12800.0,16200.0,14150.0,31650.0,35750.0,27500.0,40400.0,33350.0,47500.0,37350.0,37350.0,138350.0,143350.0,133350.0,14500.0,14850.0,14150.0,16000.0,16000.0,16000.0,16000.0,25350.0,25350.0
2021-06-21,35000.0,35000.0,34500.0,34500.0,13400.0,12050.0,11150.0,13950.0,12800.0,16200.0,14150.0,33100.0,38650.0,27500.0,44150.0,37500.0,50850.0,37100.0,37100.0,138350.0,143350.0,133350.0,14500.0,14850.0,14150.0,16000.0,16000.0,16000.0,16000.0,25150.0,25150.0
2021-06-22,35000.0,35000.0,34500.0,34500.0,13400.0,12050.0,11150.0,13950.0,12800.0,16200.0,14150.0,33100.0,38650.0,27500.0,45000.0,38350.0,51650.0,37100.0,37100.0,138350.0,143350.0,133350.0,14500.0,14850.0,14150.0,16000.0,16000.0,16000.0,16000.0,25150.0,25150.0
2021-06-23,35000.0,35000.0,34500.0,34500.0,13400.0,12050.0,11150.0,13950.0,12800.0,16200.0,14150.0,33100.0,38650.0,27500.0,45400.0,39150.0,51650.0,36850.0,36850.0,138350.0,143350.0,133350.0,14500.0,14850.0,14150.0,16000.0,16000.0,16000.0,16000.0,25150.0,25150.0
2021-06-24,35850.0,35850.0,34500.0,34500.0,13400.0,12050.0,11150.0,13950.0,12800.0,16200.0,14150.0,33500.0,37000.0,30000.0,48750.0,40000.0,57500.0,36100.0,36100.0,138350.0,143350.0,133350.0,14500.0,14850.0,14150.0,16000.0,16000.0,16000.0,16000.0,24650.0,24650.0
2021-06-25,35850.0,35850.0,34500.0,34500.0,13400.0,12050.0,11150.0,13950.0,12800.0,16200.0,14150.0,33500.0,37000.0,30000.0,49600.0,40000.0,59150.0,36100.0,36100.0,138350.0,143350.0,133350.0,14500.0,14850.0,14150.0,16000.0,16000.0,16000.0,16000.0,24650.0,24650.0
2021-06-28,35850.0,35850.0,34500.0,34500.0,13400.0,12050.0,11150.0,13950.0,12800.0,16200.0,14150.0,32650.0,35350.0,30000.0,50000.0,40000.0,60000.0,35100.0,35100.0,138350.0,143350.0,133350.0,14500.0,14850.0,14150.0,15950.0,15850.0,16000.0,16000.0,24350.0,24350.0
2021-06-29,35850.0,35850.0,34500.0,34500.0,13350.0,12000.0,11100.0,13850.0,12750.0,16200.0,14150.0,33350.0,36650.0,30000.0,50000.0,40000.0,60000.0,34900.0,34900.0,138350.0,143350.0,133350.0,14500.0,14850.0,14150.0,15850.0,15500.0,16000.0,16000.0,24150.0,24150.0
2021-06-30,35850.0,35850.0,34500.0,34500.0,13350.0,12000.0,11100.0,13850.0,12750.0,16200.0,14150.0,33750.0,36650.0,30850.0,50000.0,40000.0,60000.0,34900.0,34900.0,138350.0,143350.0,133350.0,14500.0,14850.0,14150.0,15850.0,15500.0,16000.0,16000.0,24150.0,24150.0
2021-07-01,35850.0,35850.0,34500.0,34500.0,13350.0,12000.0,11100.0,13850.0,12750.0,16200.0,14150.0,33750.0,36650.0,30850.0,50000.0,40000.0,60000.0,34900.0,34900.0,138350.0,143350.0,133350.0,14500.0,14850.0,14150.0,15850.0,15500.0,16000.0,16000.0,24150.0,24150.0
2021-07-02,35850.0,35850.0,34500.0,34500.0,13350.0,12000.0,11100.0,13850.0,12750.0,16200.0,14150.0,32900.0,35000.0,30850.0,50000.0,40000.0,60000.0,34400.0,34400.0,138350.0,143350.0,133350.0,14500.0,14850.0,14150.0,15850.0,15500.0,16000.0,16000.0,24150.0,24150.0
2021-07-05,36350.0,36350.0,34500.0,34500.0,13350.0,12000.0,11100.0,13850.0,12750.0,16200.0,14150.0,32500.0,34150.0,30850.0,50400.0,39150.0,61650.0,34750.0,34750.0,138350.0,143350.0,133350.0,14500.0,14850.0,14150.0,15850.0,15500.0,16000.0,16000.0,23850.0,23850.0
2021-07-06,36350.0,36350.0,34500.0,34500.0,13350.0,12000.0,11100.0,13850.0,12750.0,16200.0,14150.0,32500.0,34150.0,30850.0,57500.0,39150.0,75850.0,34750.0,34750.0,138350.0,143350.0,133350.0,14500.0,14850.0,14150.0,15850.0,15500.0,16000.0,16000.0,23650.0,23650.0
2021-07-07,37150.0,37150.0,34500.0,34500.0,13350.0,12000.0,11100.0,13850.0,12750.0,16200.0,14150.0,32100.0,33350.0,30850.0,58350.0,39150.0,77500.0,34500.0,34500.0,138350.0,143350.0,133350.0,14500.0,14850.0,14150.0,15850.0,15500.0,16000.0,16000.0,23650.0,23650.0
2021-07-08,37150.0,37150.0,34500.0,34500.0,13350.0,12000.0,11100.0,13850.0,12750.0,16200.0,14150.0,32100.0,33350.0,30850.0,58350.0,39150.0,77500.0,34500.0,34500.0,138350.0,143350.0,133350.0,14500.0,14850.0,14150.0,15850.0,15500.0,16000.0,16000.0,23500.0,23500.0
2021-07-09,37150.0,37150.0,34500.0,34500.0,13350.0,12000.0,11100.0,13850.0,12750.0,16200.0,14150.0,32100.0,33350.0,30850.0,57900.0,39150.0,76650.0,34500.0,34500.0,138350.0,143350.0,133350.0,14500.0,14850.0,14150.0,15800.0,15350.0,16000.0,16000.0,23350.0,23350.0
2021-07-12,37500.0,37500.0,34500.0,34500.0,13350.0,12000.0,11100.0,13850.0,12750.0,16200.0,14150.0,32100.0,33350.0,30850.0,57100.0,39150.0,75000.0,34000.0,34000.0,138350.0,143350.0,133350.0,14500.0,14850.0,14150.0,15800.0,15350.0,16000.0,16000.0,23000.0,23000.0
2021-07-13,37500.0,37500.0,34500.0,34500.0,13300.0,11950.0,11050.0,13800.0,12700.0,16150.0,14100.0,31650.0,32500.0,30850.0,56250.0,39150.0,73350.0,33750.0,33750.0,138350.0,143350.0,133350.0,14500.0,14850.0,14150.0,15800.0,15350.0,16000.0,16000.0,23350.0,23350.0
2021-07-14,36650.0,36650.0,34500.0,34500.0,13300.0,11950.0,11050.0,13800.0,12700.0,16150.0,14100.0,32100.0,32500.0,31650.0,57100.0,39150.0,75000.0,33500.0,33500.0,138350.0,143350.0,133350.0,14500.0,14850.0,14150.0,15800.0,15350.0,16000.0,16000.0,23000.0,23000.0
2021-07-15,36650.0,36650.0,34500.0,34500.0,13250.0,11950.0,11050.0,13800.0,12700.0,16000.0,13950.0,32100.0,32500.0,31650.0,56250.0,39150.0,73350.0,33100.0,33100.0,138350.0,143350.0,133350.0,14500.0,14850.0,14150.0,15800.0,15350.0,16000.0,16000.0,23000.0,23000.0
2021-07-16,36650.0,36650.0,34500.0,34500.0,13250.0,11950.0,11050.0,13800.0,12700.0,16000.0,13950.0,32100.0,32500.0,31650.0,56250.0,39150.0,73350.0,32900.0,32900.0,138350.0,143350.0,133350.0,14500.0,14850.0,14150.0,15850.0,15500.0,16000.0,16000.0,23150.0,23150.0
2021-07-19,40000.0,40000.0,35350.0,35350.0,13250.0,11950.0,11050.0,13800.0,12700.0,16000.0,13950.0,37900.0,38350.0,37500.0,59600.0,40000.0,79150.0,33900.0,33900.0,138350.0,143350.0,133350.0,14500.0,14850.0,14150.0,15850.0,15500.0,16000.0,16000.0,24000.0,24000.0
2021-07-20,,,,,,,,,,,,,,,,,,,,,,,,,,,,,,,
2021-07-21,39150.0,39150.0,35350.0,35350.0,13250.0,11950.0,11050.0,13800.0,12700.0,16000.0,13950.0,37900.0,38350.0,37500.0,59600.0,40000.0,79150.0,33900.0,33900.0,138350.0,143350.0,133350.0,14500.0,14850.0,14150.0,15850.0,15500.0,16000.0,16000.0,24000.0,24000.0
2021-07-22,39150.0,39150.0,35350.0,35350.0,13250.0,11950.0,11050.0,13800.0,12700.0,16000.0,13950.0,37500.0,37500.0,37500.0,58750.0,38350.0,79150.0,33600.0,33600.0,138350.0,143350.0,133350.0,14500.0,14850.0,14150.0,15850.0,15500.0,16000.0,16000.0,24000.0,24000.0
2021-07-23,39150.0,39150.0,35350.0,35350.0,13250.0,11950.0,11050.0,13800.0,12700.0,16000.0,13950.0,37100.0,36650.0,37500.0,57100.0,37500.0,76650.0,33400.0,33400.0,138350.0,143350.0,133350.0,14500.0,14850.0,14150.0,15850.0,15500.0,16000.0,16000.0,24000.0,24000.0
2021-07-26,38350.0,38350.0,34500.0,34500.0,13250.0,11950.0,11050.0,13800.0,12700.0,16000.0,13950.0,34600.0,35850.0,33350.0,49600.0,34150.0,65000.0,32750.0,32750.0,138350.0,143350.0,133350.0,14650.0,15000.0,14350.0,15850.0,15500.0,16000.0,16000.0,24650.0,24650.0
2021-07-27,38350.0,38350.0,34500.0,34500.0,13250.0,11950.0,11050.0,13800.0,12700.0,16000.0,13950.0,34150.0,35850.0,32500.0,49150.0,33350.0,65000.0,31600.0,31600.0,138350.0,143350.0,133350.0,14650.0,15000.0,14350.0,15850.0,15500.0,16000.0,16000.0,24850.0,24850.0
2021-07-28,38350.0,38350.0,34000.0,34000.0,13250.0,11950.0,11050.0,13800.0,12700.0,16000.0,13950.0,34150.0,35850.0,32500.0,49150.0,33350.0,65000.0,31600.0,31600.0,138350.0,143350.0,133350.0,14650.0,15000.0,14350.0,15950.0,15850.0,16000.0,16000.0,25150.0,25150.0
2021-07-29,38350.0,38350.0,34000.0,34000.0,13250.0,11950.0,11050.0,13800.0,12700.0,16000.0,13950.0,34150.0,35850.0,32500.0,46650.0,33350.0,60000.0,31400.0,31400.0,138350.0,143350.0,133350.0,14650.0,15000.0,14350.0,16050.0,16150.0,16000.0,16000.0,25150.0,25150.0
2021-07-30,38350.0,38350.0,34000.0,34000.0,13250.0,11950.0,11050.0,13800.0,12700.0,16000.0,13950.0,33350.0,34150.0,32500.0,46250.0,32500.0,60000.0,31100.0,31100.0,138350.0,143350.0,133350.0,14650.0,15000.0,14350.0,16050.0,16150.0,16000.0,16000.0,25150.0,25150.0
2021-08-02,36350.0,36350.0,34000.0,34000.0,13250.0,11950.0,11050.0,13800.0,12700.0,16000.0,13950.0,31250.0,31650.0,30850.0,43350.0,32500.0,54150.0,32150.0,32150.0,138350.0,143350.0,133350.0,14650.0,15000.0,14350.0,16450.0,16650.0,16350.0,16350.0,25150.0,25150.0
2021-08-03,36350.0,36350.0,34000.0,34000.0,13250.0,11950.0,11050.0,13800.0,12700.0,16000.0,13950.0,31250.0,31650.0,30850.0,43350.0,32500.0,54150.0,32750.0,32750.0,138350.0,143350.0,133350.0,14650.0,15000.0,14350.0,16450.0,16650.0,16350.0,16350.0,25150.0,25150.0
2021-08-04,36350.0,36350.0,34000.0,34000.0,13250.0,11950.0,11050.0,13800.0,12700.0,16000.0,13950.0,31250.0,31650.0,30850.0,42900.0,31650.0,54150.0,35000.0,35000.0,138350.0,143350.0,133350.0,14650.0,15000.0,14350.0,16450.0,16650.0,16350.0,16350.0,25150.0,25150.0
2021-08-05,36350.0,36350.0,34000.0,34000.0,13250.0,11950.0,11050.0,13800.0,12700.0,16000.0,13950.0,31250.0,31650.0,30850.0,41650.0,29150.0,54150.0,35000.0,35000.0,138350.0,143350.0,133350.0,14650.0,15000.0,14350.0,16450.0,16650.0,16350.0,16350.0,25150.0,25150.0
2021-08-06,36350.0,36350.0,34000.0,34000.0,13250.0,11950.0,11050.0,13800.0,12700.0,16000.0,13950.0,31250.0,31650.0,30850.0,40000.0,28350.0,51650.0,35000.0,35000.0,138350.0,143350.0,133350.0,14650.0,15000.0,14350.0,16450.0,16650.0,16350.0,16350.0,25150.0,25150.0
2021-08-09,36350.0,36350.0,34000.0,34000.0,13250.0,11950.0,11050.0,13800.0,12700.0,16000.0,13950.0,31650.0,32500.0,30850.0,36650.0,27500.0,45850.0,34000.0,34000.0,138350.0,143350.0,133350.0,14650.0,15000.0,14350.0,16550.0,16900.0,16350.0,16350.0,24650.0,24650.0
2021-08-10,36350.0,36350.0,34000.0,34000.0,13250.0,11950.0,11050.0,13800.0,12700.0,16000.0,13950.0,31650.0,32500.0,30850.0,36650.0,27500.0,45850.0,35150.0,35150.0,138350.0,143350.0,133350.0,14650.0,15000.0,14350.0,16550.0,16900.0,16350.0,16350.0,24150.0,24150.0
2021-08-11,,,,,,,,,,,,,,,,,,,,,,,,,,,,,,,
2021-08-12,36350.0,36350.0,34000.0,34000.0,13250.0,11950.0,11050.0,13800.0,12700.0,16000.0,13950.0,31650.0,32500.0,30850.0,34600.0,27500.0,41650.0,35250.0,35250.0,138350.0,143350.0,133350.0,14650.0,15000.0,14350.0,16550.0,16900.0,16350.0,16350.0,24150.0,24150.0
2021-08-13,36350.0,36350.0,34000.0,34000.0,13250.0,11950.0,11050.0,13800.0,12700.0,16000.0,13950.0,31650.0,32500.0,30850.0,34600.0,27500.0,41650.0,35250.0,35250.0,138350.0,143350.0,133350.0,14650.0,15000.0,14350.0,16550.0,16900.0,16350.0,16350.0,24000.0,24000.0
2021-08-16,37150.0,37150.0,34850.0,34850.0,13250.0,11950.0,11050.0,13800.0,12700.0,16000.0,13950.0,32100.0,33350.0,30850.0,35000.0,28350.0,41650.0,36000.0,36000.0,138350.0,143350.0,133350.0,14650.0,15000.0,14350.0,16550.0,16900.0,16350.0,16350.0,23850.0,23850.0
2021-08-17,,,,,,,,,,,,,,,,,,,,,,,,,,,,,,,
2021-08-18,36350.0,36350.0,34000.0,34000.0,13250.0,11950.0,11050.0,13800.0,12700.0,16000.0,13950.0,32500.0,35000.0,30000.0,34150.0,27500.0,40850.0,36000.0,36000.0,138350.0,143350.0,133350.0,14650.0,15000.0,14350.0,16600.0,17100.0,16350.0,16400.0,23500.0,23500.0
2021-08-19,36350.0,36350.0,34000.0,34000.0,13250.0,11950.0,11050.0,13800.0,12700.0,16000.0,13950.0,32500.0,35000.0,30000.0,34150.0,27500.0,40850.0,35100.0,35100.0,138350.0,143350.0,133350.0,14650.0,15000.0,14350.0,16600.0,17100.0,16350.0,16400.0,23350.0,23350.0
2021-08-20,36350.0,36350.0,34000.0,34000.0,13250.0,11950.0,11050.0,13800.0,12650.0,16000.0,13950.0,32500.0,35000.0,30000.0,33350.0,27500.0,39150.0,34750.0,34750.0,138350.0,143350.0,133350.0,14650.0,15000.0,14350.0,16600.0,17100.0,16350.0,16400.0,23350.0,23350.0
2021-08-23,34150.0,34150.0,34000.0,34000.0,13250.0,11950.0,11050.0,13800.0,12650.0,16000.0,13950.0,30400.0,32500.0,28350.0,30000.0,26650.0,33350.0,35250.0,35250.0,138350.0,143350.0,133350.0,14650.0,15000.0,14350.0,16600.0,17100.0,16350.0,16400.0,22850.0,22850.0
2021-08-24,34150.0,34150.0,34000.0,34000.0,13250.0,11950.0,11050.0,13800.0,12650.0,16000.0,13950.0,30000.0,32500.0,27500.0,30000.0,26650.0,33350.0,35250.0,35250.0,138350.0,143350.0,133350.0,14650.0,15000.0,14350.0,16650.0,17250.0,16350.0,16400.0,22500.0,22500.0
2021-08-25,34150.0,34150.0,34000.0,34000.0,13250.0,11950.0,11050.0,13800.0,12650.0,16000.0,13950.0,29150.0,30850.0,27500.0,29600.0,26650.0,32500.0,35850.0,35850.0,138350.0,143350.0,133350.0,14600.0,15000.0,14150.0,16650.0,17250.0,16350.0,16400.0,22500.0,22500.0
2021-08-26,34150.0,34150.0,34000.0,34000.0,13250.0,11950.0,11050.0,13800.0,12650.0,16000.0,13950.0,29150.0,30850.0,27500.0,29150.0,25850.0,32500.0,36350.0,36350.0,138350.0,143350.0,133350.0,14600.0,15000.0,14150.0,16650.0,17250.0,16350.0,16400.0,22500.0,22500.0
2021-08-27,34150.0,34150.0,34000.0,34000.0,13250.0,11950.0,11050.0,13800.0,12650.0,16000.0,13950.0,29150.0,30850.0,27500.0,29150.0,25850.0,32500.0,36150.0,36150.0,138350.0,143350.0,133350.0,14600.0,15000.0,14150.0,16650.0,17250.0,16350.0,16400.0,22350.0,22350.0
2021-08-30,32850.0,32850.0,34000.0,34000.0,13250.0,11950.0,11050.0,13800.0,12650.0,16000.0,13950.0,28350.0,30000.0,26650.0,28350.0,25850.0,30850.0,35750.0,35750.0,138350.0,143350.0,133350.0,14600.0,15000.0,14150.0,16650.0,17250.0,16350.0,16400.0,22000.0,22000.0
2021-08-31,32850.0,32850.0,34000.0,34000.0,13250.0,11950.0,11050.0,13800.0,12650.0,16000.0,13950.0,28350.0,30000.0,26650.0,27900.0,25000.0,30850.0,35500.0,35500.0,138350.0,143350.0,133350.0,14600.0,15000.0,14150.0,16650.0,17250.0,16350.0,16400.0,22000.0,22000.0
2021-09-01,32850.0,32850.0,34000.0,34000.0,13250.0,11950.0,11050.0,13800.0,12650.0,16000.0,13950.0,28350.0,30000.0,26650.0,27900.0,25000.0,30850.0,35650.0,35650.0,138350.0,143350.0,133350.0,14600.0,15000.0,14150.0,16650.0,17250.0,16350.0,16400.0,21850.0,21850.0
2021-09-02,32850.0,32850.0,34000.0,34000.0,13250.0,11950.0,11050.0,13800.0,12650.0,16000.0,13950.0,28350.0,30000.0,26650.0,27900.0,25000.0,30850.0,35750.0,35750.0,138350.0,143350.0,133350.0,14600.0,15000.0,14150.0,16650.0,17250.0,16350.0,16400.0,21500.0,21500.0
2021-09-03,32850.0,32850.0,34000.0,34000.0,13250.0,11950.0,11050.0,13800.0,12650.0,16000.0,13950.0,28350.0,30000.0,26650.0,27900.0,25000.0,30850.0,35750.0,35750.0,138350.0,143350.0,133350.0,14600.0,15000.0,14150.0,16650.0,17250.0,16350.0,16400.0,21350.0,21350.0
2021-09-06,32500.0,32500.0,33650.0,33650.0,13250.0,11950.0,11050.0,13800.0,12650.0,16000.0,13950.0,28750.0,30000.0,27500.0,30850.0,29150.0,32500.0,36500.0,36500.0,138350.0,143350.0,133350.0,14600.0,15000.0,14150.0,16700.0,17350.0,16350.0,16400.0,20650.0,20650.0
2021-09-07,32500.0,32500.0,33650.0,33650.0,13250.0,11950.0,11050.0,13800.0,12650.0,16000.0,13950.0,28350.0,30000.0,26650.0,30850.0,29150.0,32500.0,36500.0,36500.0,138350.0,143350.0,133350.0,14600.0,15000.0,14150.0,16700.0,17350.0,16350.0,16400.0,20500.0,20500.0
2021-09-08,32500.0,32500.0,33650.0,33650.0,13250.0,11950.0,11050.0,13800.0,12650.0,16000.0,13950.0,28350.0,30000.0,26650.0,30850.0,29150.0,32500.0,36500.0,36500.0,138350.0,143350.0,133350.0,14600.0,15000.0,14150.0,16700.0,17350.0,16350.0,16400.0,20500.0,20500.0
2021-09-09,32500.0,32500.0,33650.0,33650.0,13250.0,11950.0,11050.0,13800.0,12650.0,16000.0,13950.0,28750.0,30850.0,26650.0,30850.0,29150.0,32500.0,36500.0,36500.0,138350.0,143350.0,133350.0,14600.0,15000.0,14150.0,16750.0,17500.0,16350.0,16400.0,20500.0,20500.0
2021-09-10,31650.0,31650.0,33650.0,33650.0,13250.0,11950.0,11050.0,13800.0,12650.0,16000.0,13950.0,29150.0,32500.0,25850.0,30850.0,29150.0,32500.0,36500.0,36500.0,138350.0,143350.0,133350.0,14600.0,15000.0,14150.0,16750.0,17500.0,16350.0,16400.0,20500.0,20500.0
2021-09-13,30850.0,30850.0,33650.0,33650.0,13250.0,11950.0,11050.0,13800.0,12650.0,16000.0,13950.0,28750.0,31650.0,25850.0,30000.0,28350.0,31650.0,36350.0,36350.0,138350.0,143350.0,133350.0,14600.0,15000.0,14150.0,16900.0,17500.0,16500.0,16750.0,20000.0,20000.0
2021-09-14,30850.0,30850.0,33650.0,33650.0,13250.0,11950.0,11050.0,13800.0,12650.0,16000.0,13950.0,28750.0,31650.0,25850.0,30000.0,28350.0,31650.0,35750.0,35750.0,138350.0,143350.0,133350.0,14600.0,15000.0,14150.0,16900.0,17500.0,16500.0,16750.0,20000.0,20000.0
2021-09-15,30850.0,30850.0,33650.0,33650.0,13250.0,11950.0,11050.0,13800.0,12650.0,16000.0,13950.0,28750.0,31650.0,25850.0,30000.0,28350.0,31650.0,35250.0,35250.0,138350.0,143350.0,133350.0,14600.0,15000.0,14150.0,17100.0,17750.0,16650.0,16900.0,20000.0,20000.0
2021-09-16,30850.0,30850.0,33650.0,33650.0,13250.0,11950.0,11050.0,13800.0,12650.0,16000.0,13950.0,28750.0,31650.0,25850.0,30000.0,28350.0,31650.0,35100.0,35100.0,138350.0,143350.0,133350.0,14600.0,15000.0,14150.0,17100.0,17750.0,16650.0,16900.0,19850.0,19850.0
2021-09-17,30850.0,30850.0,33650.0,33650.0,13250.0,11950.0,11050.0,13800.0,12650.0,16000.0,13950.0,28750.0,31650.0,25850.0,30000.0,28350.0,31650.0,35000.0,35000.0,138350.0,143350.0,133350.0,14600.0,15000.0,14150.0,17100.0,17750.0,16650.0,16900.0,19500.0,19500.0
2021-09-20,32000.0,32000.0,33650.0,33650.0,13250.0,11950.0,11050.0,13800.0,12650.0,16000.0,13950.0,30400.0,31650.0,29150.0,30400.0,29150.0,31650.0,34650.0,34650.0,138350.0,143350.0,133350.0,14600.0,15000.0,14150.0,17100.0,17750.0,16650.0,16900.0,19350.0,19350.0
2021-09-21,32000.0,32000.0,33650.0,33650.0,13250.0,11950.0,11050.0,13800.0,12650.0,16000.0,13950.0,30400.0,31650.0,29150.0,30400.0,29150.0,31650.0,34600.0,34600.0,138350.0,143350.0,133350.0,14600.0,15000.0,14150.0,17100.0,17750.0,16650.0,16900.0,19350.0,19350.0
2021-09-22,32000.0,32000.0,33650.0,33650.0,13250.0,11950.0,11050.0,13800.0,12650.0,16000.0,13950.0,30400.0,31650.0,29150.0,30000.0,29150.0,30850.0,35400.0,35400.0,138350.0,143350.0,133350.0,14600.0,15000.0,14150.0,17100.0,17750.0,16650.0,16900.0,19350.0,19350.0
2021-09-23,32000.0,32000.0,33650.0,33650.0,13250.0,11950.0,11050.0,13800.0,12650.0,16000.0,13950.0,30400.0,31650.0,29150.0,30000.0,29150.0,30850.0,35750.0,35750.0,138350.0,143350.0,133350.0,14600.0,15000.0,14150.0,17100.0,17750.0,16650.0,16900.0,19350.0,19350.0
2021-09-24,32000.0,32000.0,33650.0,33650.0,13250.0,11950.0,11050.0,13800.0,12650.0,16000.0,13950.0,30400.0,31650.0,29150.0,30000.0,29150.0,30850.0,35750.0,35750.0,138350.0,143350.0,133350.0,14600.0,15000.0,14150.0,17100.0,17750.0,16650.0,16900.0,18850.0,18850.0
2021-09-27,31150.0,31150.0,33650.0,33650.0,13250.0,11950.0,11050.0,13800.0,12650.0,16000.0,13950.0,31150.0,32000.0,30350.0,29600.0,28350.0,30850.0,35850.0,35850.0,138350.0,143350.0,133350.0,14600.0,15000.0,14150.0,17100.0,17750.0,16650.0,16900.0,18850.0,18850.0
2021-09-28,31150.0,31150.0,33650.0,33650.0,13250.0,11950.0,11050.0,13800.0,12650.0,16000.0,13950.0,31600.0,32000.0,31150.0,29600.0,28350.0,30850.0,35000.0,35000.0,138350.0,143350.0,133350.0,14600.0,15000.0,14150.0,17100.0,17750.0,16650.0,16900.0,19350.0,19350.0
2021-09-29,31150.0,31150.0,33650.0,33650.0,13250.0,11950.0,11050.0,13800.0,12650.0,16000.0,13950.0,31600.0,32000.0,31150.0,29600.0,28350.0,30850.0,35000.0,35000.0,138350.0,143350.0,133350.0,14600.0,15000.0,14150.0,17100.0,17750.0,16650.0,16900.0,19350.0,19350.0
2021-09-30,31150.0,31150.0,33650.0,33650.0,13250.0,11950.0,11050.0,13800.0,12650.0,16000.0,13950.0,32000.0,32000.0,32000.0,29600.0,28350.0,30850.0,35250.0,35250.0,138350.0,143350.0,133350.0,14600.0,15000.0,14150.0,17100.0,17750.0,16650.0,16900.0,19350.0,19350.0
2021-10-01,31150.0,31150.0,33650.0,33650.0,13250.0,11950.0,11050.0,13800.0,12650.0,16000.0,13950.0,33350.0,34150.0,32500.0,32500.0,30850.0,34150.0,34750.0,34750.0,138350.0,143350.0,133350.0,14600.0,15000.0,14150.0,17100.0,17750.0,16650.0,16900.0,19350.0,19350.0
2021-10-04,31150.0,31150.0,34150.0,34150.0,13250.0,11950.0,11050.0,13800.0,12650.0,16000.0,13950.0,37500.0,38350.0,36650.0,31650.0,30850.0,32500.0,34750.0,34750.0,138350.0,143350.0,133350.0,14400.0,14850.0,14000.0,17200.0,17750.0,16700.0,17150.0,19350.0,19350.0
2021-10-05,31150.0,31150.0,34150.0,34150.0,13250.0,11950.0,11050.0,13800.0,12650.0,16000.0,13950.0,37500.0,38350.0,36650.0,33350.0,33350.0,33350.0,35150.0,35150.0,138350.0,143350.0,133350.0,14400.0,14850.0,14000.0,17250.0,17750.0,16750.0,17150.0,19350.0,19350.0
2021-10-06,31150.0,31150.0,34150.0,34150.0,13250.0,11950.0,11050.0,13800.0,12650.0,16000.0,13950.0,38350.0,38350.0,38350.0,33350.0,33350.0,33350.0,35850.0,35850.0,138350.0,143350.0,133350.0,14400.0,14850.0,14000.0,17250.0,17750.0,16750.0,17150.0,19350.0,19350.0
2021-10-07,33650.0,33650.0,34150.0,34150.0,13250.0,11950.0,11050.0,13800.0,12650.0,16000.0,13950.0,39150.0,38350.0,40000.0,34600.0,35000.0,34150.0,36150.0,36150.0,138350.0,143350.0,133350.0,14400.0,14850.0,14000.0,17250.0,17750.0,16750.0,17150.0,19350.0,19350.0
2021-10-08,33650.0,33650.0,34150.0,34150.0,13250.0,11950.0,11050.0,13800.0,12650.0,16000.0,13950.0,39150.0,38350.0,40000.0,34600.0,35000.0,34150.0,37000.0,37000.0,138350.0,143350.0,133350.0,14400.0,14850.0,14000.0,17250.0,17750.0,16750.0,17150.0,19350.0,19350.0
2021-10-11,33350.0,33350.0,34150.0,34150.0,13250.0,11950.0,11050.0,13800.0,12650.0,16000.0,13950.0,40400.0,40850.0,40000.0,35400.0,36650.0,34150.0,37850.0,37850.0,138350.0,143350.0,133350.0,14400.0,14850.0,14000.0,17400.0,18250.0,16750.0,17150.0,19350.0,19350.0
2021-10-12,33350.0,33350.0,34150.0,34150.0,13250.0,11950.0,11050.0,13800.0,12650.0,16000.0,13950.0,40400.0,40850.0,40000.0,35400.0,36650.0,34150.0,37850.0,37850.0,138350.0,143350.0,133350.0,14400.0,14850.0,14000.0,17500.0,18500.0,16750.0,17150.0,19150.0,19150.0
2021-10-13,33350.0,33350.0,34150.0,34150.0,13250.0,11950.0,11050.0,13800.0,12650.0,16000.0,13950.0,40850.0,41650.0,40000.0,35400.0,36650.0,34150.0,37650.0,37650.0,138350.0,143350.0,133350.0,14400.0,14850.0,14000.0,17600.0,18650.0,16900.0,17150.0,19000.0,19000.0
2021-10-14,33350.0,33350.0,34150.0,34150.0,13250.0,11950.0,11050.0,13800.0,12650.0,16000.0,13950.0,41650.0,43350.0,40000.0,35850.0,36650.0,35000.0,37350.0,37350.0,138350.0,143350.0,133350.0,14400.0,14850.0,14000.0,17600.0,18650.0,16900.0,17150.0,18750.0,18750.0
2021-10-15,33350.0,33350.0,34150.0,34150.0,13250.0,11950.0,11050.0,13800.0,12650.0,16000.0,13950.0,41650.0,43350.0,40000.0,37900.0,38350.0,37500.0,36850.0,36850.0,138350.0,143350.0,133350.0,14400.0,14850.0,14000.0,17600.0,18650.0,16900.0,17150.0,18750.0,18750.0
2021-10-18,32500.0,32500.0,34150.0,34150.0,13250.0,11950.0,11050.0,13800.0,12650.0,16000.0,13950.0,40000.0,40850.0,39150.0,36650.0,36650.0,36650.0,36350.0,36350.0,138350.0,143350.0,133350.0,14400.0,14850.0,14000.0,17600.0,18650.0,16900.0,17150.0,18750.0,18750.0
2021-10-19,32500.0,32500.0,34150.0,34150.0,13250.0,11950.0,11050.0,13800.0,12650.0,16000.0,13950.0,40000.0,40850.0,39150.0,36650.0,36650.0,36650.0,36350.0,36350.0,138350.0,143350.0,133350.0,14400.0,14850.0,14000.0,17600.0,18650.0,16900.0,17150.0,18750.0,18750.0
2021-10-20,,,,,,,,,,,,,,,,,,,,,,,,,,,,,,,
2021-10-21,32500.0,32500.0,34150.0,34150.0,13250.0,11950.0,11050.0,13800.0,12650.0,16000.0,13950.0,40000.0,40850.0,39150.0,36650.0,36650.0,36650.0,36350.0,36350.0,138350.0,143350.0,133350.0,14400.0,14850.0,14000.0,17600.0,18650.0,16900.0,17150.0,18600.0,18600.0
2021-10-22,32500.0,32500.0,34150.0,34150.0,13250.0,11950.0,11050.0,13800.0,12650.0,16000.0,13950.0,40000.0,40850.0,39150.0,36650.0,36650.0,36650.0,36850.0,36850.0,138350.0,143350.0,133350.0,14400.0,14850.0,14000.0,17600.0,18650.0,16900.0,17150.0,18600.0,18600.0
2021-10-25,32500.0,32500.0,34150.0,34150.0,13250.0,11950.0,11050.0,13800.0,12650.0,16000.0,13950.0,40250.0,40850.0,39650.0,35850.0,35850.0,35850.0,36850.0,36850.0,138350.0,143350.0,133350.0,14400.0,14850.0,14000.0,17950.0,19000.0,17350.0,17500.0,18850.0,18850.0
2021-10-26,32500.0,32500.0,34150.0,34150.0,13250.0,11950.0,11050.0,13800.0,12650.0,16000.0,13950.0,40250.0,40850.0,39650.0,35850.0,35850.0,35850.0,36850.0,36850.0,138350.0,143350.0,133350.0,14400.0,14850.0,14000.0,17950.0,19000.0,17350.0,17500.0,19000.0,19000.0
2021-10-27,32500.0,32500.0,34150.0,34150.0,13250.0,11950.0,11050.0,13800.0,12650.0,16000.0,13950.0,40250.0,40850.0,39650.0,35000.0,35000.0,35000.0,36850.0,36850.0,138350.0,143350.0,133350.0,14400.0,14850.0,14000.0,17950.0,19000.0,17350.0,17500.0,19150.0,19150.0
2021-10-28,32500.0,32500.0,34150.0,34150.0,13250.0,11950.0,11050.0,13800.0,12650.0,16000.0,13950.0,41250.0,40850.0,41650.0,35000.0,35000.0,35000.0,36850.0,36850.0,138350.0,143350.0,133350.0,14400.0,14850.0,14000.0,18000.0,19000.0,17350.0,17650.0,19250.0,19250.0
2021-10-29,32500.0,32500.0,34150.0,34150.0,13250.0,11950.0,11050.0,13800.0,12650.0,16000.0,13950.0,41250.0,40850.0,41650.0,35000.0,35000.0,35000.0,36500.0,36500.0,138350.0,143350.0,133350.0,14400.0,14850.0,14000.0,18000.0,19000.0,17350.0,17650.0,19250.0,19250.0
2021-11-01,32500.0,32500.0,34150.0,34150.0,13250.0,11950.0,11050.0,13800.0,12650.0,16000.0,13950.0,42900.0,41650.0,44150.0,33350.0,32500.0,34150.0,36250.0,36250.0,138350.0,143350.0,133350.0,14400.0,14850.0,14000.0,18300.0,19350.0,17500.0,18100.0,19400.0,19400.0
2021-11-02,32500.0,32500.0,34150.0,34150.0,13250.0,11950.0,11050.0,13800.0,12650.0,16000.0,13950.0,42900.0,41650.0,44150.0,33350.0,32500.0,34150.0,36400.0,36400.0,138350.0,143350.0,133350.0,14400.0,14850.0,14000.0,18350.0,19350.0,17650.0,18100.0,19400.0,19400.0
2021-11-03,32500.0,32500.0,34150.0,34150.0,13250.0,11950.0,11050.0,13800.0,12650.0,16000.0,13950.0,44850.0,42500.0,47150.0,33350.0,32500.0,34150.0,36750.0,36750.0,138350.0,143350.0,133350.0,14400.0,14850.0,14000.0,18900.0,19650.0,18350.0,18750.0,20000.0,20000.0
2021-11-04,32500.0,32500.0,34150.0,34150.0,13250.0,11950.0,11050.0,13800.0,12650.0,16000.0,13950.0,45650.0,42500.0,48850.0,33350.0,32500.0,34150.0,37250.0,37250.0,138350.0,143350.0,133350.0,14400.0,14850.0,14000.0,18950.0,19850.0,18350.0,18750.0,21000.0,21000.0
2021-11-05,32500.0,32500.0,34150.0,34150.0,13250.0,11950.0,11050.0,13800.0,12650.0,16000.0,13950.0,46100.0,43350.0,48850.0,33350.0,32500.0,34150.0,37250.0,37250.0,138350.0,143350.0,133350.0,14400.0,14850.0,14000.0,18950.0,19850.0,18350.0,18750.0,21750.0,21750.0
2021-11-08,32500.0,32500.0,34150.0,34150.0,13250.0,11950.0,11050.0,13800.0,12650.0,16000.0,13950.0,50400.0,45000.0,55850.0,31650.0,30850.0,32500.0,37400.0,37400.0,138350.0,143350.0,133350.0,14400.0,14850.0,14000.0,19250.0,19850.0,18850.0,19150.0,23750.0,23750.0
2021-11-09,32500.0,32500.0,34150.0,34150.0,13250.0,11950.0,11050.0,13800.0,12650.0,16000.0,13950.0,50000.0,44150.0,55850.0,31650.0,30850.0,32500.0,37600.0,37600.0,138350.0,143350.0,133350.0,14400.0,14850.0,14000.0,19450.0,19850.0,19000.0,19500.0,25100.0,25100.0
2021-11-10,32500.0,32500.0,34150.0,34150.0,13250.0,11950.0,11050.0,13800.0,12650.0,16000.0,13950.0,50000.0,44150.0,55850.0,31650.0,30850.0,32500.0,37600.0,37600.0,138350.0,143350.0,133350.0,14400.0,14850.0,14000.0,19450.0,19850.0,19000.0,19500.0,25100.0,25100.0
2021-11-11,32500.0,32500.0,34150.0,34150.0,13250.0,11950.0,11050.0,13800.0,12650.0,16000.0,13950.0,50000.0,44150.0,55850.0,31650.0,30850.0,32500.0,37600.0,37600.0,138350.0,143350.0,133350.0,14400.0,14850.0,14000.0,19450.0,19850.0,19000.0,19500.0,25400.0,25400.0
2021-11-12,32500.0,32500.0,34150.0,34150.0,13250.0,11950.0,11050.0,13800.0,12650.0,16000.0,13950.0,50000.0,44150.0,55850.0,32100.0,31650.0,32500.0,37600.0,37600.0,138350.0,143350.0,133350.0,14400.0,14850.0,14000.0,19450.0,19850.0,19000.0,19500.0,25400.0,25400.0
2021-11-15,32500.0,32500.0,34150.0,34150.0,13250.0,11950.0,11050.0,13800.0,12650.0,16000.0,13950.0,54150.0,51650.0,56650.0,31250.0,30850.0,31650.0,37600.0,37600.0,138350.0,143350.0,133350.0,14400.0,14850.0,14000.0,19550.0,20000.0,19000.0,19650.0,25600.0,25600.0
2021-11-16,32500.0,32500.0,34150.0,34150.0,13250.0,11950.0,11050.0,13800.0,12650.0,16000.0,13950.0,54600.0,52500.0,56650.0,31250.0,30850.0,31650.0,36850.0,36850.0,133350.0,138350.0,128350.0,14400.0,14850.0,14000.0,19550.0,20000.0,19000.0,19650.0,25250.0,25250.0
2021-11-17,32500.0,32500.0,34150.0,34150.0,13250.0,11950.0,11050.0,13800.0,12650.0,16000.0,13950.0,54150.0,52500.0,55850.0,31250.0,30850.0,31650.0,36500.0,36500.0,128350.0,133350.0,123350.0,14400.0,14850.0,14000.0,19500.0,20000.0,19000.0,19500.0,25100.0,25100.0
2021-11-18,31650.0,31650.0,34150.0,34150.0,13250.0,11950.0,11050.0,13800.0,12650.0,16000.0,13950.0,52500.0,52500.0,52500.0,31250.0,30850.0,31650.0,36500.0,36500.0,128350.0,133350.0,123350.0,14400.0,14850.0,14000.0,19550.0,20000.0,19150.0,19500.0,25100.0,25100.0
2021-11-19,31650.0,31650.0,34150.0,34150.0,13250.0,12000.0,11100.0,13800.0,12650.0,16000.0,13950.0,52500.0,52500.0,52500.0,31250.0,30850.0,31650.0,36500.0,36500.0,128350.0,133350.0,123350.0,14400.0,14850.0,14000.0,19550.0,20000.0,19150.0,19500.0,24900.0,24900.0
2021-11-22,27500.0,27500.0,34150.0,34150.0,13250.0,12000.0,11100.0,13800.0,12650.0,16000.0,13950.0,49150.0,48350.0,50000.0,32000.0,31150.0,32850.0,36650.0,36650.0,128350.0,133350.0,123350.0,14350.0,14650.0,14000.0,19650.0,20000.0,19500.0,19500.0,24750.0,24750.0
2021-11-23,26650.0,26650.0,34150.0,34150.0,13300.0,12000.0,11100.0,13800.0,12700.0,16050.0,14000.0,49150.0,48350.0,50000.0,35850.0,35850.0,35850.0,37000.0,37000.0,128350.0,133350.0,123350.0,14350.0,14650.0,14000.0,19650.0,20000.0,19500.0,19500.0,24600.0,24600.0
2021-11-24,26650.0,26650.0,34150.0,34150.0,13300.0,12050.0,11150.0,13800.0,12700.0,16050.0,14000.0,49150.0,48350.0,50000.0,36250.0,36650.0,35850.0,37000.0,37000.0,128350.0,133350.0,123350.0,14350.0,14650.0,14000.0,19650.0,20000.0,19500.0,19500.0,24150.0,24150.0
2021-11-25,26650.0,26650.0,34150.0,34150.0,13300.0,12050.0,11150.0,13800.0,12700.0,16050.0,14000.0,49150.0,48350.0,50000.0,36650.0,37500.0,35850.0,37100.0,37100.0,128350.0,133350.0,123350.0,14350.0,14650.0,14000.0,19650.0,20000.0,19500.0,19500.0,24000.0,24000.0
2021-11-26,26650.0,26650.0,34150.0,34150.0,13300.0,12050.0,11150.0,13800.0,12700.0,16050.0,14000.0,48750.0,48350.0,49150.0,41650.0,40000.0,43350.0,37100.0,37100.0,128350.0,133350.0,123350.0,14350.0,14650.0,14000.0,19750.0,20000.0,19650.0,19500.0,23850.0,23850.0
2021-11-29,28350.0,28350.0,34150.0,34150.0,13300.0,12050.0,11150.0,13800.0,12700.0,16050.0,14000.0,50850.0,51650.0,50000.0,43350.0,42500.0,44150.0,37100.0,37100.0,128350.0,133350.0,123350.0,14350.0,14650.0,14000.0,20050.0,20150.0,19900.0,20100.0,23150.0,23150.0
2021-11-30,28350.0,28350.0,34150.0,34150.0,13350.0,12100.0,11200.0,13850.0,12750.0,16050.0,14000.0,50850.0,51650.0,50000.0,44600.0,42500.0,46650.0,37350.0,37350.0,128350.0,133350.0,123350.0,14350.0,14650.0,14000.0,20050.0,20150.0,19900.0,20100.0,23000.0,23000.0
2021-12-01,27500.0,27500.0,34150.0,34150.0,13350.0,12100.0,11200.0,13850.0,12750.0,16050.0,14000.0,50850.0,51650.0,50000.0,49150.0,45000.0,53350.0,37350.0,37350.0,128350.0,133350.0,123350.0,14250.0,14650.0,13850.0,20100.0,20150.0,19900.0,20250.0,22650.0,22650.0
2021-12-02,27150.0,27150.0,34500.0,34500.0,13350.0,12100.0,11200.0,13850.0,12750.0,16050.0,14000.0,50850.0,51650.0,50000.0,51650.0,47500.0,55850.0,37650.0,37650.0,128350.0,133350.0,123350.0,14250.0,14650.0,13850.0,20100.0,20150.0,19900.0,20250.0,22650.0,22650.0
2021-12-03,27500.0,27500.0,34500.0,34500.0,13350.0,12100.0,11200.0,13850.0,12750.0,16050.0,14000.0,50850.0,51650.0,50000.0,52500.0,47500.0,57500.0,37650.0,37650.0,128350.0,133350.0,123350.0,14250.0,14650.0,13850.0,20100.0,20150.0,19900.0,20250.0,22650.0,22650.0
2021-12-06,29650.0,29650.0,34500.0,34500.0,13350.0,12100.0,11200.0,13850.0,12750.0,16050.0,14000.0,57500.0,60000.0,55000.0,65850.0,60000.0,71650.0,37850.0,37850.0,128350.0,133350.0,123350.0,14250.0,14650.0,13850.0,20100.0,20000.0,20100.0,20250.0,22150.0,22150.0
2021-12-07,29650.0,29650.0,34500.0,34500.0,13350.0,12100.0,11200.0,13900.0,12750.0,16100.0,14050.0,57500.0,60000.0,55000.0,65850.0,60000.0,71650.0,37850.0,37850.0,128350.0,133350.0,123350.0,14250.0,14650.0,13850.0,20100.0,20000.0,20100.0,20250.0,22150.0,22150.0
2021-12-08,29650.0,29650.0,34500.0,34500.0,13400.0,12150.0,11250.0,13900.0,12750.0,16100.0,14050.0,57500.0,60000.0,55000.0,66250.0,60000.0,72500.0,38250.0,38250.0,128350.0,133350.0,123350.0,14250.0,14650.0,13850.0,20100.0,20000.0,20100.0,20250.0,22350.0,22350.0
2021-12-09,30000.0,30000.0,34500.0,34500.0,13400.0,12200.0,11300.0,13900.0,12800.0,16100.0,14050.0,58350.0,61650.0,55000.0,67100.0,60000.0,74150.0,38750.0,38750.0,128350.0,133350.0,123350.0,14250.0,14650.0,13850.0,20150.0,20000.0,20150.0,20350.0,22150.0,22150.0
2021-12-10,30350.0,30350.0,34500.0,34500.0,13400.0,12200.0,11300.0,13900.0,12800.0,16100.0,14050.0,58350.0,61650.0,55000.0,68350.0,60000.0,76650.0,38750.0,38750.0,128350.0,133350.0,123350.0,14250.0,14650.0,13850.0,20150.0,20000.0,20150.0,20350.0,22150.0,22150.0
2021-12-13,30350.0,30350.0,34500.0,34500.0,13450.0,12250.0,11350.0,13900.0,12850.0,16100.0,14050.0,57500.0,61650.0,53350.0,69600.0,60000.0,79150.0,39000.0,39000.0,128350.0,133350.0,123350.0,14350.0,14650.0,14000.0,20150.0,20000.0,20150.0,20350.0,23500.0,23500.0
2021-12-14,30350.0,30350.0,34500.0,34500.0,13450.0,12250.0,11350.0,13900.0,12850.0,16100.0,14050.0,57500.0,61650.0,53350.0,70850.0,60000.0,81650.0,39150.0,39150.0,128350.0,133350.0,123350.0,14350.0,14650.0,14000.0,20150.0,20000.0,20150.0,20350.0,23850.0,23850.0
2021-12-15,30350.0,30350.0,34500.0,34500.0,13450.0,12250.0,11350.0,13900.0,12850.0,16100.0,14050.0,57500.0,61650.0,53350.0,73350.0,60000.0,86650.0,39350.0,39350.0,128350.0,133350.0,123350.0,14350.0,14650.0,14000.0,20350.0,20150.0,20350.0,20500.0,25650.0,25650.0
2021-12-16,30350.0,30350.0,34500.0,34500.0,13450.0,12250.0,11350.0,13900.0,12850.0,16100.0,14050.0,57500.0,61650.0,53350.0,75400.0,60000.0,90850.0,39350.0,39350.0,128350.0,133350.0,123350.0,14350.0,14650.0,14000.0,20350.0,20150.0,20350.0,20500.0,25850.0,25850.0
2021-12-17,31150.0,31150.0,34500.0,34500.0,13450.0,12250.0,11350.0,13900.0,12850.0,16100.0,14050.0,57500.0,61650.0,53350.0,78350.0,60000.0,96650.0,39350.0,39350.0,128350.0,133350.0,123350.0,14350.0,14650.0,14000.0,20350.0,20150.0,20350.0,20500.0,26150.0,26150.0
2021-12-20,32000.0,32000.0,34500.0,34500.0,13450.0,12250.0,11350.0,13900.0,12850.0,16100.0,14050.0,57100.0,61650.0,52500.0,80000.0,60000.0,100000.0,39500.0,39500.0,128350.0,133350.0,123350.0,14350.0,14650.0,14000.0,20400.0,20350.0,20350.0,20500.0,26650.0,26650.0
2021-12-21,32850.0,32850.0,34500.0,34500.0,13450.0,12250.0,11350.0,13900.0,12850.0,16100.0,14050.0,55400.0,60000.0,50850.0,80000.0,60000.0,100000.0,39850.0,39850.0,128350.0,133350.0,123350.0,14350.0,14650.0,14000.0,20400.0,20350.0,20350.0,20500.0,26650.0,26650.0
2021-12-22,34150.0,34150.0,34500.0,34500.0,13450.0,12300.0,11400.0,13950.0,12900.0,16150.0,14100.0,55400.0,60000.0,50850.0,80850.0,60000.0,101650.0,40150.0,40150.0,128350.0,133350.0,123350.0,14350.0,14650.0,14000.0,20400.0,20350.0,20350.0,20500.0,27500.0,27500.0
2021-12-23,34150.0,34150.0,34500.0,34500.0,13450.0,12300.0,11400.0,13950.0,12900.0,16150.0,14100.0,55400.0,60000.0,50850.0,80850.0,60000.0,101650.0,40150.0,40150.0,128350.0,133350.0,123350.0,14350.0,14650.0,14000.0,20400.0,20350.0,20350.0,20500.0,29350.0,29350.0
2021-12-24,34150.0,34150.0,34500.0,34500.0,13450.0,12300.0,11400.0,13950.0,12900.0,16150.0,14100.0,55400.0,60000.0,50850.0,89150.0,60000.0,118350.0,40350.0,40350.0,128350.0,133350.0,123350.0,14350.0,14650.0,14000.0,20400.0,20350.0,20350.0,20500.0,31150.0,31150.0
2021-12-27,34150.0,34150.0,34500.0,34500.0,13550.0,12400.0,11450.0,14000.0,12950.0,16200.0,14100.0,54150.0,56650.0,51650.0,89150.0,60000.0,118350.0,40500.0,40500.0,128350.0,133350.0,123350.0,14350.0,14650.0,14000.0,20600.0,20500.0,20500.0,20850.0,32000.0,32000.0
2021-12-28,34150.0,34150.0,34500.0,34500.0,13550.0,12350.0,11450.0,14000.0,12950.0,16200.0,14100.0,54150.0,56650.0,51650.0,89150.0,60000.0,118350.0,40500.0,40500.0,128350.0,133350.0,123350.0,14350.0,14650.0,14000.0,20450.0,20500.0,20350.0,20500.0,32000.0,32000.0
2021-12-29,34150.0,34150.0,34500.0,34500.0,13550.0,12350.0,11450.0,14000.0,12950.0,16200.0,14100.0,54150.0,56650.0,51650.0,89150.0,60000.0,118350.0,40500.0,40500.0,128350.0,133350.0,123350.0,14350.0,14650.0,14000.0,20450.0,20500.0,20350.0,20500.0,31850.0,31850.0
2021-12-30,33350.0,33350.0,34500.0,34500.0,13550.0,12400.0,11500.0,14000.0,12950.0,16200.0,14100.0,53350.0,55000.0,51650.0,85850.0,61650.0,110000.0,40600.0,40600.0,128350.0,133350.0,123350.0,14350.0,14650.0,14000.0,20550.0,20500.0,20500.0,20650.0,31650.0,31650.0
2021-12-31,34150.0,34150.0,34500.0,34500.0,13550.0,12400.0,11500.0,14000.0,12950.0,16200.0,14100.0,52500.0,55000.0,50000.0,81650.0,61650.0,101650.0,40600.0,40600.0,128350.0,133350.0,123350.0,14350.0,14650.0,14000.0,20550.0,20500.0,20500.0,20650.0,30850.0,30850.0
2022-01-03,32500.0,32500.0,34500.0,34500.0,13550.0,12400.0,11500.0,14000.0,12950.0,16200.0,14100.0,49150.0,50000.0,48350.0,78750.0,60850.0,96650.0,40600.0,40600.0,128350.0,133350.0,123350.0,14350.0,14650.0,14000.0,20650.0,20650.0,20650.0,20650.0,30000.0,30000.0
2022-01-04,32500.0,32500.0,34500.0,34500.0,13550.0,12400.0,11500.0,14000.0,12950.0,16200.0,14100.0,49150.0,50000.0,48350.0,78750.0,60850.0,96650.0,40100.0,40100.0,128350.0,133350.0,123350.0,14350.0,14650.0,14000.0,20650.0,20650.0,20650.0,20650.0,29350.0,29350.0
2022-01-05,32500.0,32500.0,34500.0,34500.0,13550.0,12400.0,11500.0,14000.0,12950.0,16200.0,14100.0,46250.0,45850.0,46650.0,75400.0,59150.0,91650.0,39850.0,39850.0,128350.0,133350.0,123350.0,14400.0,14650.0,14150.0,20650.0,20650.0,20650.0,20650.0,28650.0,28650.0
2022-01-06,32500.0,32500.0,34500.0,34500.0,13550.0,12400.0,11500.0,14000.0,12950.0,16200.0,14100.0,45400.0,45850.0,45000.0,75400.0,59150.0,91650.0,39750.0,39750.0,128350.0,133350.0,123350.0,14400.0,14650.0,14150.0,20650.0,20650.0,20650.0,20650.0,28500.0,28500.0
2022-01-07,32500.0,32500.0,34500.0,34500.0,13550.0,12400.0,11500.0,14000.0,12950.0,16200.0,14100.0,41650.0,45000.0,38350.0,70000.0,59150.0,80850.0,39750.0,39750.0,128350.0,133350.0,123350.0,14400.0,14650.0,14150.0,20650.0,20650.0,20650.0,20650.0,28350.0,28350.0
2022-01-10,31250.0,31250.0,35000.0,35000.0,12600.0,11300.0,10450.0,12800.0,11800.0,15300.0,13800.0,36900.0,40000.0,33750.0,64400.0,65000.0,63750.0,44500.0,44500.0,125000.0,130000.0,120000.0,14400.0,14500.0,14250.0,20850.0,20750.0,20750.0,21000.0,26500.0,26500.0
2022-01-11,30850.0,30850.0,34500.0,34500.0,13550.0,12400.0,11500.0,14050.0,13000.0,16200.0,14150.0,35400.0,39150.0,31650.0,63750.0,64150.0,63350.0,41000.0,41000.0,128350.0,133350.0,123350.0,14750.0,15000.0,14500.0,20700.0,20650.0,20650.0,20850.0,26500.0,26500.0
2022-01-12,30850.0,30850.0,34500.0,34500.0,13600.0,12450.0,11550.0,14050.0,13000.0,16250.0,14150.0,35400.0,39150.0,31650.0,63750.0,64150.0,63350.0,41250.0,41250.0,128350.0,133350.0,123350.0,14750.0,15000.0,14500.0,20700.0,20650.0,20650.0,20850.0,26000.0,26000.0
2022-01-13,30850.0,30850.0,34500.0,34500.0,13600.0,12450.0,11550.0,14050.0,13000.0,16250.0,14150.0,35400.0,39150.0,31650.0,63750.0,64150.0,63350.0,42100.0,42100.0,128350.0,133350.0,123350.0,14750.0,15000.0,14500.0,20700.0,20650.0,20650.0,20850.0,26000.0,26000.0
2022-01-14,30850.0,30850.0,34500.0,34500.0,13600.0,12450.0,11550.0,14050.0,13000.0,16250.0,14150.0,35400.0,39150.0,31650.0,63750.0,64150.0,63350.0,42100.0,42100.0,128350.0,133350.0,123350.0,14750.0,15000.0,14500.0,20700.0,20650.0,20650.0,20850.0,25150.0,25150.0
2022-01-17,31650.0,31650.0,34500.0,34500.0,13550.0,12400.0,11500.0,14050.0,13000.0,16250.0,14150.0,41650.0,40000.0,43350.0,63750.0,63350.0,64150.0,41900.0,41900.0,128350.0,133350.0,123350.0,14750.0,15000.0,14500.0,20700.0,20650.0,20650.0,20850.0,24000.0,24000.0
2022-01-18,31650.0,31650.0,34500.0,34500.0,13550.0,12400.0,11500.0,14050.0,13000.0,16250.0,14150.0,40000.0,38350.0,41650.0,63350.0,63350.0,63350.0,41900.0,41900.0,128350.0,133350.0,123350.0,14750.0,15000.0,14500.0,20700.0,20650.0,20650.0,20850.0,23650.0,23650.0
2022-01-19,31650.0,31650.0,34500.0,34500.0,13550.0,12400.0,11500.0,14050.0,13000.0,16250.0,14150.0,40000.0,38350.0,41650.0,63350.0,63350.0,63350.0,41900.0,41900.0,128350.0,133350.0,123350.0,14750.0,15000.0,14500.0,20700.0,20650.0,20650.0,20850.0,23350.0,23350.0
2022-01-20,31650.0,31650.0,34500.0,34500.0,13550.0,12400.0,11500.0,14050.0,13000.0,16250.0,14150.0,42500.0,41650.0,43350.0,62500.0,63350.0,61650.0,41900.0,41900.0,128350.0,133350.0,123350.0,14750.0,15000.0,14500.0,20700.0,20650.0,20650.0,20850.0,23150.0,23150.0
2022-01-21,31650.0,31650.0,34500.0,34500.0,13550.0,12400.0,11500.0,14050.0,13000.0,16250.0,14150.0,40850.0,40000.0,41650.0,62500.0,63350.0,61650.0,41900.0,41900.0,128350.0,133350.0,123350.0,14750.0,15000.0,14500.0,20700.0,20650.0,20650.0,20850.0,23000.0,23000.0
2022-01-24,31650.0,31650.0,34500.0,34500.0,13550.0,12400.0,11500.0,14050.0,13000.0,16250.0,14150.0,37900.0,37500.0,38350.0,55000.0,56650.0,53350.0,41000.0,41000.0,128350.0,133350.0,123350.0,14750.0,15000.0,14500.0,20700.0,20650.0,20650.0,20850.0,22150.0,22150.0
2022-01-25,31650.0,31650.0,34500.0,34500.0,13550.0,12400.0,11500.0,14000.0,12950.0,16200.0,14150.0,36650.0,37500.0,35850.0,51650.0,53350.0,50000.0,40000.0,40000.0,128350.0,133350.0,123350.0,14750.0,15000.0,14500.0,20700.0,20650.0,20650.0,20850.0,22150.0,22150.0
2022-01-26,31650.0,31650.0,34500.0,34500.0,13550.0,12400.0,11500.0,14000.0,12950.0,16200.0,14150.0,36650.0,37500.0,35850.0,51650.0,53350.0,50000.0,39500.0,39500.0,128350.0,133350.0,123350.0,14750.0,15000.0,14500.0,20700.0,20650.0,20650.0,20850.0,22150.0,22150.0
2022-01-27,31650.0,31650.0,34500.0,34500.0,13550.0,12400.0,11500.0,14000.0,12950.0,16200.0,14150.0,36650.0,37500.0,35850.0,50850.0,53350.0,48350.0,39500.0,39500.0,128350.0,133350.0,123350.0,14750.0,15000.0,14500.0,20700.0,20650.0,20650.0,20850.0,22150.0,22150.0
2022-01-28,31650.0,31650.0,34500.0,34500.0,13550.0,12400.0,11500.0,14000.0,12950.0,16200.0,14150.0,36650.0,37500.0,35850.0,50000.0,53350.0,46650.0,38850.0,38850.0,128350.0,133350.0,123350.0,14750.0,15000.0,14500.0,20450.0,20650.0,20350.0,20350.0,22000.0,22000.0
2022-01-31,33350.0,33350.0,35000.0,35000.0,13550.0,12350.0,11450.0,14000.0,12950.0,16200.0,14150.0,36250.0,36650.0,35850.0,45000.0,46650.0,43350.0,38150.0,38150.0,128350.0,133350.0,123350.0,14600.0,14850.0,14350.0,20300.0,20500.0,20150.0,20150.0,21000.0,21000.0
2022-02-01,,,,,,,,,,,,,,,,,,,,,,,,,,,,,,,
2022-02-02,34150.0,34150.0,35000.0,35000.0,13550.0,12350.0,11450.0,14000.0,12950.0,16200.0,14150.0,36250.0,36650.0,35850.0,44150.0,45000.0,43350.0,38150.0,38150.0,128350.0,133350.0,123350.0,14600.0,14850.0,14350.0,20300.0,20500.0,20150.0,20150.0,20850.0,20850.0
2022-02-03,35000.0,35000.0,35000.0,35000.0,13550.0,12350.0,11450.0,14000.0,12950.0,16200.0,14150.0,36250.0,36650.0,35850.0,45000.0,45000.0,45000.0,37250.0,37250.0,128350.0,133350.0,123350.0,14600.0,14850.0,14350.0,20300.0,20500.0,20150.0,20150.0,20850.0,20850.0
2022-02-04,35000.0,35000.0,35000.0,35000.0,13550.0,12350.0,11450.0,14000.0,12950.0,16200.0,14150.0,36250.0,36650.0,35850.0,44600.0,44150.0,45000.0,37150.0,37150.0,128350.0,133350.0,123350.0,14600.0,14850.0,14350.0,20300.0,20500.0,20150.0,20150.0,20650.0,20650.0
2022-02-07,35850.0,35850.0,35000.0,35000.0,13500.0,12350.0,11450.0,14000.0,12950.0,16200.0,14100.0,39600.0,40000.0,39150.0,45000.0,43350.0,46650.0,35650.0,35650.0,128350.0,133350.0,123350.0,14600.0,14850.0,14350.0,19850.0,20150.0,19650.0,19650.0,20500.0,20500.0
2022-02-08,35850.0,35850.0,35000.0,35000.0,13500.0,12350.0,11450.0,14000.0,12950.0,16200.0,14100.0,39600.0,40000.0,39150.0,45400.0,43350.0,47500.0,35500.0,35500.0,128350.0,133350.0,123350.0,14600.0,14850.0,14350.0,18900.0,19350.0,18650.0,18650.0,20500.0,20500.0
2022-02-09,36650.0,36650.0,35000.0,35000.0,13500.0,12350.0,11450.0,14000.0,12950.0,16200.0,14100.0,42500.0,42500.0,42500.0,48350.0,45850.0,50850.0,35000.0,35000.0,128350.0,133350.0,123350.0,14600.0,14850.0,14350.0,18900.0,19350.0,18650.0,18650.0,20500.0,20500.0
2022-02-10,40000.0,40000.0,35000.0,35000.0,13450.0,12300.0,11400.0,13950.0,12900.0,16150.0,14100.0,42500.0,42500.0,42500.0,48750.0,45850.0,51650.0,35000.0,35000.0,128350.0,133350.0,123350.0,14600.0,14850.0,14350.0,18900.0,19350.0,18650.0,18650.0,20500.0,20500.0
2022-02-11,40000.0,40000.0,35000.0,35000.0,13450.0,12300.0,11400.0,13950.0,12900.0,16150.0,14100.0,42500.0,42500.0,42500.0,49150.0,45850.0,52500.0,35000.0,35000.0,128350.0,133350.0,123350.0,14600.0,14850.0,14350.0,18900.0,19350.0,18650.0,18650.0,20500.0,20500.0
2022-02-14,44150.0,44150.0,35000.0,35000.0,13450.0,12300.0,11400.0,13950.0,12900.0,16150.0,14100.0,41250.0,42500.0,40000.0,47100.0,44150.0,50000.0,35100.0,35100.0,130000.0,135000.0,125000.0,14600.0,14850.0,14350.0,18750.0,19150.0,18500.0,18650.0,20500.0,20500.0
2022-02-15,44150.0,44150.0,35000.0,35000.0,13450.0,12300.0,11400.0,13950.0,12900.0,16150.0,14100.0,41250.0,42500.0,40000.0,47100.0,44150.0,50000.0,35100.0,35100.0,130850.0,135850.0,125850.0,14400.0,14650.0,14150.0,18750.0,19150.0,18500.0,18650.0,20500.0,20500.0
2022-02-16,44150.0,44150.0,35000.0,35000.0,13450.0,12300.0,11400.0,13950.0,12900.0,16150.0,14100.0,41250.0,42500.0,40000.0,47100.0,44150.0,50000.0,34600.0,34600.0,130850.0,135850.0,125850.0,14400.0,14650.0,14150.0,18750.0,19150.0,18500.0,18650.0,20850.0,20850.0
2022-02-17,44150.0,44150.0,35000.0,35000.0,13450.0,12300.0,11400.0,13950.0,12900.0,16150.0,14100.0,41650.0,42500.0,40850.0,46650.0,41650.0,51650.0,34650.0,34650.0,130850.0,135850.0,125850.0,14400.0,14650.0,14150.0,19100.0,19850.0,18500.0,19000.0,20850.0,20850.0
2022-02-18,44150.0,44150.0,35000.0,35000.0,13450.0,12300.0,11400.0,13950.0,12900.0,16150.0,14100.0,41650.0,42500.0,40850.0,46650.0,41650.0,51650.0,34650.0,34650.0,133350.0,138350.0,128350.0,14400.0,14650.0,14150.0,19100.0,19850.0,18500.0,19000.0,20850.0,20850.0
2022-02-21,43350.0,43350.0,35000.0,35000.0,13450.0,12300.0,11400.0,13950.0,12900.0,16150.0,14100.0,44150.0,44150.0,44150.0,47900.0,40000.0,55850.0,34650.0,34650.0,134150.0,139150.0,129150.0,14400.0,14650.0,14150.0,19050.0,19650.0,18500.0,19000.0,21150.0,21150.0
2022-02-22,43350.0,43350.0,35000.0,35000.0,13450.0,12300.0,11400.0,13950.0,12900.0,16150.0,14100.0,44600.0,44150.0,45000.0,50000.0,40000.0,60000.0,34650.0,34650.0,134150.0,139150.0,129150.0,14400.0,14650.0,14150.0,18950.0,19350.0,18500.0,19000.0,21650.0,21650.0
2022-02-23,45000.0,45000.0,35000.0,35000.0,13450.0,12300.0,11400.0,13950.0,12900.0,16150.0,14100.0,54600.0,51650.0,57500.0,56650.0,41650.0,71650.0,34850.0,34850.0,135850.0,140850.0,130850.0,14600.0,15000.0,14150.0,18950.0,19350.0,18500.0,19000.0,21850.0,21850.0
2022-02-24,42500.0,42500.0,35000.0,35000.0,13450.0,12300.0,11400.0,13950.0,12900.0,16150.0,14100.0,51650.0,50000.0,53350.0,55000.0,40000.0,70000.0,35150.0,35150.0,135850.0,140850.0,130850.0,14600.0,15000.0,14150.0,18950.0,19350.0,18500.0,19000.0,21850.0,21850.0
2022-02-25,42500.0,42500.0,35000.0,35000.0,13450.0,12300.0,11400.0,13950.0,12900.0,16150.0,14100.0,48350.0,48350.0,48350.0,50850.0,40000.0,61650.0,35500.0,35500.0,140000.0,145000.0,135000.0,14600.0,15000.0,14150.0,18950.0,19350.0,18500.0,19000.0,22000.0,22000.0
2022-02-28,,,,,,,,,,,,,,,,,,,,,,,,,,,,,,,
2022-03-01,43350.0,43350.0,35000.0,35000.0,13450.0,12300.0,11400.0,13950.0,12900.0,16150.0,14100.0,52100.0,56650.0,47500.0,54600.0,40000.0,69150.0,35650.0,35650.0,140000.0,145000.0,135000.0,14600.0,15000.0,14150.0,19000.0,19500.0,18500.0,19000.0,22000.0,22000.0
2022-03-02,43350.0,43350.0,35000.0,35000.0,13450.0,12300.0,11400.0,13950.0,12900.0,16150.0,14100.0,52100.0,56650.0,47500.0,56650.0,40850.0,72500.0,35650.0,35650.0,140000.0,145000.0,135000.0,14600.0,15000.0,14150.0,18900.0,19150.0,18500.0,19000.0,22650.0,22650.0
2022-03-03,,,,,,,,,,,,,,,,,,,,,,,,,,,,,,,
2022-03-04,42500.0,42500.0,35000.0,35000.0,13450.0,12300.0,11400.0,13950.0,12900.0,16150.0,14100.0,54150.0,60000.0,48350.0,57900.0,43350.0,72500.0,36000.0,36000.0,140000.0,145000.0,135000.0,14600.0,15000.0,14150.0,18900.0,19150.0,18500.0,19000.0,23350.0,23350.0
2022-03-07,41650.0,41650.0,35000.0,35000.0,13450.0,12300.0,11400.0,13950.0,12900.0,16150.0,14100.0,57100.0,60850.0,53350.0,61650.0,41650.0,81650.0,36350.0,36350.0,140000.0,145000.0,135000.0,14600.0,15000.0,14150.0,18900.0,19150.0,18500.0,19000.0,24500.0,24500.0
2022-03-08,41650.0,41650.0,35000.0,35000.0,13450.0,12300.0,11400.0,13950.0,12900.0,16150.0,14100.0,57900.0,60850.0,55000.0,62100.0,41650.0,82500.0,36600.0,36600.0,140000.0,145000.0,135000.0,14600.0,15000.0,14150.0,18800.0,18750.0,18550.0,18850.0,24500.0,24500.0
2022-03-09,41650.0,41650.0,35000.0,35000.0,13450.0,12300.0,11400.0,13950.0,12900.0,16150.0,14100.0,57900.0,60850.0,55000.0,62100.0,41650.0,82500.0,36850.0,36850.0,140000.0,145000.0,135000.0,14600.0,15000.0,14150.0,18900.0,18750.0,18750.0,19000.0,24650.0,24650.0
2022-03-10,38350.0,38350.0,35000.0,35000.0,13450.0,12300.0,11400.0,13950.0,12900.0,16150.0,14100.0,57100.0,60850.0,53350.0,61250.0,41650.0,80850.0,36850.0,36850.0,140000.0,145000.0,135000.0,14600.0,15000.0,14150.0,19100.0,18650.0,20000.0,19750.0,24650.0,24650.0
2022-03-11,38350.0,38350.0,35000.0,35000.0,13450.0,12300.0,11400.0,13950.0,12900.0,16150.0,14100.0,57100.0,60850.0,53350.0,61250.0,41650.0,80850.0,36650.0,36650.0,140000.0,145000.0,135000.0,14600.0,15000.0,14150.0,18850.0,18650.0,18750.0,19000.0,24850.0,24850.0
2022-03-14,38350.0,38350.0,36650.0,36650.0,13450.0,12300.0,11400.0,13950.0,12900.0,16150.0,14100.0,57500.0,61650.0,53350.0,58350.0,42500.0,74150.0,36850.0,36850.0,141500.0,145850.0,137150.0,14600.0,15000.0,14150.0,18700.0,18000.0,20000.0,19750.0,24650.0,24650.0
2022-03-15,38350.0,38350.0,36650.0,36650.0,13450.0,12300.0,11400.0,13950.0,12900.0,16150.0,14100.0,57500.0,61650.0,53350.0,57100.0,40850.0,73350.0,36850.0,36850.0,140850.0,145850.0,135850.0,14600.0,15000.0,14150.0,18850.0,18150.0,20000.0,19750.0,24850.0,24850.0
2022-03-16,37500.0,37500.0,36650.0,36650.0,13450.0,12300.0,11400.0,13950.0,12900.0,16150.0,14100.0,55000.0,58350.0,51650.0,56650.0,40850.0,72500.0,36850.0,36850.0,140850.0,145850.0,135850.0,14600.0,15000.0,14150.0,18850.0,18150.0,20000.0,19750.0,24850.0,24850.0
2022-03-17,37500.0,37500.0,36650.0,36650.0,13450.0,12300.0,11400.0,13950.0,12900.0,16150.0,14100.0,55000.0,58350.0,51650.0,56650.0,40850.0,72500.0,36850.0,36850.0,140850.0,145850.0,135850.0,14600.0,15000.0,14150.0,19100.0,18850.0,20000.0,19750.0,24850.0,24850.0
2022-03-18,37500.0,37500.0,36650.0,36650.0,13450.0,12300.0,11400.0,13950.0,12900.0,16150.0,14100.0,55000.0,58350.0,51650.0,56650.0,40850.0,72500.0,36650.0,36650.0,140850.0,145850.0,135850.0,14600.0,15000.0,14150.0,19850.0,20000.0,20000.0,19750.0,24850.0,24850.0
2022-03-21,37500.0,37500.0,36650.0,36650.0,13450.0,12300.0,11400.0,13950.0,12900.0,16150.0,14100.0,53750.0,58350.0,49150.0,52100.0,40000.0,64150.0,36650.0,36650.0,140850.0,145850.0,135850.0,14600.0,15000.0,14150.0,20650.0,20650.0,20000.0,20000.0,25000.0,25000.0
2022-03-22,37500.0,37500.0,37150.0,37150.0,13450.0,12300.0,11400.0,13950.0,12900.0,16150.0,14100.0,55400.0,60000.0,50850.0,52100.0,40000.0,64150.0,36650.0,36650.0,140850.0,145850.0,135850.0,14600.0,15000.0,14150.0,21000.0,21000.0,20000.0,20000.0,25000.0,25000.0
2022-03-23,37500.0,37500.0,37150.0,37150.0,13450.0,12300.0,11400.0,13950.0,12900.0,16150.0,14100.0,55400.0,60000.0,50850.0,52100.0,40000.0,64150.0,37000.0,37000.0,140850.0,145850.0,135850.0,14600.0,15000.0,14150.0,21000.0,21000.0,20000.0,20000.0,25000.0,25000.0
2022-03-24,36650.0,36650.0,37150.0,37150.0,13450.0,12300.0,11400.0,13950.0,12900.0,16150.0,14100.0,55400.0,60000.0,50850.0,51250.0,40000.0,62500.0,37150.0,37150.0,140850.0,145850.0,135850.0,14600.0,15000.0,14150.0,21400.0,21500.0,20000.0,20000.0,25000.0,25000.0
2022-03-25,36650.0,36650.0,37150.0,37150.0,13450.0,12300.0,11400.0,13950.0,12900.0,16150.0,14100.0,55400.0,60000.0,50850.0,51250.0,40000.0,62500.0,37150.0,37150.0,140850.0,145850.0,135850.0,14600.0,15000.0,14150.0,21500.0,21850.0,20000.0,20000.0,25000.0,25000.0
2022-03-28,36650.0,36650.0,38500.0,38500.0,13450.0,12300.0,11400.0,13950.0,12900.0,16150.0,14100.0,50850.0,56650.0,45000.0,51250.0,40850.0,61650.0,37750.0,37750.0,140850.0,145850.0,135850.0,14750.0,15150.0,14350.0,21500.0,21850.0,20000.0,20000.0,25150.0,25150.0
2022-03-29,36650.0,36650.0,38500.0,38500.0,13450.0,12300.0,11400.0,13950.0,12900.0,16150.0,14100.0,50850.0,56650.0,45000.0,51250.0,40850.0,61650.0,38250.0,38250.0,140850.0,145850.0,135850.0,14750.0,15150.0,14350.0,21500.0,21850.0,20000.0,20000.0,25350.0,25350.0
2022-03-30,36650.0,36650.0,38500.0,38500.0,13450.0,12300.0,11400.0,13950.0,12900.0,16150.0,14100.0,50850.0,56650.0,45000.0,51250.0,40850.0,61650.0,39100.0,39100.0,140850.0,145850.0,135850.0,14750.0,15150.0,14350.0,22150.0,22500.0,20000.0,20000.0,25350.0,25350.0
2022-03-31,37500.0,37500.0,38500.0,38500.0,13450.0,12300.0,11400.0,13950.0,12900.0,16150.0,14100.0,51250.0,56650.0,45850.0,49600.0,39150.0,60000.0,39500.0,39500.0,140850.0,145850.0,135850.0,14750.0,15150.0,14350.0,22150.0,22500.0,20000.0,20000.0,25350.0,25350.0
2022-04-01,37500.0,37500.0,38500.0,38500.0,13450.0,12300.0,11400.0,13950.0,12900.0,16150.0,14100.0,51250.0,56650.0,45850.0,49600.0,39150.0,60000.0,40000.0,40000.0,140850.0,145850.0,135850.0,14750.0,15150.0,14350.0,22150.0,22500.0,20000.0,20000.0,25350.0,25350.0
2022-04-04,38350.0,38350.0,39000.0,39000.0,13450.0,12300.0,11400.0,13950.0,12900.0,16150.0,14100.0,58750.0,63350.0,54150.0,50850.0,39150.0,62500.0,40150.0,40150.0,144150.0,149150.0,139150.0,15150.0,15500.0,14850.0,23350.0,23350.0,23000.0,23000.0,25350.0,25350.0
2022-04-05,39150.0,39150.0,39350.0,39350.0,13450.0,12300.0,11400.0,13950.0,12900.0,16150.0,14100.0,58350.0,63350.0,53350.0,55400.0,47500.0,63350.0,40100.0,40100.0,144150.0,149150.0,139150.0,15150.0,15500.0,14850.0,22850.0,22850.0,23000.0,23000.0,25350.0,25350.0
2022-04-06,39150.0,39150.0,39350.0,39350.0,13450.0,12300.0,11400.0,13950.0,12900.0,16150.0,14100.0,58350.0,63350.0,53350.0,60400.0,57500.0,63350.0,40150.0,40150.0,144150.0,149150.0,139150.0,15150.0,15500.0,14850.0,23500.0,22850.0,26000.0,26000.0,25150.0,25150.0
2022-04-07,39150.0,39150.0,39350.0,39350.0,13450.0,12300.0,11400.0,13950.0,12900.0,16150.0,14100.0,58350.0,65000.0,51650.0,61250.0,59150.0,63350.0,40150.0,40150.0,144150.0,149150.0,139150.0,15250.0,15650.0,14850.0,23650.0,23000.0,26000.0,26000.0,25150.0,25150.0
2022-04-08,36650.0,36650.0,39350.0,39350.0,13450.0,12300.0,11400.0,13950.0,12900.0,16150.0,14100.0,53350.0,60000.0,46650.0,54600.0,50850.0,58350.0,40150.0,40150.0,144150.0,149150.0,139150.0,15250.0,15650.0,14850.0,23500.0,22850.0,26000.0,26000.0,25150.0,25150.0
2022-04-11,36350.0,36350.0,39350.0,39350.0,13450.0,12300.0,11400.0,13950.0,12900.0,16150.0,14100.0,48750.0,56650.0,40850.0,44150.0,40000.0,48350.0,39350.0,39350.0,144150.0,149150.0,139150.0,15250.0,15650.0,14850.0,23950.0,22650.0,26000.0,26000.0,25000.0,25000.0
2022-04-12,36350.0,36350.0,39350.0,39350.0,13450.0,12300.0,11400.0,13950.0,12900.0,16150.0,14100.0,48750.0,56650.0,40850.0,44150.0,40000.0,48350.0,39350.0,39350.0,146650.0,152500.0,140850.0,15100.0,16000.0,14850.0,23950.0,22650.0,26000.0,26000.0,25000.0,25000.0
2022-04-13,37150.0,37150.0,39650.0,39650.0,13450.0,12300.0,11400.0,13950.0,12900.0,16150.0,14100.0,47100.0,53350.0,40850.0,41250.0,38350.0,44150.0,39000.0,39000.0,146650.0,152500.0,140850.0,15250.0,16000.0,15000.0,23950.0,22650.0,26000.0,26000.0,24500.0,24500.0
2022-04-14,38000.0,38000.0,39650.0,39650.0,13450.0,12300.0,11400.0,13950.0,12900.0,16150.0,14100.0,46250.0,51650.0,40850.0,40850.0,37500.0,44150.0,39100.0,39100.0,146650.0,152500.0,140850.0,15250.0,16000.0,15000.0,23650.0,21850.0,26000.0,26000.0,24350.0,24350.0
2022-04-15,,,,,,,,,,,,,,,,,,,,,,,,,,,,,,,
2022-04-18,39650.0,39650.0,41350.0,41350.0,13450.0,12300.0,11400.0,13950.0,12900.0,16150.0,14100.0,44600.0,50000.0,39150.0,40000.0,39150.0,40850.0,38750.0,38750.0,146650.0,152500.0,140850.0,15350.0,16500.0,15000.0,23550.0,21500.0,26000.0,26000.0,24350.0,24350.0
2022-04-19,39650.0,39650.0,41350.0,41350.0,13450.0,12300.0,11400.0,13950.0,12900.0,16150.0,14100.0,45400.0,50000.0,40850.0,40000.0,39150.0,40850.0,38600.0,38600.0,146650.0,152500.0,140850.0,15350.0,16500.0,15000.0,23550.0,21500.0,26000.0,26000.0,24650.0,24650.0
2022-04-20,39650.0,39650.0,41350.0,41350.0,13450.0,12300.0,11400.0,13950.0,12900.0,16150.0,14100.0,45400.0,50000.0,40850.0,40000.0,39150.0,40850.0,38600.0,38600.0,146650.0,152500.0,140850.0,15350.0,16500.0,15000.0,23550.0,21500.0,26000.0,26000.0,25350.0,25350.0
2022-04-21,39650.0,39650.0,41350.0,41350.0,13450.0,12300.0,11400.0,13950.0,12900.0,16150.0,14100.0,44600.0,50000.0,39150.0,40000.0,39150.0,40850.0,38600.0,38600.0,146650.0,152500.0,140850.0,15350.0,16500.0,15000.0,23550.0,21500.0,26000.0,26000.0,25500.0,25500.0
2022-04-22,39650.0,39650.0,41350.0,41350.0,13450.0,12300.0,11400.0,13950.0,12900.0,16150.0,14100.0,44600.0,50000.0,39150.0,40000.0,39150.0,40850.0,39000.0,39000.0,146650.0,152500.0,140850.0,15350.0,16500.0,15000.0,23550.0,21500.0,26000.0,26000.0,25500.0,25500.0
2022-04-25,45000.0,45000.0,41650.0,41650.0,13450.0,12300.0,11400.0,13950.0,12900.0,16150.0,14100.0,48350.0,51650.0,45000.0,44250.0,42650.0,45850.0,40350.0,40350.0,150000.0,155850.0,144150.0,15650.0,16250.0,15350.0,23600.0,21150.0,26500.0,26000.0,26000.0,26000.0
2022-04-26,46650.0,46650.0,41650.0,41650.0,13450.0,12300.0,11400.0,13950.0,12900.0,16150.0,14100.0,57100.0,65850.0,48350.0,44650.0,42650.0,46650.0,41500.0,41500.0,150000.0,155850.0,144150.0,15750.0,16500.0,15350.0,24100.0,21150.0,26500.0,25650.0,26150.0,26150.0
2022-04-27,45850.0,45850.0,42500.0,42500.0,13450.0,12300.0,11400.0,13950.0,12900.0,16150.0,14100.0,58350.0,69150.0,47500.0,46750.0,42650.0,50850.0,41500.0,41500.0,150000.0,155850.0,144150.0,15350.0,15500.0,15350.0,24300.0,21350.0,27000.0,25650.0,26350.0,26350.0
2022-04-28,45850.0,45850.0,43350.0,43350.0,13450.0,12300.0,11400.0,13950.0,12900.0,16150.0,14100.0,58750.0,70000.0,47500.0,46750.0,42650.0,50850.0,42850.0,42850.0,150000.0,155850.0,144150.0,15600.0,16250.0,15350.0,24300.0,21350.0,27000.0,25650.0,26500.0,26500.0
2022-04-29,,,,,,,,,,,,,,,,,,,,,,,,,,,,,,,
2022-05-02,,,,,,,,,,,,,,,,,,,,,,,,,,,,,,,
2022-05-03,,,,,,,,,,,,,,,,,,,,,,,,,,,,,,,
2022-05-04,,,,,,,,,,,,,,,,,,,,,,,,,,,,,,,
2022-05-05,,,,,,,,,,,,,,,,,,,,,,,,,,,,,,,
2022-05-06,,,,,,,,,,,,,,,,,,,,,,,,,,,,,,,
2022-05-09,40000.0,40000.0,42500.0,42500.0,13450.0,12300.0,11400.0,13950.0,12900.0,16150.0,14100.0,50400.0,57500.0,43350.0,41250.0,39150.0,43350.0,41850.0,41850.0,146650.0,152500.0,140850.0,15650.0,16000.0,15350.0,23900.0,20850.0,25750.0,26150.0,26850.0,26850.0
2022-05-10,40000.0,40000.0,40850.0,40850.0,13450.0,12300.0,11400.0,13950.0,12900.0,16150.0,14100.0,45850.0,50850.0,40850.0,40000.0,38350.0,41650.0,40650.0,40650.0,146650.0,152500.0,140850.0,15650.0,16000.0,15350.0,24150.0,20850.0,25500.0,26150.0,26850.0,26850.0
2022-05-11,40000.0,40000.0,40850.0,40850.0,13450.0,12300.0,11400.0,13950.0,12900.0,16150.0,14100.0,45850.0,50850.0,40850.0,40000.0,38350.0,41650.0,40100.0,40100.0,146650.0,152500.0,140850.0,15650.0,16000.0,15350.0,23900.0,20850.0,25750.0,26150.0,26500.0,26500.0
2022-05-12,45000.0,45000.0,42850.0,42850.0,13450.0,12300.0,11400.0,13950.0,12900.0,16150.0,14100.0,45850.0,50850.0,40850.0,39150.0,37500.0,40850.0,39750.0,39750.0,146650.0,152500.0,140850.0,15650.0,16000.0,15350.0,23900.0,20850.0,25750.0,26150.0,26500.0,26500.0
2022-05-13,47500.0,47500.0,42850.0,42850.0,13400.0,12250.0,11350.0,13900.0,12850.0,16100.0,14050.0,46650.0,52500.0,40850.0,39150.0,37500.0,40850.0,39400.0,39400.0,146650.0,152500.0,140850.0,15650.0,16000.0,15350.0,23900.0,20850.0,26500.0,26150.0,26500.0,26500.0
2022-05-16,,,,,,,,,,,,,,,,,,,,,,,,,,,,,,,
2022-05-17,50850.0,50850.0,40350.0,40350.0,13400.0,12250.0,11350.0,13900.0,12850.0,16100.0,14050.0,53350.0,62500.0,44150.0,42100.0,39150.0,45000.0,37650.0,37650.0,146650.0,152500.0,140850.0,15650.0,16000.0,15350.0,24100.0,20650.0,25750.0,26150.0,26650.0,26650.0
2022-05-18,50850.0,50850.0,40350.0,40350.0,13400.0,12250.0,11350.0,13900.0,12850.0,16100.0,14050.0,54600.0,62500.0,46650.0,46650.0,43350.0,50000.0,36850.0,36850.0,146650.0,152500.0,140850.0,15650.0,16000.0,15350.0,24100.0,20650.0,25750.0,26150.0,26850.0,26850.0
2022-05-19,50850.0,50850.0,40350.0,40350.0,13400.0,12200.0,11300.0,13900.0,12850.0,16100.0,14000.0,56250.0,62500.0,50000.0,53750.0,47500.0,60000.0,36850.0,36850.0,146650.0,152500.0,140850.0,15650.0,16000.0,15350.0,24100.0,20650.0,25750.0,26150.0,27500.0,27500.0
2022-05-20,50850.0,50850.0,40350.0,40350.0,13400.0,12200.0,11300.0,13900.0,12850.0,16100.0,14000.0,56250.0,62500.0,50000.0,54600.0,49150.0,60000.0,36850.0,36850.0,146650.0,152500.0,140850.0,15650.0,16000.0,15350.0,24100.0,20650.0,25750.0,26150.0,27500.0,27500.0
2022-05-23,52500.0,52500.0,41150.0,41150.0,13400.0,12200.0,11300.0,13900.0,12850.0,16100.0,14000.0,57900.0,65850.0,50000.0,57500.0,55000.0,60000.0,36000.0,36000.0,146650.0,152500.0,140850.0,15650.0,16000.0,15350.0,23350.0,19850.0,25750.0,25500.0,27850.0,27850.0
2022-05-24,51650.0,51650.0,41150.0,41150.0,13400.0,12200.0,11300.0,13900.0,12850.0,16100.0,14000.0,59150.0,65000.0,53350.0,59600.0,55000.0,64150.0,35850.0,35850.0,146650.0,152500.0,140850.0,15650.0,16000.0,15350.0,23600.0,19850.0,25500.0,25500.0,28000.0,28000.0
2022-05-25,51650.0,51650.0,41150.0,41150.0,13400.0,12200.0,11300.0,13900.0,12850.0,16100.0,14000.0,60400.0,65000.0,55850.0,63750.0,57500.0,70000.0,35850.0,35850.0,146650.0,152500.0,140850.0,15650.0,16000.0,15350.0,23600.0,19850.0,25500.0,25500.0,28000.0,28000.0
2022-05-26,,,,,,,,,,,,,,,,,,,,,,,,,,,,,,,
2022-05-27,51650.0,51650.0,41150.0,41150.0,13400.0,12200.0,11300.0,13900.0,12850.0,16100.0,14000.0,60400.0,66650.0,54150.0,62500.0,55000.0,70000.0,36350.0,36350.0,146650.0,152500.0,140850.0,15650.0,16000.0,15350.0,23700.0,19850.0,25500.0,25850.0,28150.0,28150.0
2022-05-30,50850.0,50850.0,40850.0,40850.0,13400.0,12200.0,11300.0,13900.0,12850.0,16100.0,14000.0,64600.0,71650.0,57500.0,65000.0,58350.0,71650.0,37850.0,37850.0,146650.0,152500.0,140850.0,15650.0,16000.0,15350.0,23450.0,18700.0,25850.0,25850.0,28350.0,28350.0
2022-05-31,50850.0,50850.0,40500.0,40500.0,13400.0,12200.0,11300.0,13900.0,12850.0,16100.0,14000.0,65400.0,71650.0,59150.0,65850.0,58350.0,73350.0,38150.0,38150.0,146650.0,152500.0,140850.0,15650.0,16000.0,15350.0,23450.0,18700.0,25850.0,25850.0,28650.0,28650.0
2022-06-01,,,,,,,,,,,,,,,,,,,,,,,,,,,,,,,
2022-06-02,50850.0,50850.0,40500.0,40500.0,13400.0,12200.0,11300.0,13900.0,12850.0,16100.0,14050.0,65400.0,71650.0,59150.0,66650.0,60000.0,73350.0,38500.0,38500.0,146650.0,152500.0,140850.0,15650.0,16000.0,15350.0,23350.0,18400.0,25850.0,25850.0,28850.0,28850.0
2022-06-03,50850.0,50850.0,40500.0,40500.0,13400.0,12200.0,11300.0,13900.0,12850.0,16100.0,14050.0,66250.0,71650.0,60850.0,68750.0,60000.0,77500.0,37850.0,37850.0,146650.0,152500.0,140850.0,15650.0,16000.0,15350.0,23350.0,18400.0,25850.0,25850.0,28450.0,28450.0
2022-06-06,55000.0,55000.0,40500.0,40500.0,13400.0,12200.0,11300.0,13900.0,12850.0,16100.0,14050.0,72500.0,75850.0,69150.0,86650.0,73350.0,100000.0,38500.0,38500.0,146650.0,152500.0,140850.0,15650.0,16000.0,15350.0,23250.0,18050.0,25850.0,25850.0,29500.0,29500.0
2022-06-07,56650.0,56650.0,40500.0,40500.0,13400.0,12200.0,11300.0,13900.0,12850.0,16100.0,14050.0,76650.0,77500.0,75850.0,90000.0,76650.0,103350.0,39500.0,39500.0,146650.0,152500.0,140850.0,15650.0,16000.0,15350.0,23250.0,18050.0,25850.0,25850.0,29500.0,29500.0
2022-06-08,57500.0,57500.0,40500.0,40500.0,13400.0,12200.0,11300.0,13900.0,12850.0,16100.0,14050.0,77900.0,79150.0,76650.0,90000.0,76650.0,103350.0,40350.0,40350.0,146650.0,152500.0,140850.0,15650.0,16000.0,15350.0,23250.0,18050.0,25850.0,25850.0,29250.0,29250.0
2022-06-09,57500.0,57500.0,40500.0,40500.0,13400.0,12200.0,11300.0,13900.0,12850.0,16100.0,14050.0,77900.0,79150.0,76650.0,90000.0,76650.0,103350.0,40650.0,40650.0,146650.0,152500.0,140850.0,15650.0,16000.0,15350.0,23250.0,18050.0,25850.0,25850.0,29250.0,29250.0
2022-06-10,57500.0,57500.0,40500.0,40500.0,13400.0,12200.0,11300.0,13900.0,12850.0,16100.0,14050.0,77100.0,77500.0,76650.0,87500.0,76650.0,98350.0,40650.0,40650.0,146650.0,152500.0,140850.0,15650.0,16000.0,15350.0,23200.0,17900.0,25850.0,25850.0,29100.0,29100.0
2022-06-13,58350.0,58350.0,40500.0,40500.0,13400.0,12200.0,11300.0,13900.0,12850.0,16100.0,14050.0,83750.0,79150.0,88350.0,93350.0,80000.0,106650.0,40350.0,40350.0,146650.0,152500.0,140850.0,15650.0,16000.0,15350.0,23150.0,17900.0,25850.0,25650.0,28850.0,28850.0
2022-06-14,59150.0,59150.0,40500.0,40500.0,13400.0,12200.0,11300.0,13900.0,12850.0,16100.0,14050.0,88350.0,86650.0,90000.0,99150.0,81650.0,116650.0,40350.0,40350.0,146650.0,152500.0,140850.0,15650.0,16000.0,15350.0,23050.0,17650.0,25850.0,25650.0,29000.0,29000.0
2022-06-15,59150.0,59150.0,40500.0,40500.0,13400.0,12200.0,11300.0,13900.0,12850.0,16100.0,14050.0,88350.0,86650.0,90000.0,99150.0,81650.0,116650.0,40150.0,40150.0,146650.0,152500.0,140850.0,15650.0,16000.0,15350.0,21000.0,17650.0,25750.0,25500.0,29000.0,29000.0
2022-06-16,60850.0,60850.0,40000.0,40000.0,13400.0,12200.0,11300.0,13900.0,12850.0,16100.0,14050.0,88350.0,86650.0,90000.0,99150.0,81650.0,116650.0,40150.0,40150.0,146650.0,152500.0,140850.0,15650.0,16000.0,15350.0,20650.0,17300.0,25750.0,25500.0,29000.0,29000.0
2022-06-17,60850.0,60850.0,40000.0,40000.0,13400.0,12200.0,11300.0,13900.0,12850.0,16100.0,14050.0,90000.0,86650.0,93350.0,99150.0,81650.0,116650.0,39850.0,39850.0,146650.0,152500.0,140850.0,15650.0,16000.0,15350.0,22200.0,17300.0,25750.0,25350.0,28850.0,28850.0
2022-06-20,60850.0,60850.0,40000.0,40000.0,13400.0,12200.0,11300.0,13900.0,12850.0,16100.0,14050.0,89150.0,85000.0,93350.0,98350.0,80000.0,116650.0,38750.0,38750.0,146650.0,152500.0,140850.0,15650.0,16000.0,15350.0,20600.0,17150.0,25750.0,25500.0,28900.0,28900.0
2022-06-21,60850.0,60850.0,40000.0,40000.0,13100.0,11800.0,10900.0,13500.0,12450.0,15850.0,14050.0,89150.0,85000.0,93350.0,99150.0,80000.0,118350.0,39850.0,39850.0,145850.0,151400.0,140300.0,15750.0,16150.0,15300.0,20400.0,16950.0,25500.0,25100.0,28650.0,28650.0
2022-06-22,60850.0,60850.0,39150.0,39150.0,13400.0,12200.0,11300.0,13900.0,12850.0,16100.0,14050.0,89150.0,85000.0,93350.0,98350.0,78350.0,118350.0,38500.0,38500.0,146650.0,152500.0,140850.0,15650.0,16000.0,15350.0,20600.0,17150.0,25750.0,25500.0,28650.0,28650.0
2022-06-23,60850.0,60850.0,39150.0,39150.0,13400.0,12200.0,11300.0,13900.0,12850.0,16100.0,14050.0,89150.0,85000.0,93350.0,99150.0,78350.0,120000.0,38350.0,38350.0,146650.0,152500.0,140850.0,15650.0,16000.0,15350.0,20600.0,17150.0,25750.0,25500.0,28500.0,28500.0
2022-06-24,60850.0,60850.0,39150.0,39150.0,13400.0,12200.0,11300.0,13900.0,12850.0,16100.0,14050.0,89150.0,85000.0,93350.0,99150.0,78350.0,120000.0,38850.0,38850.0,146650.0,152500.0,140850.0,15650.0,16000.0,15350.0,20600.0,17150.0,25750.0,25500.0,28350.0,28350.0
2022-06-27,60850.0,60850.0,39150.0,39150.0,13400.0,12200.0,11300.0,13900.0,12850.0,16100.0,14050.0,91250.0,85000.0,97500.0,101650.0,83350.0,120000.0,38850.0,38850.0,146650.0,152500.0,140850.0,15500.0,15650.0,15350.0,22100.0,16950.0,25750.0,25350.0,28100.0,28100.0
2022-06-28,68350.0,68350.0,39150.0,39150.0,13400.0,12200.0,11300.0,13900.0,12850.0,16100.0,14050.0,91250.0,85000.0,97500.0,101650.0,83350.0,120000.0,38850.0,38850.0,146650.0,152500.0,140850.0,15500.0,15650.0,15350.0,22100.0,16950.0,25750.0,25350.0,28100.0,28100.0
2022-06-29,75000.0,75000.0,39150.0,39150.0,13400.0,12200.0,11300.0,13900.0,12850.0,16100.0,14050.0,90400.0,85000.0,95850.0,101650.0,83350.0,120000.0,39000.0,39000.0,146650.0,152500.0,140850.0,15500.0,15650.0,15350.0,22100.0,16950.0,25750.0,25350.0,28100.0,28100.0
2022-06-30,75000.0,75000.0,39150.0,39150.0,13400.0,12150.0,11250.0,13850.0,12800.0,16100.0,14050.0,90400.0,85000.0,95850.0,101650.0,83350.0,120000.0,39000.0,39000.0,146650.0,152500.0,140850.0,15500.0,15650.0,15350.0,22100.0,16950.0,25750.0,25350.0,28100.0,28100.0
2022-07-01,75000.0,75000.0,39150.0,39150.0,13400.0,12150.0,11250.0,13850.0,12800.0,16100.0,14050.0,92900.0,86650.0,99150.0,102500.0,85000.0,120000.0,39000.0,39000.0,146650.0,152500.0,140850.0,15500.0,15650.0,15350.0,22100.0,16950.0,25750.0,25350.0,27750.0,27750.0
2022-07-04,81650.0,81650.0,38350.0,38350.0,13400.0,12150.0,11250.0,13850.0,12800.0,16100.0,14050.0,100850.0,96650.0,105000.0,105000.0,90000.0,120000.0,38100.0,38100.0,145850.0,151650.0,140000.0,15150.0,15150.0,15150.0,20200.0,16250.0,25750.0,25250.0,27850.0,27850.0
2022-07-05,81650.0,81650.0,38350.0,38350.0,13400.0,12150.0,11250.0,13850.0,12800.0,16100.0,14050.0,100850.0,96650.0,105000.0,105000.0,90000.0,120000.0,38150.0,38150.0,145850.0,151650.0,140000.0,15150.0,15150.0,15150.0,21750.0,16250.0,25750.0,25150.0,27850.0,27850.0
2022-07-06,80850.0,80850.0,38350.0,38350.0,13400.0,12150.0,11250.0,13850.0,12800.0,16100.0,14050.0,101650.0,96650.0,106650.0,107100.0,93350.0,120850.0,38150.0,38150.0,145850.0,151650.0,140000.0,15150.0,15150.0,15150.0,21750.0,16250.0,25750.0,25150.0,27850.0,27850.0
2022-07-07,77150.0,77150.0,38700.0,38700.0,13400.0,12200.0,11250.0,13950.0,12900.0,15950.0,14000.0,97900.0,95000.0,100850.0,106400.0,92000.0,120850.0,38150.0,38150.0,146400.0,152200.0,140550.0,15150.0,15150.0,15150.0,21900.0,16550.0,25750.0,25150.0,27700.0,27700.0
2022-07-08,80850.0,80850.0,38350.0,38350.0,13400.0,12150.0,11250.0,13850.0,12800.0,16100.0,14050.0,99600.0,96650.0,102500.0,107900.0,95000.0,120850.0,39250.0,39250.0,145850.0,151650.0,140000.0,15150.0,15150.0,15150.0,21750.0,16250.0,25750.0,25150.0,27850.0,27850.0
2022-07-11,76650.0,76650.0,38350.0,38350.0,13400.0,12150.0,11250.0,13850.0,12800.0,16100.0,14050.0,132500.0,126650.0,138350.0,113750.0,98350.0,129150.0,39250.0,39250.0,145850.0,151650.0,140000.0,15150.0,15150.0,15150.0,21500.0,15750.0,25750.0,25000.0,28350.0,28350.0
2022-07-12,77200.0,77200.0,38000.0,38000.0,13900.0,12800.0,11900.0,14500.0,13400.0,16650.0,14200.0,131400.0,131650.0,131100.0,114850.0,97200.0,132500.0,38200.0,38200.0,147100.0,153350.0,140850.0,15100.0,15150.0,15050.0,21700.0,15700.0,26250.0,25200.0,28350.0,28350.0
2022-07-13,75000.0,75000.0,38350.0,38350.0,13400.0,12150.0,11250.0,13850.0,12800.0,16100.0,14050.0,131650.0,135000.0,128350.0,113350.0,98350.0,128350.0,39650.0,39650.0,145850.0,151650.0,140000.0,15150.0,15150.0,15150.0,21500.0,15750.0,25750.0,25000.0,28350.0,28350.0
2022-07-14,75000.0,75000.0,37500.0,37500.0,13400.0,12150.0,11250.0,13850.0,12800.0,16100.0,14050.0,110000.0,111650.0,108350.0,104150.0,98350.0,110000.0,39150.0,39150.0,145850.0,151650.0,140000.0,15150.0,15150.0,15150.0,21500.0,15750.0,25750.0,25000.0,28650.0,28650.0
2022-07-15,73750.0,73750.0,37450.0,37450.0,13950.0,12850.0,11900.0,14600.0,13500.0,16550.0,14300.0,106450.0,108350.0,104600.0,103750.0,96650.0,110850.0,38400.0,38400.0,147850.0,154000.0,141650.0,15300.0,15350.0,15250.0,22400.0,16200.0,25850.0,25250.0,28750.0,28750.0
2022-07-18,73350.0,73350.0,37500.0,37500.0,13400.0,12150.0,11250.0,13850.0,12800.0,16100.0,14050.0,111650.0,106650.0,116650.0,95000.0,85000.0,105000.0,38850.0,38850.0,145850.0,151650.0,140000.0,15150.0,15150.0,15150.0,21450.0,15600.0,25750.0,25000.0,28500.0,28500.0
2022-07-19,70850.0,70850.0,36650.0,36650.0,13400.0,12150.0,11250.0,13850.0,12800.0,16100.0,14050.0,110000.0,106650.0,113350.0,92900.0,85000.0,100850.0,38850.0,38850.0,145850.0,151650.0,140000.0,15150.0,15150.0,15150.0,21450.0,15600.0,25750.0,25000.0,28500.0,28500.0
2022-07-20,70850.0,70850.0,36650.0,36650.0,13400.0,12150.0,11250.0,13850.0,12800.0,16100.0,14050.0,110000.0,106650.0,113350.0,91250.0,81650.0,100850.0,38850.0,38850.0,145850.0,151650.0,140000.0,15150.0,15150.0,15150.0,21450.0,15600.0,25750.0,25000.0,28500.0,28500.0
2022-07-21,66650.0,66650.0,36650.0,36650.0,13400.0,12150.0,11250.0,13850.0,12800.0,16100.0,14050.0,110000.0,106650.0,113350.0,86250.0,73350.0,99150.0,38750.0,38750.0,145850.0,151650.0,140000.0,15150.0,15150.0,15150.0,21450.0,15600.0,25750.0,25000.0,28500.0,28500.0
2022-07-22,65850.0,65850.0,36650.0,36650.0,13400.0,12150.0,11250.0,13850.0,12800.0,16100.0,14050.0,109150.0,106650.0,111650.0,82900.0,71650.0,94150.0,38750.0,38750.0,145850.0,151650.0,140000.0,15150.0,15150.0,15150.0,21450.0,15600.0,25750.0,25000.0,28500.0,28500.0
2022-07-25,50850.0,50850.0,36650.0,36650.0,13400.0,12150.0,11250.0,13850.0,12800.0,16100.0,14050.0,96650.0,100000.0,93350.0,73350.0,61650.0,85000.0,38850.0,38850.0,145850.0,151650.0,140000.0,15150.0,15150.0,15150.0,21450.0,15600.0,25750.0,25000.0,28350.0,28350.0
2022-07-26,50850.0,50850.0,36650.0,36650.0,13400.0,12150.0,11250.0,13850.0,12800.0,16100.0,14050.0,95850.0,98350.0,93350.0,72500.0,61650.0,83350.0,39150.0,39150.0,145850.0,151650.0,140000.0,15150.0,15150.0,15150.0,21450.0,15600.0,25750.0,25000.0,28350.0,28350.0
2022-07-27,50850.0,50850.0,36650.0,36650.0,13400.0,12150.0,11250.0,13850.0,12800.0,16100.0,14050.0,95850.0,98350.0,93350.0,72100.0,60850.0,83350.0,39150.0,39150.0,145850.0,151650.0,140000.0,15150.0,15150.0,15150.0,21450.0,15600.0,25750.0,25000.0,28350.0,28350.0
2022-07-28,49150.0,49150.0,36650.0,36650.0,13400.0,12150.0,11250.0,13850.0,12800.0,16100.0,14050.0,95000.0,96650.0,93350.0,70400.0,59150.0,81650.0,39150.0,39150.0,145850.0,151650.0,140000.0,15150.0,15150.0,15150.0,21450.0,15600.0,25750.0,25000.0,28350.0,28350.0
2022-07-29,49150.0,49150.0,36650.0,36650.0,13400.0,12150.0,11250.0,13850.0,12800.0,16100.0,14050.0,95000.0,96650.0,93350.0,69600.0,57500.0,81650.0,39250.0,39250.0,145850.0,151650.0,140000.0,15150.0,15150.0,15150.0,21450.0,15600.0,25750.0,25000.0,28350.0,28350.0
2022-08-01,47500.0,47500.0,37500.0,37500.0,13400.0,12150.0,11250.0,13850.0,12800.0,16100.0,14050.0,88750.0,90850.0,86650.0,69150.0,59150.0,79150.0,38750.0,38750.0,145850.0,151650.0,140000.0,15150.0,15150.0,15150.0,21200.0,15400.0,25250.0,24650.0,28000.0,28000.0
2022-08-02,47500.0,47500.0,37500.0,37500.0,13400.0,12150.0,11250.0,13850.0,12800.0,16100.0,14050.0,88750.0,90850.0,86650.0,69150.0,59150.0,79150.0,38750.0,38750.0,145850.0,151650.0,140000.0,15150.0,15150.0,15150.0,20550.0,15400.0,23250.0,24000.0,28000.0,28000.0
2022-08-03,47500.0,47500.0,37500.0,37500.0,13400.0,12150.0,11250.0,13850.0,12800.0,16100.0,14050.0,87100.0,87500.0,86650.0,69150.0,59150.0,79150.0,38150.0,38150.0,145850.0,151650.0,140000.0,15150.0,15150.0,15150.0,19600.0,15400.0,22300.0,22200.0,28000.0,28000.0
2022-08-04,47500.0,47500.0,37500.0,37500.0,13400.0,12150.0,11250.0,13850.0,12800.0,16100.0,14050.0,87100.0,87500.0,86650.0,69150.0,59150.0,79150.0,37900.0,37900.0,145850.0,151650.0,140000.0,15150.0,15150.0,15150.0,19600.0,15400.0,22300.0,22200.0,28000.0,28000.0
2022-08-05,47500.0,47500.0,37500.0,37500.0,13400.0,12150.0,11250.0,13850.0,12800.0,16100.0,14050.0,87100.0,87500.0,86650.0,69150.0,59150.0,79150.0,37350.0,37350.0,145850.0,151650.0,140000.0,15150.0,15150.0,15150.0,19600.0,15400.0,22300.0,22200.0,27850.0,27850.0
2022-08-08,45000.0,45000.0,37500.0,37500.0,13400.0,12200.0,11300.0,13900.0,12850.0,16150.0,14100.0,85000.0,85850.0,84150.0,69150.0,59150.0,79150.0,36350.0,36350.0,145850.0,151650.0,140000.0,15150.0,15150.0,15150.0,19400.0,15250.0,22300.0,21850.0,27650.0,27650.0
2022-08-09,44700.0,44700.0,37500.0,37500.0,12650.0,11350.0,10450.0,13000.0,11950.0,15450.0,13800.0,86550.0,88600.0,84450.0,67800.0,58050.0,77500.0,38750.0,38750.0,143750.0,149150.0,138350.0,15050.0,15050.0,15050.0,19200.0,15300.0,21850.0,21550.0,27550.0,27550.0
2022-08-10,45000.0,45000.0,37500.0,37500.0,13400.0,12200.0,11300.0,13900.0,12850.0,16150.0,14100.0,83750.0,83350.0,84150.0,67100.0,59150.0,75000.0,35850.0,35850.0,145850.0,151650.0,140000.0,15150.0,15150.0,15150.0,19400.0,15250.0,22300.0,21850.0,28000.0,28000.0
2022-08-11,42500.0,42500.0,37500.0,37500.0,13400.0,12200.0,11300.0,13900.0,12850.0,16150.0,14100.0,80400.0,80000.0,80850.0,64600.0,59150.0,70000.0,35850.0,35850.0,145850.0,151650.0,140000.0,15150.0,15150.0,15150.0,19400.0,15250.0,22300.0,21850.0,28150.0,28150.0
2022-08-12,41650.0,41650.0,37500.0,37500.0,13400.0,12200.0,11300.0,13900.0,12850.0,16150.0,14100.0,79600.0,80000.0,79150.0,63750.0,59150.0,68350.0,35850.0,35850.0,145850.0,151650.0,140000.0,15150.0,15150.0,15150.0,19400.0,15250.0,22300.0,21850.0,29350.0,29350.0
2022-08-15,39150.0,39150.0,37500.0,37500.0,13450.0,12250.0,11350.0,13950.0,12900.0,16200.0,14150.0,78350.0,80850.0,75850.0,60000.0,57500.0,62500.0,36350.0,36350.0,145850.0,151650.0,140000.0,15150.0,15150.0,15150.0,19400.0,15250.0,22300.0,21850.0,29850.0,29850.0
2022-08-16,39150.0,39150.0,37500.0,37500.0,13500.0,12300.0,11400.0,13950.0,12900.0,16200.0,14150.0,78350.0,80850.0,75850.0,59150.0,57500.0,60850.0,36850.0,36850.0,145850.0,151650.0,140000.0,15150.0,15150.0,15150.0,19400.0,15250.0,22300.0,21850.0,30150.0,30150.0
2022-08-17,,,,,,,,,,,,,,,,,,,,,,,,,,,,,,,
2022-08-18,39150.0,39150.0,37500.0,37500.0,13600.0,12400.0,11500.0,14050.0,13000.0,16300.0,14250.0,78350.0,80850.0,75850.0,57900.0,55000.0,60850.0,37350.0,37350.0,145850.0,151650.0,140000.0,15150.0,15150.0,15150.0,19400.0,15250.0,22300.0,21850.0,31000.0,31000.0
2022-08-19,39150.0,39150.0,37500.0,37500.0,13600.0,12400.0,11500.0,14050.0,13000.0,16300.0,14250.0,79150.0,80850.0,77500.0,57900.0,55000.0,60850.0,37500.0,37500.0,145850.0,151650.0,140000.0,15150.0,15150.0,15150.0,19750.0,15250.0,22200.0,21850.0,31000.0,31000.0
2022-08-22,38350.0,38350.0,37500.0,37500.0,13600.0,12400.0,11500.0,14050.0,13000.0,16300.0,14250.0,76650.0,76650.0,76650.0,57500.0,55000.0,60000.0,37600.0,37600.0,145850.0,151650.0,140000.0,15150.0,15150.0,15150.0,19750.0,15250.0,22200.0,21850.0,31350.0,31350.0
2022-08-23,41000.0,41000.0,36250.0,36250.0,13550.0,12550.0,11500.0,14000.0,13350.0,16000.0,14000.0,73850.0,74650.0,73000.0,60000.0,59000.0,61000.0,37150.0,37150.0,146650.0,152350.0,141000.0,15100.0,15150.0,15000.0,19800.0,15250.0,22200.0,21950.0,30850.0,30850.0
2022-08-24,38350.0,38350.0,37500.0,37500.0,13600.0,12400.0,11500.0,14100.0,13050.0,16300.0,14300.0,74150.0,75000.0,73350.0,56650.0,55000.0,58350.0,37400.0,37400.0,145850.0,151650.0,140000.0,15150.0,15150.0,15150.0,19750.0,15250.0,22200.0,21850.0,31350.0,31350.0
2022-08-25,37500.0,37500.0,37500.0,37500.0,13650.0,12450.0,11550.0,14100.0,13050.0,16350.0,14300.0,72500.0,71650.0,73350.0,55850.0,55000.0,56650.0,37400.0,37400.0,145850.0,151650.0,140000.0,15150.0,15150.0,15150.0,19750.0,15250.0,22200.0,21850.0,31350.0,31350.0
2022-08-26,38250.0,38250.0,35500.0,35500.0,13700.0,12550.0,11650.0,14250.0,13200.0,16150.0,14300.0,71350.0,70550.0,72100.0,57600.0,57100.0,58050.0,36200.0,36200.0,146400.0,152150.0,140650.0,15150.0,15200.0,15100.0,19900.0,15200.0,22600.0,21850.0,30800.0,30800.0
2022-08-29,37500.0,37500.0,37500.0,37500.0,13650.0,12450.0,11550.0,14100.0,13050.0,16350.0,14300.0,71250.0,70850.0,71650.0,57500.0,55000.0,60000.0,35650.0,35650.0,145850.0,151650.0,140000.0,15150.0,15150.0,15150.0,19750.0,15250.0,22200.0,21850.0,31000.0,31000.0
2022-08-30,37500.0,37500.0,37500.0,37500.0,13650.0,12500.0,11600.0,14150.0,13100.0,16400.0,14350.0,70400.0,70850.0,70000.0,57500.0,55000.0,60000.0,34850.0,34850.0,145850.0,151650.0,140000.0,15150.0,15150.0,15150.0,19750.0,15250.0,22200.0,21850.0,30850.0,30850.0
2022-08-31,39150.0,39150.0,37500.0,37500.0,13650.0,12500.0,11600.0,14150.0,13100.0,16400.0,14350.0,70850.0,70850.0,70850.0,57500.0,55000.0,60000.0,34650.0,34650.0,145850.0,151650.0,140000.0,15150.0,15150.0,15150.0,19750.0,15250.0,22200.0,21850.0,30650.0,30650.0
2022-09-01,39150.0,39150.0,37500.0,37500.0,13650.0,12500.0,11600.0,14150.0,13100.0,16400.0,14350.0,73350.0,71650.0,75000.0,58350.0,56650.0,60000.0,34150.0,34150.0,145850.0,151650.0,140000.0,15150.0,15150.0,15150.0,19750.0,15250.0,22200.0,21850.0,30500.0,30500.0
2022-09-02,39150.0,39150.0,37500.0,37500.0,13650.0,12500.0,11600.0,14150.0,13100.0,16400.0,14350.0,74150.0,73350.0,75000.0,59150.0,56650.0,61650.0,34150.0,34150.0,145850.0,151650.0,140000.0,15150.0,15150.0,15150.0,19750.0,15250.0,22200.0,21850.0,30000.0,30000.0
2022-09-05,40850.0,40850.0,37500.0,37500.0,13650.0,12500.0,11600.0,14150.0,13100.0,16400.0,14350.0,82900.0,79150.0,86650.0,59600.0,56650.0,62500.0,35000.0,35000.0,145850.0,151650.0,140000.0,15150.0,15150.0,15150.0,19750.0,15250.0,22200.0,21850.0,29850.0,29850.0
2022-09-06,39900.0,39900.0,36450.0,36450.0,12650.0,11300.0,10450.0,12900.0,11900.0,15450.0,13900.0,81900.0,80850.0,82900.0,60000.0,55400.0,64600.0,36350.0,36350.0,142600.0,147700.0,137500.0,14850.0,14900.0,14800.0,19300.0,15000.0,21900.0,21100.0,29150.0,29150.0
2022-09-07,41650.0,41650.0,37500.0,37500.0,13650.0,12500.0,11600.0,14150.0,13100.0,16400.0,14350.0,83350.0,79150.0,87500.0,64600.0,60000.0,69150.0,35350.0,35350.0,145850.0,151650.0,140000.0,15150.0,15150.0,15150.0,19750.0,15250.0,22200.0,21850.0,29150.0,29150.0
2022-09-08,41650.0,41650.0,37500.0,37500.0,13650.0,12500.0,11600.0,14150.0,13100.0,16400.0,14350.0,83350.0,79150.0,87500.0,64600.0,60000.0,69150.0,35350.0,35350.0,145850.0,151650.0,140000.0,15150.0,15150.0,15150.0,19700.0,15100.0,22200.0,21850.0,29150.0,29150.0
2022-09-09,41650.0,41650.0,37500.0,37500.0,13750.0,12550.0,11650.0,14200.0,13150.0,16500.0,14500.0,83350.0,79150.0,87500.0,64600.0,60000.0,69150.0,35400.0,35400.0,145850.0,151650.0,140000.0,15150.0,15150.0,15150.0,19700.0,15100.0,22200.0,21850.0,29000.0,29000.0
2022-09-12,39150.0,39150.0,38350.0,38350.0,13750.0,12550.0,11650.0,14200.0,13150.0,16500.0,14500.0,80850.0,80000.0,81650.0,59600.0,51650.0,67500.0,34250.0,34250.0,145850.0,151650.0,140000.0,15150.0,15150.0,15150.0,19700.0,15100.0,22200.0,21850.0,28850.0,28850.0
2022-09-13,44150.0,44150.0,37900.0,37900.0,13450.0,12250.0,11450.0,13750.0,12800.0,16350.0,14200.0,85000.0,83350.0,86650.0,65650.0,56650.0,74600.0,35000.0,35000.0,144500.0,150350.0,138650.0,15000.0,15050.0,15000.0,19900.0,14800.0,22500.0,22400.0,28750.0,28750.0
2022-09-14,39150.0,39150.0,38350.0,38350.0,13750.0,12550.0,11650.0,14200.0,13150.0,16500.0,14500.0,78750.0,77500.0,80000.0,61650.0,53350.0,70000.0,34600.0,34600.0,145850.0,151650.0,140000.0,15150.0,15150.0,15150.0,19800.0,15100.0,22500.0,21850.0,28650.0,28650.0
2022-09-15,39150.0,39150.0,38350.0,38350.0,13750.0,12550.0,11650.0,14200.0,13150.0,16500.0,14500.0,78750.0,77500.0,80000.0,61650.0,53350.0,70000.0,35000.0,35000.0,145850.0,151650.0,140000.0,15150.0,15150.0,15150.0,19800.0,15100.0,22500.0,21850.0,28650.0,28650.0
2022-09-16,38000.0,38000.0,38350.0,38350.0,13750.0,12550.0,11650.0,14200.0,13150.0,16500.0,14500.0,75400.0,74150.0,76650.0,61650.0,53350.0,70000.0,35000.0,35000.0,145850.0,151650.0,140000.0,15150.0,15150.0,15150.0,19700.0,15100.0,22200.0,21850.0,28500.0,28500.0
2022-09-19,38850.0,38850.0,38000.0,38000.0,13750.0,12550.0,11650.0,14200.0,13150.0,16500.0,14500.0,74600.0,74150.0,75000.0,65400.0,53350.0,77500.0,35000.0,35000.0,145850.0,151650.0,140000.0,15150.0,15150.0,15150.0,19600.0,14900.0,21950.0,21850.0,27350.0,27350.0
2022-09-20,38200.0,38200.0,36900.0,36900.0,12900.0,11550.0,10700.0,13100.0,12150.0,15750.0,14050.0,78200.0,78350.0,78050.0,64450.0,51650.0,77200.0,35900.0,35900.0,142850.0,148000.0,137650.0,14950.0,14950.0,14900.0,19300.0,14650.0,21750.0,21550.0,27500.0,27500.0
2022-09-21,38850.0,38850.0,38000.0,38000.0,13750.0,12550.0,11650.0,14200.0,13150.0,16550.0,14500.0,75000.0,75000.0,75000.0,65400.0,51650.0,79150.0,35000.0,35000.0,145850.0,151650.0,140000.0,15150.0,15150.0,15150.0,19500.0,14750.0,21950.0,21850.0,27000.0,27000.0
2022-09-22,38850.0,38850.0,38000.0,38000.0,13750.0,12550.0,11650.0,14200.0,13150.0,16550.0,14500.0,75000.0,75000.0,75000.0,65400.0,51650.0,79150.0,35000.0,35000.0,145850.0,151650.0,140000.0,15150.0,15150.0,15150.0,19500.0,14750.0,21950.0,21850.0,26650.0,26650.0
2022-09-23,38850.0,38850.0,38000.0,38000.0,13750.0,12550.0,11650.0,14200.0,13150.0,16550.0,14500.0,75000.0,75000.0,75000.0,64150.0,50000.0,78350.0,34850.0,34850.0,145850.0,151650.0,140000.0,15150.0,15150.0,15150.0,19500.0,14750.0,21950.0,21850.0,26500.0,26500.0
2022-09-26,38350.0,38350.0,37150.0,37150.0,13750.0,12550.0,11650.0,14200.0,13150.0,16550.0,14500.0,68750.0,69150.0,68350.0,57900.0,45000.0,70850.0,35000.0,35000.0,145850.0,151650.0,140000.0,15150.0,15150.0,15150.0,19500.0,14750.0,21950.0,21850.0,25650.0,25650.0
2022-09-27,40850.0,40850.0,37350.0,37350.0,13000.0,11650.0,10800.0,13300.0,12250.0,15850.0,14150.0,75350.0,75000.0,75650.0,60400.0,48000.0,72850.0,37250.0,37250.0,145000.0,150550.0,139450.0,15100.0,15100.0,15100.0,19600.0,14900.0,22000.0,21950.0,26050.0,26050.0
2022-09-28,38350.0,38350.0,37150.0,37150.0,13750.0,12550.0,11650.0,14200.0,13150.0,16550.0,14500.0,67100.0,67500.0,66650.0,55400.0,43350.0,67500.0,35000.0,35000.0,145850.0,151650.0,140000.0,15150.0,15150.0,15150.0,19500.0,14750.0,21850.0,21850.0,25650.0,25650.0
2022-09-29,37500.0,37500.0,36350.0,36350.0,13750.0,12550.0,11650.0,14200.0,13150.0,16550.0,14500.0,67900.0,67500.0,68350.0,55400.0,42500.0,68350.0,34850.0,34850.0,145850.0,151650.0,140000.0,15150.0,15150.0,15150.0,19500.0,14750.0,21850.0,21850.0,25150.0,25150.0
2022-09-30,37500.0,37500.0,36350.0,36350.0,13750.0,12550.0,11650.0,14200.0,13150.0,16550.0,14500.0,67900.0,67500.0,68350.0,55400.0,42500.0,68350.0,34650.0,34650.0,145850.0,151650.0,140000.0,15150.0,15150.0,15150.0,19500.0,14750.0,21850.0,21850.0,25000.0,25000.0
2022-10-03,38350.0,38350.0,35500.0,35500.0,13750.0,12550.0,11650.0,14200.0,13150.0,16500.0,14450.0,63350.0,63350.0,63350.0,54150.0,43350.0,65000.0,34250.0,34250.0,142500.0,148350.0,136650.0,15150.0,15150.0,15150.0,19050.0,14750.0,21800.0,21850.0,24500.0,24500.0
2022-10-04,38350.0,38350.0,35500.0,35500.0,13750.0,12550.0,11650.0,14200.0,13150.0,16500.0,14450.0,63350.0,63350.0,63350.0,54150.0,43350.0,65000.0,34250.0,34250.0,142500.0,148350.0,136650.0,15150.0,15150.0,15150.0,19500.0,14750.0,21850.0,21850.0,24500.0,24500.0
2022-10-05,38350.0,38350.0,35500.0,35500.0,13750.0,12550.0,11650.0,14200.0,13150.0,16500.0,14450.0,63350.0,63350.0,63350.0,53350.0,41650.0,65000.0,34400.0,34400.0,142500.0,148350.0,136650.0,15150.0,15150.0,15150.0,19500.0,14750.0,21850.0,21850.0,24150.0,24150.0
2022-10-06,38350.0,38350.0,35500.0,35500.0,13750.0,12550.0,11650.0,14200.0,13150.0,16500.0,14450.0,63350.0,63350.0,63350.0,51650.0,40000.0,63350.0,34400.0,34400.0,142500.0,148350.0,136650.0,15150.0,15150.0,15150.0,19500.0,14750.0,21850.0,21850.0,24150.0,24150.0
2022-10-07,38350.0,38350.0,35500.0,35500.0,13750.0,12550.0,11650.0,14200.0,13150.0,16500.0,14450.0,63350.0,63350.0,63350.0,52100.0,40850.0,63350.0,34650.0,34650.0,142500.0,148350.0,136650.0,15150.0,15150.0,15150.0,19500.0,14750.0,21850.0,21850.0,24850.0,24850.0
2022-10-10,40000.0,40000.0,35500.0,35500.0,13750.0,12550.0,11650.0,14200.0,13150.0,16500.0,14450.0,65000.0,64150.0,65850.0,51250.0,39150.0,63350.0,34850.0,34850.0,142500.0,148350.0,136650.0,15150.0,15150.0,15150.0,19050.0,14750.0,21200.0,21200.0,25650.0,25650.0
2022-10-11,40000.0,40000.0,35500.0,35500.0,13750.0,12550.0,11650.0,14200.0,13150.0,16500.0,14450.0,65850.0,64150.0,67500.0,51650.0,39150.0,64150.0,34850.0,34850.0,142500.0,148350.0,136650.0,15150.0,15150.0,15150.0,19050.0,14750.0,21200.0,21200.0,25650.0,25650.0
2022-10-12,40000.0,40000.0,35500.0,35500.0,13750.0,12550.0,11650.0,14200.0,13150.0,16500.0,14450.0,68350.0,64150.0,72500.0,52500.0,39150.0,65850.0,34850.0,34850.0,142500.0,148350.0,136650.0,15150.0,15150.0,15150.0,19050.0,14750.0,21200.0,21200.0,25600.0,25600.0
2022-10-13,40000.0,40000.0,35500.0,35500.0,13750.0,12550.0,11650.0,14200.0,13150.0,16500.0,14450.0,68350.0,64150.0,72500.0,52500.0,39150.0,65850.0,34850.0,34850.0,142500.0,148350.0,136650.0,15150.0,15150.0,15150.0,19050.0,14750.0,21200.0,21200.0,25750.0,25750.0
2022-10-14,40000.0,40000.0,35500.0,35500.0,13750.0,12550.0,11650.0,14200.0,13150.0,16500.0,14450.0,67900.0,64150.0,71650.0,52100.0,39150.0,65000.0,34750.0,34750.0,142500.0,148350.0,136650.0,15150.0,15150.0,15150.0,19050.0,14750.0,21200.0,21200.0,25750.0,25750.0
2022-10-17,40000.0,40000.0,35500.0,35500.0,13750.0,12550.0,11650.0,14200.0,13150.0,16500.0,14450.0,61250.0,60000.0,62500.0,51650.0,40850.0,62500.0,34400.0,34400.0,142500.0,148350.0,136650.0,15150.0,15150.0,15150.0,19050.0,14750.0,21200.0,21200.0,26100.0,26100.0
2022-10-18,40000.0,40000.0,35500.0,35500.0,13750.0,12550.0,11650.0,14200.0,13150.0,16500.0,14450.0,58350.0,58350.0,58350.0,48350.0,40850.0,55850.0,34100.0,34100.0,142500.0,148350.0,136650.0,15150.0,15150.0,15150.0,19050.0,14750.0,21200.0,21200.0,26250.0,26250.0
2022-10-19,39150.0,39150.0,35500.0,35500.0,13750.0,12550.0,11650.0,14200.0,13150.0,16500.0,14450.0,55850.0,56650.0,55000.0,47100.0,38350.0,55850.0,33750.0,33750.0,142500.0,148350.0,136650.0,15150.0,15150.0,15150.0,19150.0,15100.0,21200.0,21200.0,26900.0,26900.0
2022-10-20,39150.0,39150.0,35500.0,35500.0,13750.0,12550.0,11650.0,14200.0,13150.0,16500.0,14450.0,57100.0,58350.0,55850.0,47100.0,38350.0,55850.0,33750.0,33750.0,142500.0,148350.0,136650.0,15150.0,15150.0,15150.0,19300.0,15600.0,21200.0,21200.0,27100.0,27100.0
2022-10-21,39150.0,39150.0,35500.0,35500.0,13750.0,12550.0,11650.0,14200.0,13150.0,16500.0,14450.0,55400.0,56650.0,54150.0,46250.0,38350.0,54150.0,34250.0,34250.0,142500.0,148350.0,136650.0,15150.0,15150.0,15150.0,19100.0,15600.0,20850.0,20850.0,27100.0,27100.0
2022-10-24,38000.0,38000.0,35500.0,35500.0,13750.0,12550.0,11650.0,14200.0,13150.0,16500.0,14450.0,52900.0,54150.0,51650.0,45400.0,37500.0,53350.0,34100.0,34100.0,142500.0,148350.0,136650.0,15150.0,15150.0,15150.0,19100.0,15600.0,20850.0,20850.0,27100.0,27100.0
2022-10-25,38000.0,38000.0,35500.0,35500.0,13750.0,12550.0,11650.0,14200.0,13150.0,16500.0,14450.0,52100.0,52500.0,51650.0,44600.0,35850.0,53350.0,34600.0,34600.0,142500.0,148350.0,136650.0,15150.0,15150.0,15150.0,19100.0,15600.0,20850.0,20850.0,27100.0,27100.0
2022-10-26,38000.0,38000.0,35500.0,35500.0,13750.0,12550.0,11650.0,14200.0,13150.0,16500.0,14450.0,52100.0,52500.0,51650.0,44600.0,35850.0,53350.0,35100.0,35100.0,142500.0,148350.0,136650.0,15150.0,15150.0,15150.0,19100.0,15600.0,20850.0,20850.0,27100.0,27100.0
2022-10-27,38000.0,38000.0,35500.0,35500.0,13750.0,12550.0,11650.0,14200.0,13150.0,16500.0,14450.0,52100.0,52500.0,51650.0,44600.0,35850.0,53350.0,35400.0,35400.0,142500.0,148350.0,136650.0,15150.0,15150.0,15150.0,19100.0,15600.0,20850.0,20850.0,27100.0,27100.0
2022-10-28,38000.0,38000.0,35500.0,35500.0,13750.0,12550.0,11650.0,14200.0,13150.0,16500.0,14450.0,52100.0,52500.0,51650.0,44600.0,35850.0,53350.0,35650.0,35650.0,142500.0,148350.0,136650.0,15150.0,15150.0,15150.0,19100.0,15600.0,20850.0,20850.0,26900.0,26900.0
2022-10-31,39650.0,39650.0,35000.0,35000.0,13750.0,12550.0,11650.0,14200.0,13150.0,16500.0,14450.0,52100.0,52500.0,51650.0,42900.0,35850.0,50000.0,36150.0,36150.0,142500.0,148350.0,136650.0,15150.0,15150.0,15150.0,19100.0,15600.0,20850.0,20850.0,26850.0,26850.0
2022-11-01,39650.0,39650.0,35000.0,35000.0,13750.0,12550.0,11650.0,14200.0,13150.0,16500.0,14450.0,52100.0,52500.0,51650.0,42900.0,35850.0,50000.0,36150.0,36150.0,142500.0,148350.0,136650.0,15150.0,15150.0,15150.0,19100.0,15600.0,20850.0,20850.0,26900.0,26900.0
2022-11-02,39650.0,39650.0,35000.0,35000.0,13750.0,12550.0,11650.0,14200.0,13150.0,16500.0,14450.0,52100.0,52500.0,51650.0,42900.0,35850.0,50000.0,36350.0,36350.0,142500.0,148350.0,136650.0,15150.0,15150.0,15150.0,19100.0,15600.0,20850.0,20850.0,26900.0,26900.0
2022-11-03,39650.0,39650.0,35000.0,35000.0,13750.0,12550.0,11650.0,14200.0,13150.0,16500.0,14450.0,51650.0,52500.0,50850.0,42500.0,36650.0,48350.0,36350.0,36350.0,142500.0,148350.0,136650.0,15150.0,15150.0,15150.0,19100.0,15600.0,20850.0,20850.0,26900.0,26900.0
2022-11-04,39650.0,39650.0,35000.0,35000.0,13750.0,12550.0,11650.0,14200.0,13150.0,16500.0,14450.0,48350.0,50850.0,45850.0,41650.0,36650.0,46650.0,36150.0,36150.0,142500.0,148350.0,136650.0,15150.0,15150.0,15150.0,19100.0,15600.0,20850.0,20850.0,26850.0,26850.0
2022-11-07,39650.0,39650.0,35000.0,35000.0,13750.0,12550.0,11650.0,14200.0,13150.0,16500.0,14450.0,47900.0,50000.0,45850.0,40850.0,35850.0,45850.0,36000.0,36000.0,142500.0,148350.0,136650.0,15150.0,15150.0,15150.0,19100.0,15600.0,20850.0,20850.0,27350.0,27350.0
2022-11-08,39650.0,39650.0,35000.0,35000.0,13750.0,12550.0,11650.0,14200.0,13150.0,16500.0,14450.0,47100.0,50000.0,44150.0,40400.0,35000.0,45850.0,35650.0,35650.0,142500.0,148350.0,136650.0,15150.0,15150.0,15150.0,19100.0,15600.0,20850.0,20850.0,27500.0,27500.0
2022-11-09,39650.0,39650.0,35000.0,35000.0,13800.0,12600.0,11700.0,14250.0,13200.0,16550.0,14500.0,47100.0,50000.0,44150.0,40400.0,35000.0,45850.0,35650.0,35650.0,142500.0,148350.0,136650.0,15150.0,15150.0,15150.0,19100.0,15600.0,20850.0,20850.0,27500.0,27500.0
2022-11-10,39650.0,39650.0,35150.0,35150.0,14100.0,12900.0,12050.0,14550.0,13550.0,16900.0,14550.0,52850.0,54350.0,51350.0,42100.0,36650.0,47500.0,35450.0,35450.0,145000.0,151100.0,138900.0,15100.0,15150.0,15050.0,19400.0,15250.0,21550.0,21500.0,28150.0,28150.0
2022-11-11,38850.0,38850.0,35000.0,35000.0,13800.0,12600.0,11700.0,14250.0,13200.0,16550.0,14500.0,47100.0,50000.0,44150.0,38750.0,33350.0,44150.0,35500.0,35500.0,142500.0,148350.0,136650.0,15150.0,15150.0,15150.0,19100.0,15600.0,20850.0,20850.0,27500.0,27500.0
2022-11-14,37150.0,37150.0,35000.0,35000.0,13800.0,12600.0,11700.0,14250.0,13200.0,16550.0,14500.0,45400.0,47500.0,43350.0,37500.0,33350.0,41650.0,35150.0,35150.0,142500.0,148350.0,136650.0,15150.0,15150.0,15150.0,19000.0,15600.0,20550.0,20850.0,27850.0,27850.0
2022-11-15,37150.0,37150.0,35000.0,35000.0,13800.0,12600.0,11700.0,14250.0,13200.0,16550.0,14500.0,45400.0,47500.0,43350.0,37500.0,33350.0,41650.0,35350.0,35350.0,142500.0,148350.0,136650.0,15150.0,15150.0,15150.0,19000.0,15600.0,20550.0,20850.0,28000.0,28000.0
2022-11-16,37150.0,37150.0,35000.0,35000.0,13800.0,12600.0,11700.0,14250.0,13200.0,16550.0,14500.0,45400.0,47500.0,43350.0,37900.0,33350.0,42500.0,35650.0,35650.0,142500.0,148350.0,136650.0,15150.0,15150.0,15150.0,19000.0,15600.0,20550.0,20850.0,28000.0,28000.0
2022-11-17,37150.0,37150.0,35000.0,35000.0,13800.0,12600.0,11700.0,14250.0,13200.0,16550.0,14500.0,45400.0,47500.0,43350.0,39600.0,33350.0,45850.0,36000.0,36000.0,142500.0,148350.0,136650.0,15150.0,15150.0,15150.0,19000.0,15600.0,20550.0,20850.0,28150.0,28150.0
2022-11-18,37150.0,37150.0,35000.0,35000.0,13800.0,12600.0,11700.0,14250.0,13200.0,16550.0,14500.0,45400.0,47500.0,43350.0,40000.0,33350.0,46650.0,36000.0,36000.0,142500.0,148350.0,136650.0,15150.0,15150.0,15150.0,19150.0,16100.0,20550.0,20850.0,28150.0,28150.0
2022-11-21,38000.0,38000.0,35000.0,35000.0,13800.0,12600.0,11700.0,14250.0,13200.0,16550.0,14500.0,45400.0,47500.0,43350.0,41250.0,34150.0,48350.0,35850.0,35850.0,142500.0,148350.0,136650.0,15150.0,15150.0,15150.0,19250.0,16250.0,20700.0,20850.0,28350.0,28350.0
2022-11-22,38000.0,38000.0,35000.0,35000.0,13850.0,12650.0,11750.0,14300.0,13250.0,16600.0,14550.0,45400.0,47500.0,43350.0,41250.0,34150.0,48350.0,35850.0,35850.0,142500.0,148350.0,136650.0,15150.0,15150.0,15150.0,19050.0,16400.0,20700.0,20050.0,28500.0,28500.0
2022-11-23,38000.0,38000.0,35000.0,35000.0,13850.0,12650.0,11750.0,14300.0,13250.0,16600.0,14550.0,45400.0,47500.0,43350.0,40850.0,34150.0,47500.0,35850.0,35850.0,142500.0,148350.0,136650.0,15150.0,15150.0,15150.0,19300.0,16400.0,20700.0,20700.0,28500.0,28500.0
2022-11-24,38000.0,38000.0,35000.0,35000.0,13850.0,12650.0,11750.0,14300.0,13250.0,16600.0,14550.0,45400.0,47500.0,43350.0,40850.0,34150.0,47500.0,35650.0,35650.0,142500.0,148350.0,136650.0,15150.0,15150.0,15150.0,19300.0,16400.0,20700.0,20700.0,28500.0,28500.0
2022-11-25,37150.0,37150.0,34150.0,34150.0,13850.0,12650.0,11750.0,14300.0,13250.0,16600.0,14550.0,44600.0,45850.0,43350.0,40850.0,34150.0,47500.0,35650.0,35650.0,142500.0,148350.0,136650.0,15150.0,15150.0,15150.0,19300.0,16400.0,20700.0,20700.0,28850.0,28850.0
2022-11-28,37150.0,37150.0,34150.0,34150.0,13900.0,12700.0,11800.0,14350.0,13300.0,16600.0,14600.0,43350.0,44150.0,42500.0,40850.0,34150.0,47500.0,35850.0,35850.0,142500.0,148350.0,136650.0,15150.0,15150.0,15150.0,19350.0,16600.0,20700.0,20700.0,29850.0,29850.0
2022-11-29,37150.0,37150.0,34150.0,34150.0,13900.0,12700.0,11800.0,14350.0,13300.0,16600.0,14600.0,43350.0,44150.0,42500.0,40850.0,34150.0,47500.0,35350.0,35350.0,142500.0,148350.0,136650.0,15150.0,15150.0,15150.0,19350.0,16600.0,20700.0,20700.0,30150.0,30150.0
2022-11-30,37150.0,37150.0,34150.0,34150.0,13900.0,12700.0,11800.0,14350.0,13300.0,16650.0,14600.0,44150.0,44150.0,44150.0,40850.0,34150.0,47500.0,35350.0,35350.0,142500.0,148350.0,136650.0,15150.0,15150.0,15150.0,19350.0,16600.0,20700.0,20700.0,30350.0,30350.0
2022-12-01,37150.0,37150.0,34150.0,34150.0,13950.0,12750.0,11850.0,14400.0,13350.0,16700.0,14650.0,44150.0,44150.0,44150.0,41250.0,34150.0,48350.0,35350.0,35350.0,142500.0,148350.0,136650.0,15150.0,15150.0,15150.0,19500.0,17100.0,20700.0,20700.0,30350.0,30350.0
2022-12-02,37150.0,37150.0,34150.0,34150.0,14000.0,12800.0,11900.0,14450.0,13400.0,16700.0,14700.0,44150.0,44150.0,44150.0,42100.0,34150.0,50000.0,35350.0,35350.0,142500.0,148350.0,136650.0,15150.0,15150.0,15150.0,19500.0,17100.0,20700.0,20700.0,30500.0,30500.0
2022-12-05,37150.0,37150.0,33650.0,33650.0,14000.0,12800.0,11900.0,14450.0,13400.0,16700.0,14700.0,45000.0,45850.0,44150.0,48350.0,43350.0,53350.0,35150.0,35150.0,142500.0,148350.0,136650.0,15150.0,15150.0,15150.0,19600.0,17100.0,20700.0,21050.0,31500.0,31500.0
2022-12-06,37150.0,37150.0,33650.0,33650.0,14000.0,12800.0,11900.0,14450.0,13400.0,16700.0,14700.0,45000.0,45850.0,44150.0,51250.0,49150.0,53350.0,35000.0,35000.0,142500.0,148350.0,136650.0,15150.0,15150.0,15150.0,19600.0,17100.0,20700.0,21050.0,31500.0,31500.0
2022-12-07,37150.0,37150.0,33650.0,33650.0,14000.0,12800.0,11900.0,14450.0,13400.0,16700.0,14700.0,45850.0,45850.0,45850.0,56250.0,53350.0,59150.0,35000.0,35000.0,142500.0,148350.0,136650.0,15150.0,15150.0,15150.0,19600.0,17100.0,20700.0,21050.0,31650.0,31650.0
2022-12-08,37150.0,37150.0,33650.0,33650.0,14000.0,12800.0,11900.0,14450.0,13400.0,16700.0,14700.0,45850.0,45850.0,45850.0,56650.0,53350.0,60000.0,35000.0,35000.0,142500.0,148350.0,136650.0,15150.0,15150.0,15150.0,19600.0,17100.0,20700.0,21050.0,31650.0,31650.0
2022-12-09,37150.0,37150.0,33650.0,33650.0,14000.0,12800.0,11900.0,14450.0,13400.0,16750.0,14700.0,45850.0,45850.0,45850.0,57100.0,54150.0,60000.0,35150.0,35150.0,142500.0,148350.0,136650.0,15150.0,15150.0,15150.0,19850.0,17100.0,21350.0,21050.0,31650.0,31650.0
2022-12-12,36350.0,36350.0,33650.0,33650.0,14000.0,12800.0,11900.0,14450.0,13400.0,16750.0,14700.0,45000.0,45000.0,45000.0,56650.0,55850.0,57500.0,36150.0,36150.0,142500.0,148350.0,136650.0,15150.0,15150.0,15150.0,19850.0,17100.0,21350.0,21050.0,31650.0,31650.0
2022-12-13,36350.0,36350.0,33650.0,33650.0,14000.0,12800.0,11900.0,14450.0,13400.0,16750.0,14700.0,45400.0,45000.0,45850.0,56650.0,55850.0,57500.0,36650.0,36650.0,142500.0,148350.0,136650.0,15150.0,15150.0,15150.0,19850.0,17100.0,21350.0,21050.0,31650.0,31650.0
2022-12-14,36350.0,36350.0,33650.0,33650.0,14050.0,12850.0,11950.0,14500.0,13450.0,16800.0,14750.0,45400.0,45000.0,45850.0,54150.0,55850.0,52500.0,36650.0,36650.0,142500.0,148350.0,136650.0,15150.0,15150.0,15150.0,19850.0,17100.0,21350.0,21050.0,31350.0,31350.0
2022-12-15,36350.0,36350.0,33650.0,33650.0,14050.0,12850.0,11950.0,14500.0,13450.0,16800.0,14750.0,45400.0,45000.0,45850.0,54600.0,56650.0,52500.0,36850.0,36850.0,142500.0,148350.0,136650.0,15150.0,15150.0,15150.0,19850.0,17100.0,21350.0,21050.0,31350.0,31350.0
2022-12-16,36350.0,36350.0,35350.0,35350.0,14050.0,12850.0,11950.0,14500.0,13450.0,16800.0,14750.0,45400.0,45000.0,45850.0,55400.0,58350.0,52500.0,37000.0,37000.0,142500.0,148350.0,136650.0,15150.0,15150.0,15150.0,19850.0,17100.0,21350.0,21050.0,31000.0,31000.0
2022-12-19,36650.0,36650.0,35350.0,35350.0,14050.0,12850.0,11950.0,14500.0,13450.0,16800.0,14750.0,44600.0,45000.0,44150.0,55000.0,57500.0,52500.0,37500.0,37500.0,142500.0,148350.0,136650.0,15150.0,15150.0,15150.0,19850.0,17100.0,21350.0,21050.0,30650.0,30650.0
2022-12-20,36650.0,36650.0,35350.0,35350.0,14050.0,12850.0,11950.0,14500.0,13450.0,16800.0,14750.0,44600.0,45000.0,44150.0,55000.0,57500.0,52500.0,37650.0,37650.0,142500.0,148350.0,136650.0,15150.0,15150.0,15150.0,19850.0,17100.0,21350.0,21050.0,30350.0,30350.0
2022-12-21,36650.0,36650.0,35350.0,35350.0,14050.0,12850.0,11950.0,14500.0,13450.0,16800.0,14750.0,43350.0,44150.0,42500.0,55000.0,57500.0,52500.0,38350.0,38350.0,142500.0,148350.0,136650.0,15150.0,15150.0,15150.0,19800.0,17100.0,21350.0,20850.0,30000.0,30000.0
2022-12-22,36650.0,36650.0,35350.0,35350.0,14050.0,12850.0,11950.0,14500.0,13450.0,16800.0,14750.0,43350.0,44150.0,42500.0,55000.0,57500.0,52500.0,38650.0,38650.0,142500.0,148350.0,136650.0,15150.0,15150.0,15150.0,19800.0,17100.0,21350.0,20850.0,30000.0,30000.0
2022-12-23,36650.0,36650.0,35350.0,35350.0,14050.0,12850.0,11950.0,14500.0,13450.0,16800.0,14750.0,43350.0,44150.0,42500.0,55000.0,57500.0,52500.0,38850.0,38850.0,142500.0,148350.0,136650.0,15150.0,15150.0,15150.0,19800.0,17100.0,21350.0,20850.0,30000.0,30000.0
2022-12-26,36650.0,36650.0,35350.0,35350.0,14050.0,12850.0,11950.0,14500.0,13450.0,16800.0,14750.0,42900.0,43350.0,42500.0,55400.0,57500.0,53350.0,38850.0,38850.0,142500.0,148350.0,136650.0,15150.0,15150.0,15150.0,19900.0,17100.0,21700.0,20850.0,29650.0,29650.0
2022-12-27,35400.0,35400.0,34200.0,34200.0,13050.0,11700.0,10850.0,13300.0,12350.0,15900.0,14250.0,40600.0,40950.0,40250.0,50250.0,49400.0,51050.0,38950.0,38950.0,138950.0,144150.0,133750.0,14950.0,14950.0,14950.0,19500.0,17000.0,21100.0,20350.0,29600.0,29600.0
2022-12-28,37500.0,37500.0,34850.0,34850.0,14050.0,12850.0,11950.0,14500.0,13450.0,16800.0,14750.0,42900.0,43350.0,42500.0,56250.0,57500.0,55000.0,38500.0,38500.0,142500.0,148350.0,136650.0,15150.0,15150.0,15150.0,19900.0,17100.0,21700.0,20850.0,29000.0,29000.0
2022-12-29,37500.0,37500.0,34850.0,34850.0,14050.0,12850.0,11950.0,14500.0,13450.0,16800.0,14750.0,42900.0,43350.0,42500.0,56250.0,57500.0,55000.0,38350.0,38350.0,142500.0,148350.0,136650.0,15150.0,15150.0,15150.0,19900.0,17100.0,21700.0,20850.0,29000.0,29000.0
2022-12-30,37500.0,37500.0,34850.0,34850.0,14050.0,12850.0,11950.0,14500.0,13450.0,16800.0,14750.0,42900.0,43350.0,42500.0,57100.0,57500.0,56650.0,38350.0,38350.0,142500.0,148350.0,136650.0,15150.0,15150.0,15150.0,19900.0,17100.0,21700.0,20850.0,29000.0,29000.0
2023-01-02,40850.0,40850.0,34850.0,34850.0,14050.0,12850.0,11950.0,14500.0,13450.0,16800.0,14750.0,52500.0,46650.0,58350.0,77500.0,73350.0,81650.0,37850.0,37850.0,142500.0,148350.0,136650.0,15150.0,15150.0,15150.0,19900.0,17100.0,21700.0,20850.0,29000.0,29000.0
2023-01-03,41650.0,41650.0,34850.0,34850.0,14050.0,12850.0,11950.0,14500.0,13450.0,16800.0,14750.0,50850.0,46650.0,55000.0,78750.0,73350.0,84150.0,37850.0,37850.0,142500.0,148350.0,136650.0,15150.0,15150.0,15150.0,19850.0,16900.0,21700.0,20850.0,28850.0,28850.0
2023-01-04,41650.0,41650.0,34400.0,34400.0,13950.0,12750.0,11850.0,14450.0,13400.0,16550.0,14800.0,50000.0,46250.0,53750.0,75200.0,69600.0,80850.0,37100.0,37100.0,140150.0,146000.0,134350.0,15050.0,15050.0,15000.0,19550.0,16850.0,21150.0,20650.0,28850.0,28850.0
2023-01-05,41650.0,41650.0,34850.0,34850.0,14100.0,12900.0,12000.0,14550.0,13500.0,16800.0,14800.0,50000.0,45000.0,55000.0,70000.0,65000.0,75000.0,36150.0,36150.0,140850.0,146650.0,135000.0,15150.0,15150.0,15150.0,19750.0,16750.0,21700.0,20850.0,28500.0,28500.0
2023-01-06,43350.0,43350.0,34850.0,34850.0,14100.0,12900.0,12000.0,14550.0,13500.0,16800.0,14800.0,50000.0,45000.0,55000.0,71250.0,65000.0,77500.0,36000.0,36000.0,140850.0,146650.0,135000.0,15150.0,15150.0,15150.0,19750.0,16750.0,21700.0,20850.0,28350.0,28350.0
2023-01-09,45000.0,45000.0,34850.0,34850.0,14150.0,12950.0,12050.0,14600.0,13550.0,16900.0,14900.0,52500.0,47500.0,57500.0,72900.0,66650.0,79150.0,35350.0,35350.0,140850.0,146650.0,135000.0,15150.0,15150.0,15150.0,19700.0,16750.0,21700.0,20700.0,28350.0,28350.0
2023-01-10,45000.0,45000.0,34850.0,34850.0,14200.0,13000.0,12100.0,14650.0,13600.0,16950.0,14950.0,52500.0,47500.0,57500.0,72900.0,66650.0,79150.0,35350.0,35350.0,140850.0,146650.0,135000.0,15150.0,15150.0,15150.0,19700.0,16750.0,21700.0,20700.0,28350.0,28350.0
2023-01-11,45000.0,45000.0,34850.0,34850.0,14200.0,13000.0,12100.0,14650.0,13600.0,16950.0,14950.0,52500.0,47500.0,57500.0,73750.0,68350.0,79150.0,35350.0,35350.0,140850.0,146650.0,135000.0,15150.0,15150.0,15150.0,19700.0,16750.0,21700.0,20700.0,28350.0,28350.0
2023-01-12,45000.0,45000.0,36150.0,36150.0,14100.0,12900.0,12000.0,14550.0,13500.0,16850.0,14850.0,52500.0,47500.0,57500.0,70400.0,65000.0,75850.0,35900.0,35900.0,140850.0,146650.0,135000.0,15150.0,15150.0,15150.0,19700.0,16750.0,21700.0,20700.0,28500.0,28500.0
2023-01-13,45000.0,45000.0,36150.0,36150.0,14100.0,12900.0,12000.0,14550.0,13500.0,16850.0,14850.0,52500.0,47500.0,57500.0,70400.0,65000.0,75850.0,36250.0,36250.0,140850.0,146650.0,135000.0,15150.0,15150.0,15150.0,19700.0,16750.0,21700.0,20700.0,28350.0,28350.0
2023-01-16,45000.0,45000.0,36150.0,36150.0,14100.0,12900.0,12000.0,14550.0,13500.0,16850.0,14850.0,50850.0,48350.0,53350.0,65850.0,63350.0,68350.0,35500.0,35500.0,140850.0,146650.0,135000.0,15150.0,15150.0,15150.0,19500.0,16750.0,21050.0,20700.0,28000.0,28000.0
2023-01-17,45000.0,45000.0,36150.0,36150.0,14100.0,12900.0,12000.0,14550.0,13500.0,16850.0,14850.0,50850.0,48350.0,53350.0,65000.0,63350.0,66650.0,35500.0,35500.0,140850.0,146650.0,135000.0,15150.0,15150.0,15150.0,19500.0,16750.0,21050.0,20700.0,28000.0,28000.0
2023-01-18,45000.0,45000.0,36150.0,36150.0,14200.0,13000.0,12100.0,14750.0,13600.0,16950.0,14950.0,50850.0,48350.0,53350.0,63350.0,60000.0,66650.0,35500.0,35500.0,140850.0,146650.0,135000.0,15150.0,15150.0,15150.0,19500.0,16750.0,21050.0,20700.0,28000.0,28000.0
2023-01-19,46650.0,46650.0,36150.0,36150.0,14200.0,13000.0,12100.0,14750.0,13600.0,16950.0,14950.0,50850.0,48350.0,53350.0,63750.0,60000.0,67500.0,35350.0,35350.0,140850.0,146650.0,135000.0,15150.0,15150.0,15150.0,19500.0,16750.0,21050.0,20700.0,28000.0,28000.0
2023-01-20,49150.0,49150.0,36150.0,36150.0,14200.0,13000.0,12100.0,14750.0,13600.0,16950.0,14950.0,50000.0,48350.0,51650.0,63750.0,60000.0,67500.0,35350.0,35350.0,140850.0,146650.0,135000.0,15150.0,15150.0,15150.0,19500.0,16750.0,21050.0,20700.0,28000.0,28000.0
2023-01-23,49150.0,49150.0,36150.0,36150.0,14200.0,13000.0,12100.0,14750.0,13600.0,16950.0,14950.0,50000.0,48350.0,51650.0,63750.0,60000.0,67500.0,35350.0,35350.0,140850.0,146650.0,135000.0,15150.0,15150.0,15150.0,19500.0,16750.0,21050.0,20700.0,28000.0,28000.0
2023-01-24,49150.0,49150.0,36150.0,36150.0,14200.0,13000.0,12100.0,14750.0,13600.0,16950.0,14950.0,50850.0,50000.0,51650.0,62500.0,56650.0,68350.0,34650.0,34650.0,140850.0,146650.0,135000.0,15150.0,15150.0,15150.0,19500.0,16750.0,21050.0,20700.0,27850.0,27850.0
2023-01-25,49150.0,49150.0,36150.0,36150.0,14200.0,13000.0,12100.0,14750.0,13600.0,16950.0,14950.0,50850.0,50000.0,51650.0,62900.0,56650.0,69150.0,34350.0,34350.0,140850.0,146650.0,135000.0,15150.0,15150.0,15150.0,19500.0,16750.0,21050.0,20700.0,27650.0,27650.0
2023-01-26,49150.0,49150.0,36150.0,36150.0,14250.0,13050.0,12100.0,14750.0,13600.0,16950.0,15000.0,50000.0,50000.0,50000.0,64600.0,56650.0,72500.0,34350.0,34350.0,140850.0,146650.0,135000.0,15150.0,15150.0,15150.0,19500.0,16750.0,21050.0,20700.0,27650.0,27650.0
2023-01-27,49150.0,49150.0,36150.0,36150.0,14250.0,13050.0,12100.0,14750.0,13600.0,16950.0,15000.0,50000.0,50000.0,50000.0,65000.0,56650.0,73350.0,34350.0,34350.0,140850.0,146650.0,135000.0,15150.0,15150.0,15150.0,19500.0,16750.0,21050.0,20700.0,27650.0,27650.0
2023-01-30,48350.0,48350.0,36150.0,36150.0,14250.0,13050.0,12150.0,14800.0,13650.0,17000.0,15000.0,49150.0,48350.0,50000.0,61650.0,55000.0,68350.0,34150.0,34150.0,140850.0,146650.0,135000.0,15150.0,15150.0,15150.0,19500.0,16750.0,21050.0,20700.0,27650.0,27650.0
2023-01-31,47500.0,47500.0,35350.0,35350.0,14250.0,13050.0,12150.0,14800.0,13650.0,17000.0,15000.0,49150.0,48350.0,50000.0,62100.0,55000.0,69150.0,34000.0,34000.0,140850.0,146650.0,135000.0,15150.0,15150.0,15150.0,19550.0,16900.0,21050.0,20700.0,27650.0,27650.0
2023-02-01,49150.0,49150.0,36150.0,36150.0,14300.0,13100.0,12150.0,14800.0,13650.0,17000.0,15000.0,48350.0,46650.0,50000.0,62100.0,56650.0,67500.0,33850.0,33850.0,140850.0,146650.0,135000.0,15150.0,15150.0,15150.0,19550.0,16900.0,21050.0,20700.0,27650.0,27650.0
2023-02-02,49150.0,49150.0,36150.0,36150.0,14300.0,13100.0,12150.0,14800.0,13650.0,17000.0,15000.0,48350.0,46650.0,50000.0,60850.0,55850.0,65850.0,33850.0,33850.0,140850.0,146650.0,135000.0,15150.0,15150.0,15150.0,19550.0,16900.0,21050.0,20700.0,27650.0,27650.0
2023-02-03,49150.0,49150.0,36150.0,36150.0,14300.0,13100.0,12150.0,14800.0,13650.0,17000.0,15000.0,48350.0,46650.0,50000.0,59150.0,54150.0,64150.0,33650.0,33650.0,140850.0,146650.0,135000.0,15150.0,15150.0,15150.0,19550.0,16900.0,21050.0,20700.0,27650.0,27650.0
2023-02-06,51650.0,51650.0,36150.0,36150.0,14350.0,13150.0,12200.0,14850.0,13700.0,17100.0,15050.0,50850.0,46650.0,55000.0,62900.0,54150.0,71650.0,34500.0,34500.0,140850.0,146650.0,135000.0,15150.0,15150.0,15150.0,19300.0,17100.0,20600.0,20250.0,27500.0,27500.0
2023-02-07,51650.0,51650.0,36150.0,36150.0,14300.0,13150.0,12200.0,14750.0,13700.0,17100.0,15050.0,50850.0,46650.0,55000.0,63350.0,54150.0,72500.0,34650.0,34650.0,140850.0,146650.0,135000.0,15150.0,15150.0,15150.0,19300.0,17100.0,20600.0,20250.0,27500.0,27500.0
2023-02-08,51650.0,51650.0,36150.0,36150.0,14300.0,13150.0,12200.0,14750.0,13700.0,17100.0,15050.0,50850.0,46650.0,55000.0,64600.0,54150.0,75000.0,34850.0,34850.0,140850.0,146650.0,135000.0,15150.0,15150.0,15150.0,19300.0,17100.0,20600.0,20250.0,27500.0,27500.0
2023-02-09,51650.0,51650.0,36150.0,36150.0,14300.0,13150.0,12200.0,14750.0,13700.0,17100.0,15050.0,50850.0,46650.0,55000.0,63750.0,54150.0,73350.0,35150.0,35150.0,140850.0,146650.0,135000.0,15150.0,15150.0,15150.0,19300.0,17100.0,20600.0,20250.0,27500.0,27500.0
2023-02-10,51650.0,51650.0,36150.0,36150.0,14450.0,13300.0,12350.0,14950.0,13850.0,17250.0,15200.0,50850.0,46650.0,55000.0,63750.0,54150.0,73350.0,35350.0,35350.0,140850.0,146650.0,135000.0,15150.0,15150.0,15150.0,19300.0,17100.0,20600.0,20250.0,27650.0,27650.0
2023-02-13,44150.0,44150.0,35000.0,35000.0,14500.0,13300.0,12350.0,14950.0,13850.0,17250.0,15200.0,50000.0,50850.0,49150.0,62100.0,52500.0,71650.0,35500.0,35500.0,140850.0,146650.0,135000.0,15150.0,15150.0,15150.0,19350.0,17100.0,20750.0,20250.0,27650.0,27650.0
2023-02-14,44150.0,44150.0,35000.0,35000.0,14500.0,13300.0,12350.0,14950.0,13850.0,17250.0,15200.0,52100.0,50850.0,53350.0,62900.0,52500.0,73350.0,35500.0,35500.0,140850.0,146650.0,135000.0,15150.0,15150.0,15150.0,19500.0,17100.0,21100.0,20250.0,27650.0,27650.0
2023-02-15,44150.0,44150.0,35000.0,35000.0,14500.0,13300.0,12350.0,14950.0,13850.0,17250.0,15200.0,52100.0,50850.0,53350.0,62900.0,52500.0,73350.0,35650.0,35650.0,140850.0,146650.0,135000.0,15150.0,15150.0,15150.0,19500.0,17100.0,21100.0,20250.0,27650.0,27650.0
2023-02-16,44150.0,44150.0,35000.0,35000.0,14500.0,13300.0,12350.0,14950.0,13850.0,17250.0,15200.0,52100.0,50850.0,53350.0,62900.0,52500.0,73350.0,35350.0,35350.0,140850.0,146650.0,135000.0,15150.0,15150.0,15150.0,19500.0,17100.0,21100.0,20250.0,27650.0,27650.0
2023-02-17,43350.0,43350.0,35000.0,35000.0,14500.0,13300.0,12400.0,14950.0,13900.0,17300.0,15250.0,52100.0,50850.0,53350.0,62900.0,52500.0,73350.0,35350.0,35350.0,140850.0,146650.0,135000.0,15150.0,15150.0,15150.0,19500.0,17100.0,21100.0,20250.0,27650.0,27650.0
2023-02-20,40850.0,40850.0,35850.0,35850.0,14550.0,13300.0,12400.0,14950.0,13900.0,17400.0,15250.0,56650.0,53350.0,60000.0,66250.0,55000.0,77500.0,35000.0,35000.0,140850.0,146650.0,135000.0,15150.0,15150.0,15150.0,19450.0,17000.0,21100.0,20250.0,27500.0,27500.0
2023-02-21,40850.0,40850.0,35850.0,35850.0,14550.0,13300.0,12400.0,14950.0,13900.0,17400.0,15250.0,56650.0,53350.0,60000.0,66250.0,55000.0,77500.0,34500.0,34500.0,140850.0,146650.0,135000.0,15150.0,15150.0,15150.0,19450.0,17000.0,21100.0,20250.0,27350.0,27350.0
2023-02-22,41650.0,41650.0,37500.0,37500.0,14550.0,13300.0,12400.0,14950.0,13900.0,17400.0,15250.0,56650.0,53350.0,60000.0,67900.0,55000.0,80850.0,34500.0,34500.0,140850.0,146650.0,135000.0,15150.0,15150.0,15150.0,19450.0,17000.0,21100.0,20250.0,27000.0,27000.0
2023-02-23,41650.0,41650.0,37500.0,37500.0,14550.0,13300.0,12400.0,14950.0,13900.0,17400.0,15250.0,56650.0,53350.0,60000.0,67900.0,55000.0,80850.0,34500.0,34500.0,140850.0,146650.0,135000.0,15150.0,15150.0,15150.0,19400.0,16850.0,21100.0,20250.0,27000.0,27000.0
2023-02-24,41650.0,41650.0,37500.0,37500.0,14550.0,13300.0,12400.0,14950.0,13900.0,17400.0,15250.0,56650.0,53350.0,60000.0,67900.0,55000.0,80850.0,34500.0,34500.0,140850.0,146650.0,135000.0,15150.0,15150.0,15150.0,19400.0,16850.0,21100.0,20250.0,27000.0,27000.0
2023-02-27,41650.0,41650.0,38000.0,38000.0,14550.0,13300.0,12400.0,14950.0,13900.0,17400.0,15250.0,53350.0,53350.0,53350.0,66250.0,55000.0,77500.0,34850.0,34850.0,140850.0,146650.0,135000.0,15150.0,15150.0,15150.0,19400.0,16850.0,21100.0,20250.0,27000.0,27000.0
2023-02-28,41650.0,41650.0,38000.0,38000.0,14550.0,13300.0,12400.0,14950.0,13900.0,17400.0,15250.0,53350.0,53350.0,53350.0,66250.0,55000.0,77500.0,35100.0,35100.0,140850.0,146650.0,135000.0,15150.0,15150.0,15150.0,19400.0,16850.0,21100.0,20250.0,26850.0,26850.0
2023-03-01,42500.0,42500.0,38000.0,38000.0,14550.0,13300.0,12400.0,14950.0,13900.0,17400.0,15250.0,53350.0,53350.0,53350.0,65850.0,55000.0,76650.0,35150.0,35150.0,140850.0,146650.0,135000.0,15150.0,15150.0,15150.0,19350.0,16650.0,21100.0,20250.0,26850.0,26850.0
2023-03-02,42500.0,42500.0,38000.0,38000.0,14400.0,13200.0,12300.0,14850.0,13800.0,17200.0,15150.0,53350.0,53350.0,53350.0,65850.0,55000.0,76650.0,35150.0,35150.0,140850.0,146650.0,135000.0,15150.0,15150.0,15150.0,19350.0,16650.0,21100.0,20250.0,26850.0,26850.0
2023-03-03,44150.0,44150.0,38000.0,38000.0,14400.0,13200.0,12250.0,14850.0,13750.0,17150.0,15100.0,53350.0,53350.0,53350.0,68350.0,55000.0,81650.0,35150.0,35150.0,140850.0,146650.0,135000.0,15150.0,15150.0,15150.0,19350.0,16650.0,21100.0,20250.0,26500.0,26500.0
2023-03-06,43350.0,43350.0,38350.0,38350.0,14400.0,13200.0,12250.0,14850.0,13750.0,17150.0,15100.0,53350.0,53350.0,53350.0,67900.0,53350.0,82500.0,34650.0,34650.0,140850.0,146650.0,135000.0,15150.0,15150.0,15150.0,19350.0,16650.0,21100.0,20250.0,26500.0,26500.0
2023-03-07,42500.0,42500.0,40000.0,40000.0,14400.0,13200.0,12250.0,14850.0,13800.0,17150.0,15150.0,50850.0,51650.0,50000.0,67900.0,53350.0,82500.0,34650.0,34650.0,140850.0,146650.0,135000.0,15150.0,15150.0,15150.0,19250.0,16400.0,21100.0,20250.0,27150.0,27150.0
2023-03-08,42500.0,42500.0,40000.0,40000.0,14400.0,13200.0,12250.0,14850.0,13800.0,17150.0,15150.0,50850.0,51650.0,50000.0,67900.0,53350.0,82500.0,34650.0,34650.0,140850.0,146650.0,135000.0,15150.0,15150.0,15150.0,19250.0,16400.0,21100.0,20250.0,27650.0,27650.0
2023-03-09,42500.0,42500.0,40000.0,40000.0,14400.0,13200.0,12250.0,14850.0,13800.0,17150.0,15150.0,50850.0,51650.0,50000.0,67900.0,53350.0,82500.0,34650.0,34650.0,140850.0,146650.0,135000.0,15150.0,15150.0,15150.0,19250.0,16400.0,21100.0,20250.0,28000.0,28000.0
2023-03-10,41650.0,41650.0,40000.0,40000.0,14400.0,13200.0,12250.0,14850.0,13800.0,17150.0,15150.0,50000.0,50850.0,49150.0,68350.0,53350.0,83350.0,35150.0,35150.0,140850.0,146650.0,135000.0,15150.0,15150.0,15150.0,19250.0,16400.0,21100.0,20250.0,27850.0,27850.0
2023-03-13,41650.0,41650.0,40000.0,40000.0,14400.0,13200.0,12250.0,14850.0,13750.0,17150.0,15100.0,50400.0,51650.0,49150.0,68750.0,54150.0,83350.0,36500.0,36500.0,140850.0,146650.0,135000.0,15150.0,15150.0,15150.0,19250.0,16400.0,21100.0,20250.0,27850.0,27850.0
2023-03-14,41650.0,41650.0,40000.0,40000.0,14400.0,13200.0,12250.0,14850.0,13750.0,17150.0,15100.0,50000.0,51650.0,48350.0,68750.0,54150.0,83350.0,36500.0,36500.0,140850.0,146650.0,135000.0,15150.0,15150.0,15150.0,19250.0,16400.0,21100.0,20250.0,28650.0,28650.0
2023-03-15,41650.0,41650.0,40000.0,40000.0,14400.0,13200.0,12250.0,14850.0,13800.0,17150.0,15150.0,50000.0,51650.0,48350.0,68750.0,54150.0,83350.0,36500.0,36500.0,140850.0,146650.0,135000.0,15150.0,15150.0,15150.0,19250.0,16400.0,21100.0,20250.0,29150.0,29150.0
2023-03-16,41650.0,41650.0,40000.0,40000.0,14400.0,13200.0,12250.0,14850.0,13800.0,17150.0,15150.0,50000.0,51650.0,48350.0,68750.0,54150.0,83350.0,36850.0,36850.0,140850.0,146650.0,135000.0,15150.0,15150.0,15150.0,19250.0,16400.0,21100.0,20250.0,29500.0,29500.0
2023-03-17,41650.0,41650.0,40000.0,40000.0,14400.0,13200.0,12250.0,14850.0,13800.0,17150.0,15150.0,50400.0,51650.0,49150.0,68750.0,54150.0,83350.0,37150.0,37150.0,140850.0,146650.0,135000.0,15150.0,15150.0,15150.0,19300.0,16400.0,21250.0,20250.0,29500.0,29500.0
2023-03-20,41650.0,41650.0,40000.0,40000.0,14400.0,13200.0,12250.0,14850.0,13800.0,17150.0,15150.0,47900.0,49150.0,46650.0,70850.0,53350.0,88350.0,37150.0,37150.0,140850.0,146650.0,135000.0,15150.0,15150.0,15150.0,19300.0,16400.0,21250.0,20250.0,30000.0,30000.0
2023-03-21,41650.0,41650.0,40000.0,40000.0,14400.0,13200.0,12250.0,14850.0,13800.0,17150.0,15150.0,48350.0,49150.0,47500.0,72900.0,53350.0,92500.0,37150.0,37150.0,140850.0,146650.0,135000.0,15150.0,15150.0,15150.0,19300.0,16400.0,21250.0,20250.0,30000.0,30000.0
2023-03-22,41650.0,41650.0,40000.0,40000.0,14400.0,13200.0,12250.0,14850.0,13800.0,17150.0,15150.0,48350.0,49150.0,47500.0,72900.0,53350.0,92500.0,37150.0,37150.0,140850.0,146650.0,135000.0,15150.0,15150.0,15150.0,19300.0,16400.0,21250.0,20250.0,30000.0,30000.0
2023-03-23,41650.0,41650.0,40000.0,40000.0,14400.0,13200.0,12250.0,14850.0,13800.0,17150.0,15150.0,48350.0,49150.0,47500.0,72900.0,53350.0,92500.0,37150.0,37150.0,140850.0,146650.0,135000.0,15150.0,15150.0,15150.0,19300.0,16400.0,21250.0,20250.0,30000.0,30000.0
2023-03-24,41650.0,41650.0,40000.0,40000.0,14400.0,13200.0,12250.0,14850.0,13800.0,17150.0,15150.0,49600.0,49150.0,50000.0,72100.0,53350.0,90850.0,37000.0,37000.0,140850.0,146650.0,135000.0,15150.0,15150.0,15150.0,19300.0,16400.0,21250.0,20250.0,30350.0,30350.0
2023-03-27,41650.0,41650.0,40000.0,40000.0,14450.0,13250.0,12350.0,14900.0,13850.0,17250.0,15200.0,49600.0,49150.0,50000.0,70000.0,53350.0,86650.0,36150.0,36150.0,140850.0,146650.0,135000.0,15150.0,15150.0,15150.0,19200.0,16400.0,21250.0,19950.0,30500.0,30500.0
2023-03-28,41650.0,41650.0,40000.0,40000.0,14450.0,13250.0,12350.0,14900.0,13850.0,17250.0,15200.0,47900.0,49150.0,46650.0,66650.0,51650.0,81650.0,35650.0,35650.0,140850.0,146650.0,135000.0,15150.0,15150.0,15150.0,19200.0,16400.0,21250.0,19950.0,30500.0,30500.0
2023-03-29,40000.0,40000.0,39650.0,39650.0,14450.0,13250.0,12350.0,14900.0,13850.0,17250.0,15200.0,42100.0,48350.0,35850.0,46650.0,40850.0,52500.0,35350.0,35350.0,140850.0,146650.0,135000.0,15150.0,15150.0,15150.0,19200.0,16400.0,21250.0,19950.0,30150.0,30150.0
2023-03-30,41950.0,41950.0,39500.0,39500.0,14950.0,13800.0,12850.0,15550.0,14450.0,17500.0,15500.0,45400.0,48350.0,42500.0,53350.0,44150.0,62500.0,34450.0,34450.0,143150.0,149350.0,137000.0,15200.0,15200.0,15200.0,19300.0,16650.0,21300.0,20000.0,29700.0,29700.0
2023-03-31,40000.0,40000.0,39650.0,39650.0,14450.0,13250.0,12350.0,14900.0,13850.0,17250.0,15200.0,43750.0,48350.0,39150.0,50850.0,40850.0,60850.0,35350.0,35350.0,140850.0,146650.0,135000.0,15150.0,15150.0,15150.0,19200.0,16400.0,21250.0,19950.0,30150.0,30150.0
2023-04-03,39150.0,39150.0,38850.0,38850.0,14450.0,13250.0,12350.0,14900.0,13850.0,17250.0,15200.0,44600.0,48350.0,40850.0,48750.0,40000.0,57500.0,35350.0,35350.0,140850.0,146650.0,135000.0,15150.0,15150.0,15150.0,19200.0,16400.0,21250.0,19950.0,30000.0,30000.0
2023-04-04,40000.0,40000.0,38850.0,38850.0,14450.0,13250.0,12350.0,14900.0,13850.0,17250.0,15200.0,44600.0,48350.0,40850.0,48750.0,40000.0,57500.0,35500.0,35500.0,140850.0,146650.0,135000.0,15150.0,15150.0,15150.0,19200.0,16400.0,21250.0,19950.0,29650.0,29650.0
2023-04-05,40000.0,40000.0,38850.0,38850.0,14450.0,13250.0,12350.0,14900.0,13850.0,17250.0,15200.0,43750.0,46650.0,40850.0,48750.0,40000.0,57500.0,35500.0,35500.0,140850.0,146650.0,135000.0,15150.0,15150.0,15150.0,19200.0,16400.0,21250.0,19950.0,29500.0,29500.0
2023-04-06,40000.0,40000.0,38850.0,38850.0,14450.0,13250.0,12350.0,14900.0,13850.0,17250.0,15200.0,42900.0,46650.0,39150.0,49600.0,41650.0,57500.0,36150.0,36150.0,140850.0,146650.0,135000.0,15150.0,15150.0,15150.0,19200.0,16400.0,21250.0,19950.0,29500.0,29500.0
2023-04-07,40000.0,40000.0,38850.0,38850.0,14450.0,13250.0,12350.0,14900.0,13850.0,17250.0,15200.0,42900.0,46650.0,39150.0,49600.0,41650.0,57500.0,36150.0,36150.0,140850.0,146650.0,135000.0,15150.0,15150.0,15150.0,19200.0,16400.0,21250.0,19950.0,29500.0,29500.0
2023-04-10,40850.0,40850.0,39650.0,39650.0,14450.0,13250.0,12350.0,14900.0,13850.0,17250.0,15200.0,43350.0,47500.0,39150.0,45850.0,40850.0,50850.0,36850.0,36850.0,140850.0,146650.0,135000.0,15150.0,15150.0,15150.0,19200.0,16400.0,21250.0,19950.0,28650.0,28650.0
2023-04-11,40850.0,40850.0,39650.0,39650.0,14400.0,13250.0,12350.0,14900.0,13850.0,17250.0,14750.0,43350.0,47500.0,39150.0,45850.0,40850.0,50850.0,36850.0,36850.0,140850.0,146650.0,135000.0,15150.0,15150.0,15150.0,19200.0,16400.0,21250.0,19950.0,28650.0,28650.0
2023-04-12,40850.0,40850.0,39650.0,39650.0,14450.0,13250.0,12350.0,14900.0,13850.0,17250.0,15200.0,44150.0,49150.0,39150.0,46250.0,41650.0,50850.0,37000.0,37000.0,140850.0,146650.0,135000.0,15150.0,15150.0,15150.0,19200.0,16400.0,21250.0,19950.0,28350.0,28350.0
2023-04-13,40850.0,40850.0,39650.0,39650.0,14450.0,13250.0,12350.0,14900.0,13850.0,17250.0,15200.0,44150.0,49150.0,39150.0,46250.0,41650.0,50850.0,37150.0,37150.0,140850.0,146650.0,135000.0,15150.0,15150.0,15150.0,19200.0,16400.0,21250.0,19950.0,27650.0,27650.0
2023-04-14,40850.0,40850.0,39650.0,39650.0,14450.0,13250.0,12350.0,14900.0,13850.0,17250.0,15200.0,44150.0,49150.0,39150.0,46250.0,41650.0,50850.0,37350.0,37350.0,140850.0,146650.0,135000.0,15150.0,15150.0,15150.0,19200.0,16400.0,21250.0,19950.0,27650.0,27650.0
2023-04-17,47500.0,47500.0,39650.0,39650.0,14450.0,13250.0,12350.0,14900.0,13850.0,17250.0,15200.0,52900.0,57500.0,48350.0,50000.0,47500.0,52500.0,38350.0,38350.0,145000.0,150000.0,140000.0,15150.0,15150.0,15150.0,19200.0,16400.0,21250.0,19950.0,27650.0,27650.0
2023-04-18,47500.0,47500.0,39650.0,39650.0,14450.0,13250.0,12350.0,14900.0,13850.0,17250.0,15200.0,55000.0,61650.0,48350.0,50850.0,47500.0,54150.0,39150.0,39150.0,145000.0,150000.0,140000.0,15150.0,15150.0,15150.0,19200.0,16400.0,21250.0,19950.0,27650.0,27650.0
2023-04-19,47500.0,47500.0,39650.0,39650.0,14450.0,13250.0,12350.0,14900.0,13850.0,17250.0,15200.0,55000.0,61650.0,48350.0,50850.0,47500.0,54150.0,39150.0,39150.0,145000.0,150000.0,140000.0,15150.0,15150.0,15150.0,19200.0,16400.0,21250.0,19950.0,27650.0,27650.0
2023-04-20,47500.0,47500.0,39650.0,39650.0,14450.0,13250.0,12350.0,14900.0,13850.0,17250.0,15200.0,55000.0,61650.0,48350.0,50850.0,47500.0,54150.0,39150.0,39150.0,145000.0,150000.0,140000.0,15150.0,15150.0,15150.0,19200.0,16400.0,21250.0,19950.0,27650.0,27650.0
2023-04-21,47500.0,47500.0,39650.0,39650.0,14450.0,13250.0,12350.0,14900.0,13850.0,17250.0,15200.0,55000.0,61650.0,48350.0,50850.0,47500.0,54150.0,39150.0,39150.0,145000.0,150000.0,140000.0,15150.0,15150.0,15150.0,19200.0,16400.0,21250.0,19950.0,27650.0,27650.0
2023-04-24,47500.0,47500.0,39650.0,39650.0,14450.0,13250.0,12350.0,14900.0,13850.0,17250.0,15200.0,55000.0,61650.0,48350.0,50850.0,47500.0,54150.0,39150.0,39150.0,145000.0,150000.0,140000.0,15150.0,15150.0,15150.0,19200.0,16400.0,21250.0,19950.0,27650.0,27650.0
2023-04-25,47500.0,47500.0,39650.0,39650.0,14550.0,13250.0,12350.0,14900.0,13850.0,17250.0,15650.0,55000.0,61650.0,48350.0,50850.0,47500.0,54150.0,39150.0,39150.0,145000.0,150000.0,140000.0,15150.0,15150.0,15150.0,19200.0,16400.0,21250.0,19950.0,27650.0,27650.0
2023-04-26,55000.0,55000.0,45500.0,45500.0,14400.0,13250.0,12350.0,14900.0,13850.0,17250.0,14800.0,58450.0,67800.0,49100.0,48400.0,45850.0,51000.0,41700.0,41700.0,145000.0,150000.0,140000.0,15150.0,15150.0,15150.0,19200.0,16400.0,21250.0,19950.0,28500.0,28500.0
2023-04-27,55000.0,55000.0,45500.0,45500.0,14400.0,13250.0,12350.0,14900.0,13850.0,17250.0,14800.0,58200.0,68050.0,48350.0,45900.0,44150.0,47650.0,41700.0,41700.0,145000.0,150000.0,140000.0,15150.0,15150.0,15150.0,19200.0,16400.0,21250.0,19950.0,28500.0,28500.0
2023-04-28,55000.0,55000.0,43850.0,43850.0,14400.0,13250.0,12350.0,14900.0,13850.0,17250.0,14800.0,54050.0,63050.0,45050.0,44250.0,44150.0,44350.0,41200.0,41200.0,145000.0,150000.0,140000.0,15150.0,15150.0,15150.0,19200.0,16400.0,21250.0,19950.0,28500.0,28500.0
2023-05-01,,,,,,,,,,,,,,,,,,,,,,,,,,,,,,,
2023-05-02,55000.0,55000.0,44150.0,44150.0,14400.0,13250.0,12350.0,14900.0,13850.0,17250.0,14800.0,49600.0,58350.0,40850.0,42100.0,43350.0,40850.0,38650.0,38650.0,145000.0,150000.0,140000.0,15150.0,15150.0,15150.0,19200.0,16400.0,21250.0,19950.0,28150.0,28150.0
2023-05-03,58350.0,58350.0,45100.0,45100.0,14400.0,13250.0,12350.0,14900.0,13850.0,17250.0,14800.0,47800.0,56650.0,38950.0,41650.0,43350.0,40000.0,38350.0,38350.0,145000.0,150000.0,140000.0,15150.0,15150.0,15150.0,19300.0,16400.0,21250.0,20250.0,28500.0,28500.0
2023-05-04,58350.0,58350.0,45100.0,45100.0,14400.0,13250.0,12350.0,14900.0,13850.0,17250.0,14800.0,47800.0,56650.0,38950.0,41650.0,43350.0,40000.0,38350.0,38350.0,145000.0,150000.0,140000.0,15150.0,15150.0,15150.0,19100.0,16400.0,20950.0,19950.0,29000.0,29000.0
2023-05-05,58350.0,58350.0,45100.0,45100.0,14400.0,13250.0,12350.0,14900.0,13850.0,17250.0,14800.0,47100.0,52500.0,41650.0,41650.0,41650.0,41650.0,38350.0,38350.0,145000.0,150000.0,140000.0,15150.0,15150.0,15150.0,19050.0,16400.0,20750.0,19950.0,29600.0,29600.0
2023-05-08,55000.0,55000.0,42600.0,42600.0,14400.0,13250.0,12350.0,14900.0,13850.0,17250.0,14800.0,46250.0,50850.0,41650.0,44150.0,43350.0,45000.0,38150.0,38150.0,143350.0,148350.0,138350.0,15150.0,15150.0,15150.0,19050.0,16400.0,20750.0,19950.0,29600.0,29600.0
2023-05-09,55000.0,55000.0,42600.0,42600.0,14450.0,13250.0,12350.0,14900.0,13850.0,17250.0,15200.0,47100.0,50850.0,43350.0,44150.0,43350.0,45000.0,38150.0,38150.0,143350.0,148350.0,138350.0,15150.0,15150.0,15150.0,19050.0,16400.0,20750.0,19950.0,29600.0,29600.0
2023-05-10,52350.0,52350.0,40050.0,40050.0,13350.0,12000.0,11250.0,13550.0,12600.0,16200.0,14500.0,47950.0,52600.0,43350.0,46650.0,42950.0,50300.0,38950.0,38950.0,138200.0,143200.0,133200.0,14950.0,15050.0,14850.0,19200.0,16250.0,20900.0,20350.0,29450.0,29450.0
2023-05-11,54150.0,54150.0,42600.0,42600.0,14450.0,13250.0,12350.0,14900.0,13850.0,17250.0,15200.0,46250.0,50850.0,41650.0,45200.0,43350.0,47100.0,39350.0,39350.0,141650.0,146650.0,136650.0,15150.0,15150.0,15150.0,19050.0,16400.0,20750.0,19950.0,30100.0,30100.0
2023-05-12,54150.0,54150.0,42600.0,42600.0,14450.0,13250.0,12350.0,14900.0,13850.0,17250.0,15200.0,46650.0,51650.0,41650.0,44400.0,43350.0,45400.0,39350.0,39350.0,141650.0,146650.0,136650.0,15150.0,15150.0,15150.0,19050.0,16400.0,20750.0,19950.0,30750.0,30750.0
2023-05-15,52500.0,52500.0,45100.0,45100.0,14500.0,13250.0,12400.0,14900.0,13850.0,17250.0,15200.0,45750.0,50850.0,40650.0,42500.0,41650.0,43350.0,39150.0,39150.0,141650.0,146650.0,136650.0,15150.0,15150.0,15150.0,19050.0,16400.0,20750.0,19950.0,32000.0,32000.0
2023-05-16,52500.0,52500.0,45100.0,45100.0,14500.0,13250.0,12400.0,14900.0,13850.0,17250.0,15200.0,47400.0,52500.0,42300.0,42500.0,41650.0,43350.0,39150.0,39150.0,141650.0,146650.0,136650.0,15250.0,15350.0,15150.0,19100.0,16550.0,20750.0,19950.0,32650.0,32650.0
2023-05-17,52500.0,52500.0,45100.0,45100.0,14500.0,13250.0,12400.0,14900.0,13850.0,17250.0,15200.0,47900.0,52500.0,43350.0,42500.0,41650.0,43350.0,39150.0,39150.0,141650.0,146650.0,136650.0,15250.0,15350.0,15150.0,19100.0,16550.0,20750.0,19950.0,32350.0,32350.0
2023-05-18,52500.0,52500.0,45100.0,45100.0,14500.0,13250.0,12400.0,14900.0,13850.0,17250.0,15200.0,47900.0,52500.0,43350.0,42500.0,41650.0,43350.0,39150.0,39150.0,141650.0,146650.0,136650.0,15250.0,15350.0,15150.0,19100.0,16550.0,20750.0,19950.0,32350.0,32350.0
2023-05-19,52500.0,52500.0,45100.0,45100.0,14500.0,13250.0,12400.0,14900.0,13850.0,17250.0,15200.0,47900.0,52500.0,43350.0,44300.0,42500.0,46050.0,39650.0,39650.0,141650.0,146650.0,136650.0,15250.0,15350.0,15150.0,19100.0,16550.0,20750.0,19950.0,32350.0,32350.0
2023-05-22,52500.0,52500.0,45100.0,45100.0,14500.0,13250.0,12400.0,14900.0,13850.0,17250.0,15200.0,47500.0,51650.0,43350.0,50400.0,47100.0,53750.0,40000.0,40000.0,141650.0,146650.0,136650.0,15250.0,15350.0,15150.0,19050.0,16550.0,20600.0,19950.0,32350.0,32350.0
2023-05-23,52500.0,52500.0,45100.0,45100.0,14500.0,13250.0,12400.0,14900.0,13850.0,17250.0,15200.0,47500.0,51650.0,43350.0,50400.0,47100.0,53750.0,40000.0,40000.0,141650.0,146650.0,136650.0,15250.0,15350.0,15150.0,19050.0,16550.0,20600.0,19950.0,32350.0,32350.0
2023-05-24,52500.0,52500.0,44150.0,44150.0,14500.0,13250.0,12400.0,14900.0,13850.0,17250.0,15200.0,47900.0,51650.0,44150.0,50400.0,47100.0,53750.0,40000.0,40000.0,141650.0,146650.0,136650.0,15250.0,15350.0,15150.0,19050.0,16550.0,20600.0,19950.0,32350.0,32350.0
2023-05-25,52500.0,52500.0,44150.0,44150.0,14500.0,13250.0,12400.0,14900.0,13850.0,17250.0,15200.0,47900.0,51650.0,44150.0,50400.0,47100.0,53750.0,40350.0,40350.0,141650.0,146650.0,136650.0,15250.0,15350.0,15150.0,19050.0,16550.0,20600.0,19950.0,32350.0,32350.0
2023-05-26,53350.0,53350.0,44150.0,44150.0,14500.0,13250.0,12400.0,14900.0,13850.0,17250.0,15200.0,46250.0,50000.0,42500.0,49600.0,46650.0,52500.0,40350.0,40350.0,141650.0,146650.0,136650.0,15250.0,15350.0,15150.0,19050.0,16550.0,20600.0,19950.0,32150.0,32150.0
2023-05-29,49150.0,49150.0,44150.0,44150.0,14500.0,13250.0,12400.0,14900.0,13850.0,17250.0,15200.0,45850.0,50000.0,41650.0,48350.0,46650.0,50000.0,39350.0,39350.0,141650.0,146650.0,136650.0,15250.0,15350.0,15150.0,19050.0,16550.0,20600.0,19950.0,32150.0,32150.0
2023-05-30,49150.0,49150.0,44150.0,44150.0,14500.0,13250.0,12400.0,14900.0,13850.0,17250.0,15200.0,45850.0,50000.0,41650.0,48350.0,46650.0,50000.0,39150.0,39150.0,141650.0,146650.0,136650.0,15250.0,15350.0,15150.0,19050.0,16550.0,20600.0,19950.0,32000.0,32000.0
2023-05-31,49150.0,49150.0,44150.0,44150.0,14500.0,13250.0,12400.0,14900.0,13850.0,17250.0,15200.0,45400.0,49150.0,41650.0,48350.0,46650.0,50000.0,39000.0,39000.0,141650.0,146650.0,136650.0,15250.0,15350.0,15150.0,19050.0,16550.0,20600.0,19950.0,32000.0,32000.0
2023-06-01,49150.0,49150.0,44150.0,44150.0,14500.0,13250.0,12400.0,14900.0,13850.0,17250.0,15200.0,45400.0,49150.0,41650.0,48350.0,46650.0,50000.0,39000.0,39000.0,141650.0,146650.0,136650.0,15250.0,15350.0,15150.0,19050.0,16550.0,20600.0,19950.0,32000.0,32000.0
2023-06-02,49150.0,49150.0,44150.0,44150.0,14500.0,13250.0,12400.0,14900.0,13850.0,17250.0,15200.0,45400.0,49150.0,41650.0,48350.0,46650.0,50000.0,39000.0,39000.0,141650.0,146650.0,136650.0,15250.0,15350.0,15150.0,19050.0,16550.0,20600.0,19950.0,32000.0,32000.0
2023-06-05,50000.0,50000.0,44150.0,44150.0,14500.0,13250.0,12400.0,14900.0,13850.0,17250.0,15200.0,44600.0,47500.0,41650.0,48350.0,45000.0,51650.0,39650.0,39650.0,141650.0,146650.0,136650.0,15250.0,15350.0,15150.0,19100.0,16550.0,20750.0,19950.0,31850.0,31850.0
2023-06-06,50000.0,50000.0,44150.0,44150.0,14500.0,13250.0,12400.0,14900.0,13850.0,17250.0,15200.0,44600.0,47500.0,41650.0,48350.0,45000.0,51650.0,39650.0,39650.0,141650.0,146650.0,136650.0,15250.0,15350.0,15150.0,19100.0,16550.0,20750.0,19950.0,31850.0,31850.0
2023-06-07,50000.0,50000.0,44150.0,44150.0,14500.0,13250.0,12400.0,14900.0,13850.0,17200.0,15200.0,44600.0,47500.0,41650.0,48350.0,45000.0,51650.0,40150.0,40150.0,141650.0,146650.0,136650.0,15250.0,15350.0,15150.0,19100.0,16550.0,20750.0,19950.0,31650.0,31650.0
2023-06-08,50000.0,50000.0,44150.0,44150.0,14500.0,13250.0,12400.0,14900.0,13850.0,17200.0,15200.0,44600.0,47500.0,41650.0,49150.0,46650.0,51650.0,40150.0,40150.0,141650.0,146650.0,136650.0,15250.0,15350.0,15150.0,19100.0,16550.0,20750.0,19950.0,31650.0,31650.0
2023-06-09,50000.0,50000.0,44150.0,44150.0,14500.0,13250.0,12400.0,14900.0,13850.0,17200.0,15200.0,44600.0,47500.0,41650.0,49150.0,46650.0,51650.0,40150.0,40150.0,141650.0,146650.0,136650.0,15250.0,15350.0,15150.0,19100.0,16550.0,20750.0,19950.0,31650.0,31650.0
2023-06-12,50000.0,50000.0,43350.0,43350.0,14500.0,13250.0,12400.0,14900.0,13850.0,17200.0,15200.0,44150.0,46650.0,41650.0,46650.0,43350.0,50000.0,40500.0,40500.0,141650.0,146650.0,136650.0,15250.0,15350.0,15150.0,19100.0,16550.0,20750.0,19950.0,31350.0,31350.0
2023-06-13,50000.0,50000.0,43350.0,43350.0,14500.0,13250.0,12400.0,14900.0,13850.0,17200.0,15200.0,44150.0,46650.0,41650.0,46650.0,43350.0,50000.0,40650.0,40650.0,141650.0,146650.0,136650.0,15250.0,15350.0,15150.0,19100.0,16550.0,20750.0,19950.0,31650.0,31650.0
2023-06-14,50000.0,50000.0,43350.0,43350.0,14500.0,13250.0,12400.0,14900.0,13850.0,17200.0,15200.0,44150.0,46650.0,41650.0,46650.0,43350.0,50000.0,40600.0,40600.0,141650.0,146650.0,136650.0,15250.0,15350.0,15150.0,19100.0,16550.0,20750.0,19950.0,30650.0,30650.0
2023-06-15,50000.0,50000.0,43350.0,43350.0,14500.0,13250.0,12400.0,14900.0,13850.0,17200.0,15200.0,44150.0,46650.0,41650.0,46650.0,43350.0,50000.0,40600.0,40600.0,141650.0,146650.0,136650.0,15250.0,15350.0,15150.0,19100.0,16550.0,20750.0,19950.0,30650.0,30650.0
2023-06-16,50000.0,50000.0,43350.0,43350.0,14500.0,13250.0,12400.0,14900.0,13850.0,17200.0,15200.0,43350.0,46650.0,40000.0,46250.0,43350.0,49150.0,40500.0,40500.0,141650.0,146650.0,136650.0,15250.0,15350.0,15150.0,19100.0,16550.0,20750.0,19950.0,30650.0,30650.0
2023-06-19,46650.0,46650.0,42500.0,42500.0,14500.0,13250.0,12400.0,14900.0,13850.0,17200.0,15200.0,42500.0,45000.0,40000.0,45850.0,42500.0,49150.0,40500.0,40500.0,141650.0,146650.0,136650.0,15250.0,15350.0,15150.0,19100.0,16550.0,20750.0,19950.0,30500.0,30500.0
2023-06-20,46650.0,46650.0,42500.0,42500.0,14500.0,13250.0,12400.0,14900.0,13850.0,17200.0,15200.0,42500.0,45000.0,40000.0,45850.0,42500.0,49150.0,41000.0,41000.0,141650.0,146650.0,136650.0,15250.0,15350.0,15150.0,19100.0,16550.0,20750.0,19950.0,30350.0,30350.0
2023-06-21,46650.0,46650.0,42500.0,42500.0,14500.0,13250.0,12400.0,14900.0,13850.0,17200.0,15200.0,42500.0,45000.0,40000.0,45850.0,42500.0,49150.0,41150.0,41150.0,141650.0,146650.0,136650.0,15250.0,15350.0,15150.0,19100.0,16550.0,20750.0,19950.0,30350.0,30350.0
2023-06-22,46650.0,46650.0,42500.0,42500.0,14500.0,13250.0,12400.0,14900.0,13850.0,17200.0,15200.0,42500.0,45000.0,40000.0,45850.0,42500.0,49150.0,41500.0,41500.0,141650.0,146650.0,136650.0,15250.0,15350.0,15150.0,19100.0,16550.0,20750.0,19950.0,30350.0,30350.0
2023-06-23,46650.0,46650.0,42500.0,42500.0,14500.0,13250.0,12400.0,14900.0,13850.0,17200.0,15200.0,42500.0,45000.0,40000.0,45850.0,42500.0,49150.0,41500.0,41500.0,141650.0,146650.0,136650.0,15250.0,15350.0,15150.0,19100.0,16550.0,20750.0,19950.0,30350.0,30350.0
2023-06-26,45850.0,45850.0,42500.0,42500.0,14500.0,13250.0,12400.0,14900.0,13850.0,17200.0,15200.0,51650.0,53350.0,50000.0,48750.0,45850.0,51650.0,42150.0,42150.0,141650.0,146650.0,136650.0,15250.0,15350.0,15150.0,19100.0,16550.0,20750.0,19950.0,30650.0,30650.0
2023-06-27,45850.0,45850.0,42500.0,42500.0,14500.0,13250.0,12400.0,14900.0,13850.0,17200.0,15200.0,51650.0,53350.0,50000.0,48750.0,45850.0,51650.0,42850.0,42850.0,141650.0,146650.0,136650.0,15250.0,15350.0,15150.0,19100.0,16550.0,20750.0,19950.0,30850.0,30850.0
2023-06-28,45850.0,45850.0,42500.0,42500.0,14500.0,13250.0,12400.0,14900.0,13850.0,17200.0,15200.0,51650.0,53350.0,50000.0,48750.0,45850.0,51650.0,42850.0,42850.0,141650.0,146650.0,136650.0,15250.0,15350.0,15150.0,19100.0,16550.0,20750.0,19950.0,30850.0,30850.0
2023-06-29,45850.0,45850.0,42500.0,42500.0,14500.0,13250.0,12400.0,14900.0,13850.0,17200.0,15200.0,51650.0,53350.0,50000.0,48750.0,45850.0,51650.0,42850.0,42850.0,141650.0,146650.0,136650.0,15250.0,15350.0,15150.0,19100.0,16550.0,20750.0,19950.0,30850.0,30850.0
2023-06-30,45850.0,45850.0,42500.0,42500.0,14500.0,13250.0,12400.0,14900.0,13850.0,17200.0,15200.0,51650.0,53350.0,50000.0,48750.0,45850.0,51650.0,42850.0,42850.0,141650.0,146650.0,136650.0,15250.0,15350.0,15150.0,19100.0,16550.0,20750.0,19950.0,30850.0,30850.0
2023-07-03,45000.0,45000.0,42500.0,42500.0,14500.0,13250.0,12400.0,14900.0,13850.0,17200.0,15200.0,56650.0,60850.0,52500.0,49600.0,50850.0,48350.0,42500.0,42500.0,141650.0,146650.0,136650.0,15250.0,15350.0,15150.0,19100.0,16550.0,20750.0,19950.0,31100.0,31100.0
2023-07-04,45000.0,45000.0,42500.0,42500.0,14500.0,13250.0,12400.0,14900.0,13850.0,17200.0,15200.0,55000.0,57500.0,52500.0,50400.0,52500.0,48350.0,42150.0,42150.0,141650.0,146650.0,136650.0,14150.0,15350.0,12900.0,19100.0,16550.0,20750.0,19950.0,31250.0,31250.0
2023-07-05,44150.0,44150.0,42500.0,42500.0,14500.0,13250.0,12400.0,14900.0,13850.0,17200.0,15200.0,50850.0,54150.0,47500.0,47500.0,50000.0,45000.0,42150.0,42150.0,141650.0,146650.0,136650.0,15250.0,15350.0,15150.0,19100.0,16550.0,20750.0,19950.0,31250.0,31250.0
2023-07-06,44150.0,44150.0,42500.0,42500.0,14500.0,13250.0,12400.0,14900.0,13850.0,17200.0,15200.0,50000.0,54150.0,45850.0,47500.0,50000.0,45000.0,42150.0,42150.0,141650.0,146650.0,136650.0,15250.0,15350.0,15150.0,19100.0,16550.0,20750.0,19950.0,31250.0,31250.0
2023-07-07,42500.0,42500.0,42500.0,42500.0,14500.0,13250.0,12400.0,14900.0,13850.0,17200.0,15200.0,47900.0,54150.0,41650.0,48350.0,51650.0,45000.0,42000.0,42000.0,141650.0,146650.0,136650.0,15250.0,15350.0,15150.0,19100.0,16550.0,20750.0,19950.0,31400.0,31400.0
2023-07-10,40000.0,40000.0,45000.0,45000.0,14450.0,13200.0,12400.0,14850.0,13800.0,17100.0,15150.0,46650.0,52500.0,40850.0,47500.0,50000.0,45000.0,42000.0,42000.0,141650.0,146650.0,136650.0,15250.0,15350.0,15150.0,19100.0,16550.0,20750.0,19950.0,31400.0,31400.0
2023-07-11,40000.0,40000.0,45000.0,45000.0,14450.0,13200.0,12400.0,14850.0,13800.0,17100.0,15150.0,46650.0,52500.0,40850.0,47500.0,50000.0,45000.0,41850.0,41850.0,141650.0,146650.0,136650.0,15250.0,15350.0,15150.0,19100.0,16550.0,20750.0,19950.0,31400.0,31400.0
2023-07-12,40000.0,40000.0,45000.0,45000.0,14450.0,13200.0,12350.0,14850.0,13800.0,17100.0,15150.0,46250.0,51650.0,40850.0,44150.0,48350.0,40000.0,41850.0,41850.0,141650.0,146650.0,136650.0,15250.0,15350.0,15150.0,19100.0,16550.0,20750.0,19950.0,31400.0,31400.0
2023-07-13,40000.0,40000.0,45000.0,45000.0,14450.0,13200.0,12350.0,14850.0,13800.0,17100.0,15150.0,46250.0,51650.0,40850.0,44150.0,48350.0,40000.0,42000.0,42000.0,141650.0,146650.0,136650.0,15250.0,15350.0,15150.0,19100.0,16550.0,20750.0,19950.0,31400.0,31400.0
2023-07-14,40000.0,40000.0,45850.0,45850.0,14450.0,13200.0,12350.0,14850.0,13800.0,17100.0,15150.0,45850.0,50850.0,40850.0,43750.0,47500.0,40000.0,42000.0,42000.0,141650.0,146650.0,136650.0,15250.0,15350.0,15150.0,19100.0,16550.0,20750.0,19950.0,31600.0,31600.0
2023-07-17,38000.0,38000.0,45850.0,45850.0,14450.0,13200.0,12350.0,14850.0,13800.0,17100.0,15150.0,45400.0,50000.0,40850.0,43350.0,46650.0,40000.0,41650.0,41650.0,141650.0,146650.0,136650.0,15250.0,15350.0,15150.0,19100.0,16550.0,20750.0,19950.0,31850.0,31850.0
2023-07-18,38000.0,38000.0,45850.0,45850.0,14450.0,13200.0,12350.0,14850.0,13800.0,17100.0,15150.0,45400.0,50000.0,40850.0,43350.0,46650.0,40000.0,41650.0,41650.0,141650.0,146650.0,136650.0,15250.0,15350.0,15150.0,19100.0,16550.0,20750.0,19950.0,31850.0,31850.0
2023-07-19,,,,,,,,,,,,,,,,,,,,,,,,,,,,,,,
2023-07-20,38000.0,38000.0,47500.0,47500.0,14450.0,13200.0,12350.0,14850.0,13800.0,17100.0,15150.0,44600.0,48350.0,40850.0,43350.0,46650.0,40000.0,41500.0,41500.0,141650.0,146650.0,136650.0,15400.0,15500.0,15350.0,19100.0,16550.0,20750.0,19950.0,31850.0,31850.0
2023-07-21,38850.0,38850.0,48350.0,48350.0,14450.0,13200.0,12350.0,14850.0,13800.0,17100.0,15150.0,43750.0,46650.0,40850.0,43350.0,46650.0,40000.0,41600.0,41600.0,141650.0,146650.0,136650.0,15400.0,15500.0,15350.0,19100.0,16550.0,20750.0,19950.0,31850.0,31850.0
2023-07-24,37500.0,37500.0,49150.0,49150.0,14450.0,13200.0,12350.0,14850.0,13800.0,17100.0,15150.0,44600.0,48350.0,40850.0,42100.0,45000.0,39150.0,41100.0,41100.0,141650.0,146650.0,136650.0,15400.0,15500.0,15350.0,19100.0,16550.0,20750.0,19950.0,32000.0,32000.0
2023-07-25,36650.0,36650.0,49150.0,49150.0,14450.0,13200.0,12350.0,14850.0,13800.0,17100.0,15150.0,44600.0,48350.0,40850.0,44600.0,44150.0,45000.0,40900.0,40900.0,141650.0,146650.0,136650.0,15400.0,15500.0,15350.0,19100.0,16550.0,20750.0,19950.0,32000.0,32000.0
2023-07-26,35850.0,35850.0,49150.0,49150.0,14450.0,13200.0,12350.0,14850.0,13800.0,17100.0,15150.0,44600.0,48350.0,40850.0,43750.0,42500.0,45000.0,39900.0,39900.0,141650.0,146650.0,136650.0,15400.0,15500.0,15350.0,19100.0,16550.0,20750.0,19950.0,32000.0,32000.0
2023-07-27,35850.0,35850.0,49150.0,49150.0,14450.0,13200.0,12350.0,14850.0,13800.0,17100.0,15150.0,43750.0,46650.0,40850.0,43350.0,42500.0,44150.0,39750.0,39750.0,141650.0,146650.0,136650.0,15500.0,15500.0,15500.0,19100.0,16550.0,20750.0,19950.0,32000.0,32000.0
2023-07-28,35850.0,35850.0,49150.0,49150.0,14450.0,13200.0,12350.0,14850.0,13800.0,17100.0,15150.0,43750.0,46650.0,40850.0,43750.0,42500.0,45000.0,39500.0,39500.0,141650.0,146650.0,136650.0,15500.0,15500.0,15500.0,19100.0,16550.0,20750.0,19950.0,32000.0,32000.0
2023-07-31,35850.0,35850.0,48350.0,48350.0,14450.0,13200.0,12350.0,14850.0,13800.0,17100.0,15150.0,43750.0,45850.0,41650.0,45400.0,42500.0,48350.0,38350.0,38350.0,141650.0,146650.0,136650.0,15500.0,15500.0,15500.0,19100.0,16550.0,20750.0,19950.0,32000.0,32000.0
2023-08-01,35850.0,35850.0,48350.0,48350.0,14450.0,13200.0,12350.0,14850.0,13800.0,17100.0,15150.0,43750.0,45850.0,41650.0,46650.0,42500.0,50850.0,37850.0,37850.0,141650.0,146650.0,136650.0,15500.0,15500.0,15500.0,19100.0,16550.0,20750.0,19950.0,32000.0,32000.0
2023-08-02,35850.0,35850.0,48350.0,48350.0,14450.0,13200.0,12350.0,14850.0,13800.0,17100.0,15150.0,43750.0,45850.0,41650.0,47100.0,42500.0,51650.0,37500.0,37500.0,141650.0,146650.0,136650.0,15500.0,15500.0,15500.0,19100.0,16550.0,20750.0,19950.0,32000.0,32000.0
2023-08-03,35850.0,35850.0,48350.0,48350.0,14500.0,13250.0,12450.0,14900.0,13850.0,17150.0,15200.0,43750.0,45850.0,41650.0,47100.0,42500.0,51650.0,37000.0,37000.0,141650.0,146650.0,136650.0,15500.0,15500.0,15500.0,19100.0,16550.0,20750.0,19950.0,32000.0,32000.0
2023-08-04,35850.0,35850.0,48350.0,48350.0,14500.0,13250.0,12450.0,14900.0,13850.0,17150.0,15200.0,43750.0,45850.0,41650.0,47100.0,42500.0,51650.0,37000.0,37000.0,141650.0,146650.0,136650.0,15500.0,15500.0,15500.0,19100.0,16550.0,20750.0,19950.0,32000.0,32000.0
2023-08-07,35000.0,35000.0,48350.0,48350.0,14550.0,13300.0,12500.0,14950.0,13900.0,17200.0,15250.0,45850.0,50000.0,41650.0,46650.0,42500.0,50850.0,38000.0,38000.0,141650.0,146650.0,136650.0,15750.0,15850.0,15650.0,19100.0,16550.0,20750.0,19950.0,31750.0,31750.0
2023-08-08,35000.0,35000.0,48350.0,48350.0,14550.0,13300.0,12500.0,14950.0,13900.0,17200.0,15250.0,45850.0,50000.0,41650.0,46650.0,42500.0,50850.0,38150.0,38150.0,141650.0,146650.0,136650.0,15750.0,15850.0,15650.0,19100.0,16550.0,20750.0,19950.0,31750.0,31750.0
2023-08-09,35000.0,35000.0,48350.0,48350.0,14550.0,13300.0,12500.0,14950.0,13900.0,17200.0,15250.0,45850.0,50000.0,41650.0,46250.0,41650.0,50850.0,38350.0,38350.0,141650.0,146650.0,136650.0,15750.0,15850.0,15650.0,19100.0,16550.0,20750.0,19950.0,31750.0,31750.0
2023-08-10,35000.0,35000.0,48350.0,48350.0,14550.0,13300.0,12500.0,14950.0,13900.0,17200.0,15250.0,45850.0,50000.0,41650.0,47100.0,41650.0,52500.0,39150.0,39150.0,141650.0,146650.0,136650.0,15750.0,15850.0,15650.0,19100.0,16550.0,20750.0,19950.0,31750.0,31750.0
2023-08-11,35000.0,35000.0,48350.0,48350.0,14600.0,13350.0,12550.0,15000.0,13950.0,17250.0,15300.0,45850.0,50000.0,41650.0,47100.0,41650.0,52500.0,39150.0,39150.0,141650.0,146650.0,136650.0,15750.0,15850.0,15650.0,19000.0,16400.0,20600.0,19950.0,31750.0,31750.0
2023-08-14,35000.0,35000.0,48350.0,48350.0,14600.0,13400.0,12550.0,15050.0,13950.0,17300.0,15300.0,45850.0,50000.0,41650.0,45850.0,40000.0,51650.0,39150.0,39150.0,141650.0,146650.0,136650.0,15750.0,15850.0,15650.0,18950.0,16400.0,20450.0,19950.0,31250.0,31250.0
2023-08-15,35000.0,35000.0,48350.0,48350.0,14600.0,13400.0,12550.0,15050.0,13950.0,17300.0,15300.0,45850.0,50000.0,41650.0,48750.0,40000.0,57500.0,39350.0,39350.0,141650.0,146650.0,136650.0,15750.0,15850.0,15650.0,18950.0,16400.0,20450.0,19950.0,31100.0,31100.0
2023-08-16,35000.0,35000.0,46650.0,46650.0,14600.0,13400.0,12550.0,15050.0,14000.0,17300.0,15300.0,45400.0,48350.0,42500.0,50000.0,40000.0,60000.0,39500.0,39500.0,141650.0,146650.0,136650.0,15750.0,15850.0,15650.0,18950.0,16400.0,20450.0,19950.0,31100.0,31100.0
2023-08-17,35000.0,35000.0,46650.0,46650.0,14600.0,13400.0,12550.0,15050.0,14000.0,17300.0,15300.0,45400.0,48350.0,42500.0,50000.0,40000.0,60000.0,39500.0,39500.0,141650.0,146650.0,136650.0,15750.0,15850.0,15650.0,18950.0,16400.0,20450.0,19950.0,31100.0,31100.0
2023-08-18,35000.0,35000.0,46650.0,46650.0,14650.0,13450.0,12600.0,15100.0,14000.0,17350.0,15350.0,47500.0,48350.0,46650.0,50400.0,40000.0,60850.0,39650.0,39650.0,141650.0,146650.0,136650.0,15750.0,15850.0,15650.0,18950.0,16400.0,20450.0,19950.0,31000.0,31000.0
2023-08-21,35000.0,35000.0,45000.0,45000.0,14800.0,13600.0,12750.0,15200.0,14200.0,17500.0,15450.0,48350.0,50000.0,46650.0,50000.0,40000.0,60000.0,39500.0,39500.0,141650.0,146650.0,136650.0,15750.0,15850.0,15650.0,18950.0,16400.0,20450.0,19950.0,30150.0,30150.0
2023-08-22,35000.0,35000.0,45000.0,45000.0,14800.0,13600.0,12750.0,15200.0,14200.0,17500.0,15450.0,48350.0,50000.0,46650.0,50000.0,40000.0,60000.0,39400.0,39400.0,141650.0,146650.0,136650.0,15750.0,15850.0,15650.0,18950.0,16400.0,20450.0,19950.0,30000.0,30000.0
2023-08-23,35000.0,35000.0,45000.0,45000.0,14800.0,13600.0,12750.0,15200.0,14200.0,17500.0,15450.0,49150.0,50000.0,48350.0,49600.0,40000.0,59150.0,39400.0,39400.0,141650.0,146650.0,136650.0,15750.0,15850.0,15650.0,18950.0,16400.0,20450.0,19950.0,28850.0,28850.0
2023-08-24,35000.0,35000.0,45000.0,45000.0,14800.0,13600.0,12750.0,15200.0,14200.0,17500.0,15450.0,48750.0,49150.0,48350.0,47500.0,40000.0,55000.0,39400.0,39400.0,141650.0,146650.0,136650.0,15750.0,15850.0,15650.0,18950.0,16400.0,20450.0,19950.0,28850.0,28850.0
2023-08-25,35000.0,35000.0,45000.0,45000.0,14850.0,13600.0,12850.0,15250.0,14250.0,17500.0,15500.0,52500.0,55850.0,49150.0,47100.0,40000.0,54150.0,39400.0,39400.0,141650.0,146650.0,136650.0,15750.0,15850.0,15650.0,18950.0,16400.0,20450.0,19950.0,28850.0,28850.0
2023-08-28,35000.0,35000.0,45000.0,45000.0,14850.0,13650.0,12900.0,15250.0,14250.0,17500.0,15550.0,56250.0,58350.0,54150.0,47900.0,42500.0,53350.0,39100.0,39100.0,141650.0,146650.0,136650.0,15750.0,15850.0,15650.0,18850.0,16400.0,20450.0,19750.0,28500.0,28500.0
2023-08-29,35000.0,35000.0,45000.0,45000.0,14950.0,13650.0,12900.0,15300.0,14300.0,17700.0,15700.0,56250.0,58350.0,54150.0,47100.0,42500.0,51650.0,39100.0,39100.0,141650.0,146650.0,136650.0,15750.0,15850.0,15650.0,18850.0,16400.0,20450.0,19750.0,28200.0,28200.0
2023-08-30,35000.0,35000.0,45000.0,45000.0,14950.0,13700.0,12950.0,15300.0,14300.0,17750.0,15750.0,55400.0,58350.0,52500.0,46650.0,42500.0,50850.0,38750.0,38750.0,141650.0,146650.0,136650.0,15750.0,15850.0,15650.0,18850.0,16400.0,20450.0,19750.0,28000.0,28000.0
2023-08-31,35000.0,35000.0,45000.0,45000.0,14950.0,13700.0,12950.0,15300.0,14300.0,17750.0,15750.0,55400.0,58350.0,52500.0,46650.0,42500.0,50850.0,38500.0,38500.0,141650.0,146650.0,136650.0,15750.0,15850.0,15650.0,18850.0,16400.0,20450.0,19750.0,27200.0,27200.0
2023-09-01,35000.0,35000.0,45000.0,45000.0,15050.0,13750.0,13050.0,15400.0,14400.0,17800.0,15850.0,56650.0,61650.0,51650.0,45400.0,41650.0,49150.0,38500.0,38500.0,141650.0,146650.0,136650.0,15750.0,15850.0,15650.0,18850.0,16400.0,20450.0,19750.0,27000.0,27000.0
2023-09-04,35000.0,35000.0,45000.0,45000.0,15100.0,13800.0,13100.0,15400.0,14400.0,17850.0,15850.0,52900.0,55850.0,50000.0,43350.0,40000.0,46650.0,38350.0,38350.0,141650.0,146650.0,136650.0,15750.0,15850.0,15650.0,18850.0,16400.0,20450.0,19750.0,27850.0,27850.0
2023-09-05,35000.0,35000.0,45000.0,45000.0,15100.0,13800.0,13100.0,15400.0,14400.0,17850.0,15850.0,52900.0,55850.0,50000.0,43350.0,40000.0,46650.0,38500.0,38500.0,141650.0,146650.0,136650.0,15750.0,15850.0,15650.0,18850.0,16400.0,20450.0,19750.0,27850.0,27850.0
2023-09-06,35000.0,35000.0,45000.0,45000.0,15100.0,13800.0,13150.0,15450.0,14450.0,17850.0,15850.0,51650.0,55000.0,48350.0,43350.0,40000.0,46650.0,38900.0,38900.0,141650.0,146650.0,136650.0,15750.0,15850.0,15650.0,18850.0,16400.0,20450.0,19750.0,27850.0,27850.0
2023-09-07,35000.0,35000.0,45000.0,45000.0,15100.0,13800.0,13150.0,15450.0,14450.0,17850.0,15850.0,51250.0,55000.0,47500.0,43350.0,40000.0,46650.0,38900.0,38900.0,141650.0,146650.0,136650.0,15750.0,15850.0,15650.0,18850.0,16400.0,20450.0,19750.0,28000.0,28000.0
2023-09-08,35000.0,35000.0,45000.0,45000.0,15100.0,13850.0,13200.0,15450.0,14450.0,17850.0,15900.0,50000.0,55000.0,45000.0,42500.0,40000.0,45000.0,38900.0,38900.0,141650.0,146650.0,136650.0,15750.0,15850.0,15650.0,18750.0,16400.0,20100.0,19750.0,28000.0,28000.0
2023-09-11,35000.0,35000.0,45000.0,45000.0,15200.0,13950.0,13250.0,15550.0,14550.0,17850.0,15900.0,47900.0,53350.0,42500.0,42900.0,40850.0,45000.0,38750.0,38750.0,141650.0,146650.0,136650.0,15750.0,15850.0,15650.0,18800.0,16400.0,20250.0,19750.0,27750.0,27750.0
2023-09-12,35000.0,35000.0,45000.0,45000.0,15200.0,13950.0,13250.0,15550.0,14550.0,17850.0,15900.0,47900.0,53350.0,42500.0,42900.0,40850.0,45000.0,38750.0,38750.0,141650.0,146650.0,136650.0,15750.0,15850.0,15650.0,18800.0,16400.0,20250.0,19750.0,27450.0,27450.0
2023-09-13,35000.0,35000.0,45000.0,45000.0,15200.0,13950.0,13250.0,15550.0,14550.0,17850.0,15900.0,47500.0,53350.0,41650.0,42900.0,40850.0,45000.0,38350.0,38350.0,141650.0,146650.0,136650.0,15750.0,15850.0,15650.0,18800.0,16400.0,20250.0,19750.0,27450.0,27450.0
2023-09-14,35000.0,35000.0,45000.0,45000.0,15200.0,13950.0,13250.0,15550.0,14550.0,17850.0,15900.0,47500.0,51650.0,43350.0,42900.0,40850.0,45000.0,38150.0,38150.0,141650.0,146650.0,136650.0,15750.0,15850.0,15650.0,18800.0,16400.0,20250.0,19750.0,27250.0,27250.0
2023-09-15,35000.0,35000.0,45000.0,45000.0,15200.0,13950.0,13250.0,15550.0,14550.0,17850.0,15900.0,47500.0,51650.0,43350.0,42900.0,40850.0,45000.0,37500.0,37500.0,141650.0,146650.0,136650.0,15850.0,15850.0,15850.0,18800.0,16400.0,20250.0,19750.0,27250.0,27250.0
2023-09-18,35000.0,35000.0,45000.0,45000.0,15200.0,13950.0,13250.0,15550.0,14550.0,17850.0,15900.0,43750.0,47500.0,40000.0,41250.0,41650.0,40850.0,36500.0,36500.0,141650.0,146650.0,136650.0,15850.0,15850.0,15850.0,18800.0,16400.0,20250.0,19750.0,26700.0,26700.0
2023-09-19,35000.0,35000.0,45000.0,45000.0,15200.0,13950.0,13250.0,15550.0,14550.0,17850.0,15900.0,43750.0,47500.0,40000.0,41250.0,41650.0,40850.0,36350.0,36350.0,141650.0,146650.0,136650.0,15850.0,15850.0,15850.0,18750.0,16250.0,20250.0,19750.0,26500.0,26500.0
2023-09-20,35000.0,35000.0,45000.0,45000.0,15200.0,13950.0,13250.0,15550.0,14550.0,17850.0,15900.0,43750.0,47500.0,40000.0,41250.0,41650.0,40850.0,36350.0,36350.0,141650.0,146650.0,136650.0,15850.0,15850.0,15850.0,18750.0,16250.0,20250.0,19750.0,26500.0,26500.0
2023-09-21,35000.0,35000.0,45000.0,45000.0,15200.0,13950.0,13250.0,15550.0,14550.0,17850.0,15900.0,43750.0,47500.0,40000.0,40650.0,41650.0,39650.0,36150.0,36150.0,141650.0,146650.0,136650.0,15850.0,15850.0,15850.0,18750.0,16250.0,20250.0,19750.0,26550.0,26550.0
2023-09-22,34150.0,34150.0,45000.0,45000.0,15200.0,13950.0,13250.0,15550.0,14550.0,17850.0,15900.0,43350.0,45850.0,40850.0,39850.0,41650.0,38000.0,35850.0,35850.0,141650.0,146650.0,136650.0,15850.0,15850.0,15850.0,18750.0,16250.0,20250.0,19750.0,26550.0,26550.0
2023-09-25,32150.0,32150.0,44500.0,44500.0,15200.0,13950.0,13250.0,15550.0,14550.0,17850.0,15900.0,46250.0,47500.0,45000.0,45000.0,44150.0,45850.0,35850.0,35850.0,141650.0,146650.0,136650.0,15850.0,15850.0,15850.0,18700.0,16250.0,20100.0,19750.0,26550.0,26550.0
2023-09-26,32150.0,32150.0,44500.0,44500.0,15200.0,13950.0,13250.0,15550.0,14550.0,17850.0,15900.0,46250.0,47500.0,45000.0,45400.0,45000.0,45850.0,35850.0,35850.0,141650.0,146650.0,136650.0,15850.0,15850.0,15850.0,18700.0,16250.0,20100.0,19750.0,26550.0,26550.0
2023-09-27,32500.0,32500.0,45000.0,45000.0,15200.0,13950.0,13250.0,15550.0,14550.0,17850.0,15900.0,47500.0,50000.0,45000.0,42900.0,44150.0,41650.0,35850.0,35850.0,141650.0,146650.0,136650.0,15850.0,15850.0,15850.0,18700.0,16250.0,20100.0,19750.0,26550.0,26550.0
2023-09-28,32500.0,32500.0,45000.0,45000.0,15200.0,13950.0,13250.0,15550.0,14550.0,17850.0,15900.0,47500.0,50000.0,45000.0,42900.0,44150.0,41650.0,35850.0,35850.0,141650.0,146650.0,136650.0,15850.0,15850.0,15850.0,18700.0,16250.0,20100.0,19750.0,26550.0,26550.0
2023-09-29,32500.0,32500.0,45000.0,45000.0,15200.0,13950.0,13250.0,15550.0,14550.0,17850.0,15900.0,47500.0,50000.0,45000.0,42900.0,44150.0,41650.0,35850.0,35850.0,141650.0,146650.0,136650.0,15850.0,15850.0,15850.0,18650.0,16100.0,20100.0,19750.0,26550.0,26550.0
2023-10-02,32500.0,32500.0,45000.0,45000.0,15200.0,13950.0,13250.0,15550.0,14550.0,17850.0,15900.0,47500.0,50000.0,45000.0,47500.0,45850.0,49150.0,36650.0,36650.0,141650.0,146650.0,136650.0,15850.0,15850.0,15850.0,18650.0,16100.0,20100.0,19750.0,26200.0,26200.0
2023-10-03,32500.0,32500.0,45000.0,45000.0,15200.0,13950.0,13250.0,15550.0,14550.0,17850.0,15900.0,50850.0,55000.0,46650.0,47900.0,45850.0,50000.0,36850.0,36850.0,141650.0,146650.0,136650.0,15850.0,15850.0,15850.0,18650.0,16100.0,20100.0,19750.0,26200.0,26200.0
2023-10-04,32500.0,32500.0,45000.0,45000.0,15200.0,13950.0,13250.0,15550.0,14550.0,17850.0,15900.0,50850.0,55000.0,46650.0,47900.0,45850.0,50000.0,36850.0,36850.0,141650.0,146650.0,136650.0,15850.0,15850.0,15850.0,18650.0,16100.0,20100.0,19750.0,26200.0,26200.0
2023-10-05,32500.0,32500.0,45000.0,45000.0,15200.0,13950.0,13250.0,15550.0,14550.0,17850.0,15900.0,50850.0,55000.0,46650.0,47900.0,45850.0,50000.0,36850.0,36850.0,141650.0,146650.0,136650.0,15850.0,15850.0,15850.0,18650.0,16100.0,20100.0,19750.0,26200.0,26200.0
2023-10-06,32500.0,32500.0,45000.0,45000.0,15200.0,13950.0,13250.0,15550.0,14550.0,17850.0,15900.0,50850.0,55000.0,46650.0,50850.0,45850.0,55850.0,36850.0,36850.0,141650.0,146650.0,136650.0,15850.0,15850.0,15850.0,18650.0,16100.0,20100.0,19750.0,26200.0,26200.0
2023-10-09,32500.0,32500.0,45000.0,45000.0,15200.0,13950.0,13250.0,15550.0,14550.0,17850.0,15900.0,51250.0,55000.0,47500.0,50850.0,45850.0,55850.0,36650.0,36650.0,141650.0,146650.0,136650.0,15850.0,15850.0,15850.0,18650.0,16100.0,20100.0,19750.0,26200.0,26200.0
2023-10-10,32500.0,32500.0,45000.0,45000.0,15200.0,13950.0,13250.0,15550.0,14550.0,17850.0,15900.0,51650.0,55000.0,48350.0,50850.0,45850.0,55850.0,36750.0,36750.0,141650.0,146650.0,136650.0,15850.0,15850.0,15850.0,18650.0,16100.0,20100.0,19750.0,26200.0,26200.0
2023-10-11,32500.0,32500.0,45000.0,45000.0,15200.0,13950.0,13250.0,15550.0,14550.0,17850.0,15900.0,51650.0,55000.0,48350.0,50850.0,45850.0,55850.0,36750.0,36750.0,141650.0,146650.0,136650.0,15850.0,15850.0,15850.0,18650.0,16100.0,20100.0,19750.0,26200.0,26200.0
2023-10-12,32500.0,32500.0,45000.0,45000.0,15200.0,13950.0,13250.0,15550.0,14550.0,17850.0,15900.0,51650.0,55000.0,48350.0,50400.0,45850.0,55000.0,36600.0,36600.0,141650.0,146650.0,136650.0,15850.0,15850.0,15850.0,18650.0,16100.0,20100.0,19750.0,26200.0,26200.0
2023-10-13,32500.0,32500.0,45000.0,45000.0,15200.0,13950.0,13250.0,15550.0,14550.0,17850.0,15900.0,51650.0,55000.0,48350.0,50850.0,45850.0,55850.0,36400.0,36400.0,141650.0,146650.0,136650.0,15850.0,15850.0,15850.0,18650.0,16100.0,20100.0,19750.0,26200.0,26200.0
2023-10-16,32500.0,32500.0,45000.0,45000.0,15200.0,13950.0,13250.0,15550.0,14550.0,17850.0,15900.0,52500.0,55000.0,50000.0,54600.0,48350.0,60850.0,35400.0,35400.0,141650.0,146650.0,136650.0,15850.0,15850.0,15850.0,18650.0,16100.0,20100.0,19750.0,25850.0,25850.0
2023-10-17,32500.0,32500.0,45000.0,45000.0,15200.0,13950.0,13250.0,15550.0,14550.0,17850.0,15900.0,52500.0,55000.0,50000.0,55000.0,48350.0,61650.0,35100.0,35100.0,141650.0,146650.0,136650.0,15850.0,15850.0,15850.0,18650.0,16100.0,20100.0,19750.0,25850.0,25850.0
2023-10-18,32500.0,32500.0,45000.0,45000.0,15200.0,13950.0,13250.0,15550.0,14550.0,17850.0,15900.0,52500.0,55000.0,50000.0,55400.0,48350.0,62500.0,35100.0,35100.0,141650.0,146650.0,136650.0,15850.0,15850.0,15850.0,18650.0,16100.0,20100.0,19750.0,26050.0,26050.0
2023-10-19,32500.0,32500.0,45000.0,45000.0,15200.0,13950.0,13250.0,15550.0,14550.0,17850.0,15900.0,52500.0,55000.0,50000.0,55400.0,48350.0,62500.0,35100.0,35100.0,141650.0,146650.0,136650.0,15850.0,15850.0,15850.0,18650.0,16100.0,20100.0,19750.0,26050.0,26050.0
2023-10-20,32500.0,32500.0,45000.0,45000.0,15200.0,13950.0,13250.0,15550.0,14550.0,17850.0,15900.0,52500.0,55000.0,50000.0,56250.0,48350.0,64150.0,35100.0,35100.0,141650.0,146650.0,136650.0,15900.0,15850.0,15900.0,18650.0,16100.0,20100.0,19750.0,26050.0,26050.0
2023-10-23,30850.0,30850.0,45000.0,45000.0,15200.0,13950.0,13250.0,15550.0,14550.0,17850.0,15900.0,55000.0,57500.0,52500.0,64150.0,53350.0,75000.0,35650.0,35650.0,141650.0,146650.0,136650.0,16900.0,16850.0,16950.0,18300.0,16100.0,19100.0,19750.0,25850.0,25850.0
2023-10-24,30850.0,30850.0,45000.0,45000.0,15200.0,13950.0,13250.0,15550.0,14550.0,17850.0,15900.0,55000.0,57500.0,52500.0,64150.0,53350.0,75000.0,35650.0,35650.0,141650.0,146650.0,136650.0,16900.0,16850.0,16950.0,18300.0,16100.0,19100.0,19750.0,25850.0,25850.0
2023-10-25,30850.0,30850.0,45000.0,45000.0,15200.0,13950.0,13250.0,15550.0,14550.0,17850.0,15900.0,55000.0,57500.0,52500.0,65850.0,55000.0,76650.0,36000.0,36000.0,141650.0,146650.0,136650.0,16950.0,16850.0,17000.0,18300.0,16100.0,19100.0,19750.0,25850.0,25850.0
2023-10-26,30850.0,30850.0,45000.0,45000.0,15200.0,13950.0,13250.0,15550.0,14550.0,17850.0,15900.0,56250.0,57500.0,55000.0,65850.0,55000.0,76650.0,36000.0,36000.0,141650.0,146650.0,136650.0,16950.0,16850.0,17000.0,18300.0,16100.0,19100.0,19750.0,25850.0,25850.0
2023-10-27,30850.0,30850.0,45000.0,45000.0,15200.0,13950.0,13250.0,15550.0,14550.0,17850.0,15900.0,59600.0,60850.0,58350.0,67500.0,56650.0,78350.0,36000.0,36000.0,141650.0,146650.0,136650.0,16950.0,16850.0,17000.0,18300.0,16100.0,19100.0,19750.0,25850.0,25850.0
2023-10-30,32500.0,32500.0,45850.0,45850.0,15200.0,13950.0,13250.0,15550.0,14550.0,17850.0,15900.0,68350.0,63350.0,73350.0,80850.0,64150.0,97500.0,35650.0,35650.0,141650.0,146650.0,136650.0,16900.0,16850.0,16950.0,18300.0,16100.0,19100.0,19750.0,25550.0,25550.0
2023-10-31,33350.0,33350.0,45850.0,45850.0,15200.0,13950.0,13250.0,15550.0,14550.0,17850.0,15900.0,68350.0,63350.0,73350.0,80850.0,64150.0,97500.0,35600.0,35600.0,141650.0,146650.0,136650.0,17000.0,16850.0,17100.0,18200.0,16100.0,19100.0,19450.0,25350.0,25350.0
2023-11-01,33350.0,33350.0,45850.0,45850.0,15200.0,13950.0,13250.0,15550.0,14550.0,17850.0,15900.0,68350.0,63350.0,73350.0,80850.0,64150.0,97500.0,35600.0,35600.0,141650.0,146650.0,136650.0,17000.0,16850.0,17100.0,18200.0,16100.0,19100.0,19450.0,25350.0,25350.0
2023-11-02,33350.0,33350.0,45850.0,45850.0,15200.0,13950.0,13250.0,15550.0,14550.0,17850.0,15900.0,68350.0,63350.0,73350.0,80850.0,64150.0,97500.0,35600.0,35600.0,141650.0,146650.0,136650.0,17000.0,16850.0,17100.0,18200.0,16100.0,19100.0,19450.0,25200.0,25200.0
2023-11-03,33350.0,33350.0,45850.0,45850.0,15200.0,13950.0,13250.0,15550.0,14550.0,17850.0,15900.0,68350.0,63350.0,73350.0,80850.0,64150.0,97500.0,35600.0,35600.0,141650.0,146650.0,136650.0,17000.0,16850.0,17100.0,18200.0,16100.0,19100.0,19450.0,25200.0,25200.0
2023-11-06,37500.0,37500.0,45850.0,45850.0,15200.0,13950.0,13350.0,15550.0,14550.0,17850.0,15900.0,75000.0,70000.0,80000.0,82900.0,67500.0,98350.0,35900.0,35900.0,141650.0,146650.0,136650.0,17000.0,16850.0,17100.0,18200.0,16100.0,19100.0,19450.0,25850.0,25850.0
2023-11-07,37500.0,37500.0,45850.0,45850.0,15200.0,13950.0,13350.0,15550.0,14550.0,17850.0,15900.0,75000.0,70000.0,80000.0,82900.0,67500.0,98350.0,35900.0,35900.0,141650.0,146650.0,136650.0,17000.0,16850.0,17100.0,18200.0,16100.0,19100.0,19450.0,26850.0,26850.0
2023-11-08,38350.0,38350.0,45850.0,45850.0,15200.0,13950.0,13350.0,15550.0,14550.0,17850.0,15900.0,76650.0,71650.0,81650.0,81650.0,67500.0,95850.0,35900.0,35900.0,141650.0,146650.0,136650.0,17000.0,16850.0,17100.0,18200.0,16100.0,19100.0,19450.0,26850.0,26850.0
2023-11-09,38350.0,38350.0,45850.0,45850.0,15200.0,13950.0,13350.0,15550.0,14550.0,17850.0,15900.0,79150.0,71650.0,86650.0,82900.0,68350.0,97500.0,36250.0,36250.0,141650.0,146650.0,136650.0,17000.0,16850.0,17100.0,18200.0,16100.0,19100.0,19450.0,26850.0,26850.0
2023-11-10,38350.0,38350.0,45850.0,45850.0,15200.0,13950.0,13350.0,15550.0,14550.0,17850.0,15900.0,79150.0,71650.0,86650.0,82900.0,68350.0,97500.0,36250.0,36250.0,141650.0,146650.0,136650.0,17000.0,16850.0,17100.0,18200.0,16100.0,19100.0,19450.0,26850.0,26850.0
2023-11-13,35850.0,35850.0,45000.0,45000.0,15200.0,13950.0,13350.0,15550.0,14550.0,17850.0,15900.0,79150.0,75000.0,83350.0,82900.0,70000.0,95850.0,36650.0,36650.0,141650.0,146650.0,136650.0,17350.0,17200.0,17550.0,18200.0,16100.0,19100.0,19450.0,27200.0,27200.0
2023-11-14,35850.0,35850.0,45000.0,45000.0,15200.0,13950.0,13350.0,15550.0,14550.0,17850.0,15900.0,79150.0,75000.0,83350.0,82900.0,70000.0,95850.0,36650.0,36650.0,141650.0,146650.0,136650.0,17350.0,17200.0,17550.0,18200.0,16100.0,19100.0,19450.0,27200.0,27200.0
2023-11-15,35850.0,35850.0,45000.0,45000.0,15200.0,13950.0,13350.0,15550.0,14550.0,17850.0,15900.0,78750.0,75000.0,82500.0,83350.0,70000.0,96650.0,36650.0,36650.0,141650.0,146650.0,136650.0,17550.0,17550.0,17550.0,18200.0,16100.0,19100.0,19450.0,27200.0,27200.0
2023-11-16,35850.0,35850.0,44150.0,44150.0,15200.0,13950.0,13350.0,15550.0,14550.0,17850.0,15900.0,78750.0,75000.0,82500.0,83350.0,70000.0,96650.0,36150.0,36150.0,141650.0,146650.0,136650.0,17600.0,17700.0,17550.0,18200.0,16100.0,19100.0,19450.0,27350.0,27350.0
2023-11-17,36650.0,36650.0,44150.0,44150.0,15200.0,13950.0,13350.0,15550.0,14550.0,17850.0,15900.0,78750.0,75000.0,82500.0,85000.0,70000.0,100000.0,35850.0,35850.0,141650.0,146650.0,136650.0,17600.0,17700.0,17550.0,18200.0,16100.0,19100.0,19450.0,27350.0,27350.0
2023-11-20,37500.0,37500.0,43350.0,43350.0,15200.0,13950.0,13350.0,15550.0,14550.0,17850.0,15900.0,80850.0,76650.0,85000.0,85850.0,69150.0,102500.0,35500.0,35500.0,141650.0,146650.0,136650.0,17700.0,17850.0,17550.0,18150.0,16100.0,18950.0,19450.0,27350.0,27350.0
2023-11-21,36650.0,36650.0,43350.0,43350.0,15200.0,13950.0,13350.0,15550.0,14550.0,17850.0,15900.0,80850.0,76650.0,85000.0,88350.0,69150.0,107500.0,35350.0,35350.0,141650.0,146650.0,136650.0,17700.0,17850.0,17550.0,18150.0,16100.0,18950.0,19450.0,27350.0,27350.0
2023-11-22,36650.0,36650.0,43350.0,43350.0,15200.0,13950.0,13350.0,15550.0,14550.0,17850.0,15900.0,82500.0,78350.0,86650.0,89150.0,69150.0,109150.0,35000.0,35000.0,141650.0,146650.0,136650.0,17750.0,17850.0,17600.0,18150.0,16100.0,18950.0,19450.0,27350.0,27350.0
2023-11-23,36650.0,36650.0,43350.0,43350.0,15200.0,13950.0,13350.0,15550.0,14550.0,17850.0,15900.0,83750.0,78350.0,89150.0,89600.0,70000.0,109150.0,35000.0,35000.0,141650.0,146650.0,136650.0,17850.0,17850.0,17800.0,18150.0,16100.0,18950.0,19450.0,27350.0,27350.0
2023-11-24,36650.0,36650.0,43350.0,43350.0,15200.0,13950.0,13350.0,15550.0,14550.0,17850.0,15900.0,83750.0,78350.0,89150.0,89600.0,70000.0,109150.0,35000.0,35000.0,141650.0,146650.0,136650.0,17850.0,17850.0,17800.0,18150.0,16100.0,18950.0,19450.0,27200.0,27200.0
2023-11-27,36650.0,36650.0,43350.0,43350.0,15200.0,13950.0,13350.0,15550.0,14550.0,17850.0,15900.0,84600.0,82500.0,86650.0,87500.0,68350.0,106650.0,34000.0,34000.0,141650.0,146650.0,136650.0,17850.0,17850.0,17800.0,18150.0,16100.0,18950.0,19450.0,27200.0,27200.0
2023-11-28,36650.0,36650.0,43350.0,43350.0,15200.0,13950.0,13350.0,15550.0,14550.0,17850.0,15900.0,84600.0,82500.0,86650.0,87500.0,68350.0,106650.0,34000.0,34000.0,141650.0,146650.0,136650.0,17850.0,17850.0,17800.0,18150.0,16100.0,18950.0,19450.0,27200.0,27200.0
2023-11-29,36650.0,36650.0,43350.0,43350.0,15200.0,13950.0,13350.0,15550.0,14550.0,17850.0,15900.0,90400.0,86650.0,94150.0,87500.0,68350.0,106650.0,34000.0,34000.0,141650.0,146650.0,136650.0,17850.0,17850.0,17800.0,18150.0,16100.0,18950.0,19450.0,27200.0,27200.0
2023-11-30,36650.0,36650.0,43350.0,43350.0,15200.0,13950.0,13350.0,15550.0,14550.0,17850.0,15900.0,90400.0,86650.0,94150.0,87500.0,68350.0,106650.0,34000.0,34000.0,141650.0,146650.0,136650.0,17850.0,17850.0,17800.0,18150.0,16100.0,18950.0,19450.0,27200.0,27200.0
2023-12-01,36650.0,36650.0,43350.0,43350.0,15200.0,13950.0,13350.0,15550.0,14550.0,17850.0,15900.0,95850.0,94150.0,97500.0,90000.0,70000.0,110000.0,34000.0,34000.0,141650.0,146650.0,136650.0,17850.0,17850.0,17800.0,18150.0,16100.0,18950.0,19450.0,27200.0,27200.0
2023-12-04,37150.0,37150.0,45000.0,45000.0,15200.0,13950.0,13350.0,15550.0,14550.0,17850.0,15900.0,100850.0,103350.0,98350.0,91650.0,71650.0,111650.0,34650.0,34650.0,141650.0,146650.0,136650.0,17850.0,17850.0,17800.0,18150.0,16100.0,18950.0,19450.0,27100.0,27100.0
2023-12-05,37150.0,37150.0,45000.0,45000.0,15200.0,13950.0,13350.0,15550.0,14550.0,17850.0,15900.0,100850.0,103350.0,98350.0,91650.0,71650.0,111650.0,34650.0,34650.0,141650.0,146650.0,136650.0,18000.0,18050.0,17950.0,18150.0,16100.0,18950.0,19450.0,27250.0,27250.0
2023-12-06,37150.0,37150.0,45000.0,45000.0,15250.0,14000.0,13350.0,15550.0,14550.0,17900.0,15900.0,100000.0,103350.0,96650.0,90000.0,68350.0,111650.0,34650.0,34650.0,141650.0,146650.0,136650.0,18000.0,18050.0,17950.0,18150.0,16100.0,18950.0,19450.0,27250.0,27250.0
2023-12-07,37150.0,37150.0,45000.0,45000.0,15250.0,14000.0,13350.0,15550.0,14550.0,17900.0,15950.0,100000.0,103350.0,96650.0,90000.0,68350.0,111650.0,34350.0,34350.0,141650.0,146650.0,136650.0,18150.0,18200.0,18100.0,18150.0,16100.0,18950.0,19450.0,27250.0,27250.0
2023-12-08,38000.0,38000.0,45850.0,45850.0,15250.0,14000.0,13350.0,15550.0,14550.0,17900.0,15950.0,100000.0,103350.0,96650.0,90850.0,68350.0,113350.0,34350.0,34350.0,141650.0,146650.0,136650.0,18150.0,18200.0,18100.0,18150.0,16100.0,18950.0,19450.0,27250.0,27250.0
2023-12-11,40000.0,40000.0,45850.0,45850.0,15250.0,14100.0,13350.0,15550.0,14550.0,17900.0,15950.0,105000.0,110000.0,100000.0,89150.0,65000.0,113350.0,34150.0,34150.0,141650.0,146650.0,136650.0,18150.0,18200.0,18100.0,18150.0,16100.0,18950.0,19450.0,27250.0,27250.0
2023-12-12,40000.0,40000.0,45850.0,45850.0,15250.0,14100.0,13350.0,15550.0,14550.0,17900.0,15950.0,105000.0,110000.0,100000.0,89150.0,65000.0,113350.0,34150.0,34150.0,141650.0,146650.0,136650.0,18150.0,18200.0,18100.0,18150.0,16100.0,18950.0,19450.0,27250.0,27250.0
2023-12-13,40000.0,40000.0,45850.0,45850.0,15300.0,14100.0,13350.0,15550.0,14550.0,18100.0,16100.0,105000.0,108350.0,101650.0,89150.0,65000.0,113350.0,34000.0,34000.0,141650.0,146650.0,136650.0,18150.0,18200.0,18100.0,18150.0,16100.0,18950.0,19450.0,27250.0,27250.0
2023-12-14,40000.0,40000.0,45850.0,45850.0,15300.0,14100.0,13350.0,15550.0,14550.0,18100.0,16100.0,105000.0,108350.0,101650.0,89150.0,65000.0,113350.0,34000.0,34000.0,141650.0,146650.0,136650.0,18150.0,18200.0,18100.0,18150.0,16100.0,18950.0,19450.0,27250.0,27250.0
2023-12-15,40000.0,40000.0,45850.0,45850.0,15350.0,14100.0,13350.0,15550.0,14550.0,18250.0,16250.0,100850.0,108350.0,93350.0,85000.0,61650.0,108350.0,33650.0,33650.0,141650.0,146650.0,136650.0,18150.0,18200.0,18100.0,18150.0,16100.0,18950.0,19450.0,27250.0,27250.0
2023-12-18,40500.0,40500.0,45850.0,45850.0,15350.0,14100.0,13400.0,15600.0,14600.0,18250.0,16300.0,90850.0,96650.0,85000.0,77900.0,56650.0,99150.0,33500.0,33500.0,141650.0,146650.0,136650.0,18150.0,18200.0,18100.0,18150.0,16100.0,18950.0,19450.0,27250.0,27250.0
2023-12-19,41350.0,41350.0,45850.0,45850.0,15350.0,14100.0,13400.0,15600.0,14600.0,18250.0,16300.0,90850.0,96650.0,85000.0,77900.0,56650.0,99150.0,33500.0,33500.0,141650.0,146650.0,136650.0,18150.0,18200.0,18100.0,18150.0,16100.0,18950.0,19450.0,27250.0,27250.0
2023-12-20,41350.0,41350.0,45850.0,45850.0,15350.0,14100.0,13400.0,15600.0,14600.0,18250.0,16300.0,89150.0,96650.0,81650.0,77100.0,56650.0,97500.0,33500.0,33500.0,141650.0,146650.0,136650.0,18150.0,18200.0,18100.0,18050.0,16100.0,18750.0,19250.0,27250.0,27250.0
2023-12-21,42150.0,42150.0,45850.0,45850.0,15400.0,14100.0,13400.0,15600.0,14600.0,18450.0,16300.0,87100.0,95000.0,79150.0,76250.0,56650.0,95850.0,33850.0,33850.0,141650.0,146650.0,136650.0,18150.0,18200.0,18100.0,18050.0,16100.0,18750.0,19250.0,27250.0,27250.0
2023-12-22,42150.0,42150.0,45850.0,45850.0,15400.0,14100.0,13400.0,15600.0,14600.0,18450.0,16300.0,86250.0,95000.0,77500.0,75400.0,55000.0,95850.0,34000.0,34000.0,141650.0,146650.0,136650.0,18150.0,18200.0,18100.0,18050.0,16100.0,18750.0,19250.0,27250.0,27250.0
2023-12-25,,,,,,,,,,,,,,,,,,,,,,,,,,,,,,,
2023-12-26,,,,,,,,,,,,,,,,,,,,,,,,,,,,,,,
2023-12-27,44150.0,44150.0,45850.0,45850.0,15400.0,14100.0,13400.0,15600.0,14600.0,18450.0,16300.0,86250.0,98350.0,74150.0,72900.0,51650.0,94150.0,35150.0,35150.0,141650.0,146650.0,136650.0,18150.0,18200.0,18100.0,18050.0,16100.0,18750.0,19250.0,27100.0,27100.0
2023-12-28,44150.0,44150.0,45850.0,45850.0,15400.0,14100.0,13400.0,15600.0,14600.0,18450.0,16300.0,86250.0,98350.0,74150.0,72500.0,51650.0,93350.0,35150.0,35150.0,141650.0,146650.0,136650.0,18150.0,18200.0,18100.0,18050.0,16100.0,18750.0,19250.0,27100.0,27100.0
2023-12-29,44150.0,44150.0,45850.0,45850.0,15400.0,14100.0,13400.0,15600.0,14600.0,18450.0,16300.0,86250.0,98350.0,74150.0,72500.0,51650.0,93350.0,35350.0,35350.0,141650.0,146650.0,136650.0,18150.0,18200.0,18100.0,18050.0,16100.0,18750.0,19250.0,27100.0,27100.0
2024-01-01,,,,,,,,,,,,,,,,,,,,,,,,,,,,,,,
2024-01-02,44150.0,44150.0,45850.0,45850.0,15400.0,14100.0,13400.0,15600.0,14600.0,18450.0,16300.0,93350.0,100000.0,86650.0,75850.0,50000.0,101650.0,36000.0,36000.0,141650.0,146650.0,136650.0,18150.0,18200.0,18100.0,18050.0,16100.0,18750.0,19250.0,27000.0,27000.0
2024-01-03,44150.0,44150.0,45850.0,45850.0,15400.0,14100.0,13400.0,15600.0,14600.0,18450.0,16300.0,93350.0,100000.0,86650.0,74150.0,48350.0,100000.0,35850.0,35850.0,141650.0,146650.0,136650.0,18150.0,18200.0,18100.0,18050.0,16100.0,18750.0,19250.0,27000.0,27000.0
2024-01-04,44150.0,44150.0,45850.0,45850.0,15400.0,14100.0,13400.0,15600.0,14600.0,18450.0,16300.0,93350.0,100000.0,86650.0,74150.0,48350.0,100000.0,35650.0,35650.0,141650.0,146650.0,136650.0,18150.0,18200.0,18100.0,18050.0,16100.0,18750.0,19250.0,26700.0,26700.0
2024-01-05,44150.0,44150.0,45850.0,45850.0,15400.0,14100.0,13400.0,15600.0,14600.0,18450.0,16300.0,86250.0,91650.0,80850.0,72100.0,48350.0,95850.0,35400.0,35400.0,141650.0,146650.0,136650.0,18150.0,18200.0,18100.0,18050.0,16100.0,18750.0,19250.0,26700.0,26700.0
2024-01-08,42500.0,42500.0,45850.0,45850.0,15400.0,14100.0,13400.0,15600.0,14600.0,18450.0,16300.0,80000.0,81650.0,78350.0,60400.0,44150.0,76650.0,34600.0,34600.0,141650.0,146650.0,136650.0,18150.0,18200.0,18100.0,18050.0,16100.0,18750.0,19250.0,26700.0,26700.0
2024-01-09,42500.0,42500.0,45850.0,45850.0,15400.0,14100.0,13400.0,15600.0,14600.0,18450.0,16300.0,80000.0,81650.0,78350.0,60400.0,44150.0,76650.0,34600.0,34600.0,141650.0,146650.0,136650.0,18150.0,18200.0,18100.0,18050.0,16100.0,18750.0,19250.0,26700.0,26700.0
2024-01-10,42500.0,42500.0,45850.0,45850.0,15400.0,14100.0,13400.0,15600.0,14600.0,18450.0,16300.0,79600.0,81650.0,77500.0,60400.0,44150.0,76650.0,34250.0,34250.0,141650.0,146650.0,136650.0,18150.0,18200.0,18100.0,18050.0,16100.0,18750.0,19250.0,26500.0,26500.0
2024-01-11,42500.0,42500.0,45850.0,45850.0,15400.0,14100.0,13400.0,15600.0,14600.0,18450.0,16300.0,79600.0,81650.0,77500.0,60400.0,44150.0,76650.0,34250.0,34250.0,141650.0,146650.0,136650.0,18150.0,18200.0,18100.0,18050.0,16100.0,18750.0,19250.0,26350.0,26350.0
2024-01-12,41650.0,41650.0,45850.0,45850.0,15400.0,14100.0,13400.0,15600.0,14600.0,18450.0,16300.0,78750.0,81650.0,75850.0,57500.0,45000.0,70000.0,34100.0,34100.0,141650.0,146650.0,136650.0,18150.0,18200.0,18100.0,18050.0,16100.0,18750.0,19250.0,26350.0,26350.0
2024-01-15,40000.0,40000.0,46650.0,46650.0,15400.0,14100.0,13400.0,15600.0,14600.0,18500.0,16300.0,75000.0,81650.0,68350.0,55250.0,42150.0,68350.0,34600.0,34600.0,141650.0,146650.0,136650.0,18150.0,18200.0,18100.0,18050.0,16100.0,18750.0,19250.0,26050.0,26050.0
2024-01-16,40000.0,40000.0,46650.0,46650.0,15400.0,14100.0,13400.0,15600.0,14600.0,18500.0,16300.0,75000.0,81650.0,68350.0,55250.0,42150.0,68350.0,34750.0,34750.0,141650.0,146650.0,136650.0,18150.0,18200.0,18100.0,18050.0,16100.0,18750.0,19250.0,26050.0,26050.0
2024-01-17,38350.0,38350.0,46650.0,46650.0,15400.0,14100.0,13400.0,15600.0,14600.0,18500.0,16300.0,73350.0,80850.0,65850.0,53600.0,42150.0,65000.0,34750.0,34750.0,141650.0,146650.0,136650.0,18150.0,18200.0,18100.0,18050.0,16100.0,18750.0,19250.0,26200.0,26200.0
2024-01-18,38350.0,38350.0,46650.0,46650.0,15400.0,14100.0,13400.0,15600.0,14600.0,18500.0,16300.0,73350.0,80850.0,65850.0,53600.0,42150.0,65000.0,34750.0,34750.0,141650.0,146650.0,136650.0,18150.0,18200.0,18100.0,18050.0,16100.0,18750.0,19250.0,26500.0,26500.0
2024-01-19,38350.0,38350.0,46650.0,46650.0,15400.0,14100.0,13400.0,15600.0,14600.0,18500.0,16350.0,71650.0,77500.0,65850.0,50850.0,42500.0,59150.0,34750.0,34750.0,141650.0,146650.0,136650.0,18150.0,18200.0,18100.0,18050.0,16150.0,18750.0,19250.0,26500.0,26500.0
2024-01-22,38350.0,38350.0,46650.0,46650.0,15400.0,14100.0,13400.0,15600.0,14600.0,18500.0,16350.0,71650.0,77500.0,65850.0,50000.0,44150.0,55850.0,34150.0,34150.0,141650.0,146650.0,136650.0,18150.0,18200.0,18100.0,18150.0,16350.0,18850.0,19250.0,27500.0,27500.0
2024-01-23,38350.0,38350.0,46650.0,46650.0,15450.0,14150.0,13400.0,15600.0,14600.0,18500.0,16400.0,74150.0,80000.0,68350.0,52500.0,47500.0,57500.0,34000.0,34000.0,141650.0,146650.0,136650.0,18150.0,18200.0,18100.0,18150.0,16350.0,18850.0,19250.0,27500.0,27500.0
2024-01-24,38350.0,38350.0,46650.0,46650.0,15550.0,14250.0,13550.0,15600.0,14600.0,18650.0,16500.0,74600.0,80000.0,69150.0,51650.0,47500.0,55850.0,33900.0,33900.0,141650.0,146650.0,136650.0,18150.0,18200.0,18100.0,18150.0,16350.0,18850.0,19250.0,27350.0,27350.0
2024-01-25,38350.0,38350.0,46650.0,46650.0,15550.0,14250.0,13600.0,15600.0,14600.0,18700.0,16500.0,74600.0,80000.0,69150.0,51650.0,47500.0,55850.0,33900.0,33900.0,141650.0,146650.0,136650.0,18150.0,18200.0,18100.0,18150.0,16350.0,18850.0,19250.0,27350.0,27350.0
2024-01-26,38350.0,38350.0,46650.0,46650.0,15550.0,14250.0,13600.0,15600.0,14600.0,18700.0,16500.0,74600.0,80850.0,68350.0,50850.0,47500.0,54150.0,33900.0,33900.0,141650.0,146650.0,136650.0,18150.0,18200.0,18100.0,18150.0,16350.0,18850.0,19250.0,27200.0,27200.0
2024-01-29,36650.0,36650.0,47500.0,47500.0,15600.0,14350.0,13650.0,15700.0,14700.0,18750.0,16600.0,73350.0,81650.0,65000.0,51250.0,49150.0,53350.0,34000.0,34000.0,141650.0,146650.0,136650.0,18150.0,18200.0,18100.0,18150.0,16350.0,18850.0,19250.0,27200.0,27200.0
2024-01-30,36650.0,36650.0,47500.0,47500.0,15650.0,14350.0,13700.0,15700.0,14700.0,18750.0,16600.0,73350.0,81650.0,65000.0,51250.0,49150.0,53350.0,34000.0,34000.0,141650.0,146650.0,136650.0,18150.0,18200.0,18100.0,18150.0,16350.0,18850.0,19250.0,27200.0,27200.0
2024-01-31,36650.0,36650.0,47500.0,47500.0,15650.0,14400.0,13750.0,15700.0,14800.0,18750.0,16600.0,73350.0,81650.0,65000.0,52900.0,49150.0,56650.0,34150.0,34150.0,141650.0,146650.0,136650.0,18150.0,18200.0,18100.0,18150.0,16350.0,18850.0,19250.0,27200.0,27200.0
2024-02-01,36650.0,36650.0,47500.0,47500.0,15700.0,14400.0,13750.0,15700.0,14850.0,18750.0,16600.0,73350.0,81650.0,65000.0,52900.0,49150.0,56650.0,34150.0,34150.0,141650.0,146650.0,136650.0,18150.0,18200.0,18100.0,18150.0,16350.0,18850.0,19250.0,27200.0,27200.0
2024-02-02,36650.0,36650.0,47500.0,47500.0,15750.0,14450.0,13800.0,15750.0,14850.0,18800.0,16750.0,75000.0,85000.0,65000.0,52900.0,49150.0,56650.0,34350.0,34350.0,141650.0,146650.0,136650.0,18150.0,18200.0,18100.0,18150.0,16350.0,18850.0,19250.0,27350.0,27350.0
2024-02-05,38350.0,38350.0,46650.0,46650.0,15750.0,14500.0,13800.0,15750.0,14850.0,18900.0,16750.0,79150.0,85000.0,73350.0,50850.0,47500.0,54150.0,34850.0,34850.0,141650.0,146650.0,136650.0,18150.0,18200.0,18100.0,18150.0,16350.0,18850.0,19250.0,27350.0,27350.0
2024-02-06,38350.0,38350.0,46650.0,46650.0,15900.0,14650.0,13950.0,15900.0,15050.0,19000.0,16850.0,75850.0,81650.0,70000.0,50850.0,47500.0,54150.0,34850.0,34850.0,141650.0,146650.0,136650.0,18150.0,18200.0,18100.0,18150.0,16350.0,18850.0,19250.0,27350.0,27350.0
2024-02-07,38350.0,38350.0,46650.0,46650.0,15900.0,14650.0,13950.0,15900.0,15050.0,19000.0,16850.0,82100.0,92500.0,71650.0,50850.0,47500.0,54150.0,35500.0,35500.0,141650.0,146650.0,136650.0,18150.0,18200.0,18100.0,18150.0,16350.0,18850.0,19250.0,27350.0,27350.0
2024-02-08,38350.0,38350.0,45850.0,45850.0,16000.0,14800.0,14050.0,16050.0,15150.0,19000.0,16850.0,83750.0,92500.0,75000.0,57900.0,47500.0,68350.0,36650.0,36650.0,141650.0,146650.0,136650.0,18150.0,18200.0,18100.0,18250.0,16600.0,18850.0,19250.0,27700.0,27700.0
2024-02-09,,,,,,,,,,,,,,,,,,,,,,,,,,,,,,,
2024-02-12,38350.0,38350.0,46650.0,46650.0,15900.0,14650.0,13950.0,15900.0,15050.0,19000.0,16850.0,82100.0,92500.0,71650.0,50850.0,47500.0,54150.0,35500.0,35500.0,141650.0,146650.0,136650.0,18150.0,18200.0,18100.0,18150.0,16350.0,18850.0,19250.0,27350.0,27350.0
2024-02-13,38350.0,38350.0,46650.0,46650.0,15950.0,14700.0,14000.0,15900.0,15050.0,19050.0,16850.0,82100.0,92500.0,71650.0,50850.0,47500.0,54150.0,35500.0,35500.0,141650.0,146650.0,136650.0,18150.0,18200.0,18100.0,18200.0,16500.0,18850.0,19250.0,27500.0,27500.0
2024-02-14,38350.0,38350.0,45850.0,45850.0,16000.0,14850.0,14050.0,16050.0,15150.0,19050.0,16850.0,83750.0,92500.0,75000.0,57900.0,47500.0,68350.0,36650.0,36650.0,141650.0,146650.0,136650.0,18150.0,18200.0,18100.0,18300.0,16750.0,18850.0,19250.0,27850.0,27850.0
2024-02-15,39150.0,39150.0,45850.0,45850.0,16000.0,14850.0,14050.0,16050.0,15150.0,19050.0,16850.0,91650.0,100000.0,83350.0,62100.0,49150.0,75000.0,36150.0,36150.0,141650.0,146650.0,136650.0,18150.0,18200.0,18100.0,18200.0,16500.0,18850.0,19250.0,28700.0,28700.0
2024-02-16,39150.0,39150.0,46650.0,46650.0,16000.0,14850.0,14050.0,16050.0,15150.0,19050.0,16850.0,93350.0,100000.0,86650.0,65400.0,49150.0,81650.0,36150.0,36150.0,141650.0,146650.0,136650.0,18150.0,18200.0,18100.0,18300.0,16750.0,18850.0,19250.0,28700.0,28700.0
2024-02-19,41650.0,41650.0,46650.0,46650.0,16000.0,14850.0,14050.0,16050.0,15150.0,19050.0,16850.0,92500.0,100000.0,85000.0,70000.0,57500.0,82500.0,35650.0,35650.0,141650.0,146650.0,136650.0,18150.0,18200.0,18100.0,18300.0,16850.0,18850.0,19250.0,29000.0,29000.0
2024-02-20,41650.0,41650.0,46650.0,46650.0,16000.0,14850.0,14050.0,16050.0,15150.0,19050.0,16850.0,92900.0,100000.0,85850.0,68750.0,54150.0,83350.0,35600.0,35600.0,141650.0,146650.0,136650.0,18150.0,18200.0,18100.0,18300.0,16850.0,18850.0,19250.0,29000.0,29000.0
2024-02-21,41650.0,41650.0,46650.0,46650.0,16100.0,14950.0,14200.0,16150.0,15200.0,19200.0,16950.0,92900.0,100000.0,85850.0,68750.0,54150.0,83350.0,35600.0,35600.0,141650.0,146650.0,136650.0,18150.0,18200.0,18100.0,18300.0,16850.0,18850.0,19250.0,29000.0,29000.0
2024-02-22,41650.0,41650.0,46650.0,46650.0,16150.0,15000.0,14250.0,16150.0,15250.0,19200.0,16950.0,95850.0,100000.0,91650.0,71650.0,57500.0,85850.0,35250.0,35250.0,141650.0,146650.0,136650.0,18150.0,18200.0,18100.0,18300.0,16850.0,18850.0,19250.0,29000.0,29000.0
2024-02-23,41650.0,41650.0,46650.0,46650.0,16150.0,15000.0,14250.0,16150.0,15250.0,19200.0,16950.0,95850.0,100000.0,91650.0,71650.0,57500.0,85850.0,35400.0,35400.0,141650.0,146650.0,136650.0,18150.0,18200.0,18100.0,18300.0,16850.0,18850.0,19250.0,29150.0,29150.0
2024-02-26,40000.0,40000.0,46650.0,46650.0,16150.0,15000.0,14250.0,16150.0,15250.0,19350.0,16950.0,103350.0,120000.0,86650.0,71650.0,55000.0,88350.0,35900.0,35900.0,141650.0,146650.0,136650.0,18150.0,18200.0,18100.0,18300.0,16850.0,18850.0,19250.0,30000.0,30000.0
2024-02-27,40000.0,40000.0,46650.0,46650.0,16150.0,15000.0,14250.0,16150.0,15250.0,19350.0,16950.0,105000.0,120000.0,90000.0,71650.0,55000.0,88350.0,36100.0,36100.0,141650.0,146650.0,136650.0,18150.0,18200.0,18100.0,18450.0,16850.0,19200.0,19250.0,30000.0,30000.0
2024-02-28,40850.0,40850.0,46650.0,46650.0,16150.0,15050.0,14300.0,16150.0,15300.0,19350.0,16950.0,103350.0,120000.0,86650.0,71650.0,55000.0,88350.0,36100.0,36100.0,141650.0,146650.0,136650.0,18150.0,18200.0,18100.0,18500.0,17000.0,19200.0,19250.0,30150.0,30150.0
2024-02-29,40850.0,40850.0,46650.0,46650.0,16150.0,15050.0,14300.0,16150.0,15300.0,19350.0,16950.0,103350.0,120000.0,86650.0,70400.0,53350.0,87500.0,36100.0,36100.0,141650.0,146650.0,136650.0,18150.0,18200.0,18100.0,18500.0,17000.0,19200.0,19250.0,30500.0,30500.0
2024-03-01,40000.0,40000.0,46650.0,46650.0,16150.0,15050.0,14300.0,16150.0,15300.0,19350.0,16950.0,100850.0,116650.0,85000.0,69600.0,53350.0,85850.0,36400.0,36400.0,141650.0,146650.0,136650.0,18150.0,18200.0,18100.0,18500.0,17000.0,19200.0,19250.0,30500.0,30500.0
2024-03-04,40000.0,40000.0,46650.0,46650.0,16150.0,15050.0,14300.0,16150.0,15300.0,19350.0,16950.0,92500.0,105000.0,80000.0,71250.0,58350.0,84150.0,38600.0,38600.0,141650.0,146650.0,136650.0,18150.0,18200.0,18100.0,18600.0,17000.0,19350.0,19400.0,31500.0,31500.0
2024-03-05,40000.0,40000.0,46650.0,46650.0,16150.0,15000.0,14250.0,16150.0,15300.0,19350.0,16950.0,90850.0,101650.0,80000.0,69600.0,56650.0,82500.0,39100.0,39100.0,141650.0,146650.0,136650.0,18150.0,18200.0,18100.0,18600.0,17000.0,19350.0,19400.0,31650.0,31650.0
2024-03-06,40000.0,40000.0,46650.0,46650.0,16150.0,15000.0,14250.0,16150.0,15300.0,19350.0,16950.0,90850.0,101650.0,80000.0,68750.0,56650.0,80850.0,39100.0,39100.0,141650.0,146650.0,136650.0,18150.0,18200.0,18100.0,18600.0,17000.0,19350.0,19400.0,31650.0,31650.0
2024-03-07,40000.0,40000.0,46650.0,46650.0,16150.0,15000.0,14250.0,16150.0,15300.0,19350.0,16950.0,89150.0,98350.0,80000.0,68750.0,56650.0,80850.0,39150.0,39150.0,141650.0,146650.0,136650.0,18150.0,18200.0,18100.0,18600.0,17000.0,19350.0,19400.0,31650.0,31650.0
2024-03-08,40000.0,40000.0,46650.0,46650.0,16150.0,15000.0,14250.0,16150.0,15300.0,19350.0,16950.0,89150.0,98350.0,80000.0,68750.0,56650.0,80850.0,39350.0,39350.0,141650.0,146650.0,136650.0,18150.0,18200.0,18100.0,18600.0,17000.0,19350.0,19400.0,31650.0,31650.0
2024-03-11,40000.0,40000.0,46650.0,46650.0,16150.0,15000.0,14250.0,16150.0,15300.0,19350.0,16950.0,89150.0,98350.0,80000.0,68750.0,56650.0,80850.0,39350.0,39350.0,141650.0,146650.0,136650.0,18150.0,18200.0,18100.0,18600.0,17000.0,19350.0,19400.0,31650.0,31650.0
2024-03-12,40000.0,40000.0,46650.0,46650.0,16150.0,15000.0,14250.0,16150.0,15300.0,19350.0,16950.0,89150.0,98350.0,80000.0,68750.0,56650.0,80850.0,39350.0,39350.0,141650.0,146650.0,136650.0,18150.0,18200.0,18100.0,18600.0,17000.0,19350.0,19400.0,31650.0,31650.0
2024-03-13,37500.0,37500.0,47150.0,47150.0,16150.0,15000.0,14250.0,16150.0,15300.0,19350.0,16950.0,99150.0,100000.0,98350.0,67500.0,60850.0,74150.0,41000.0,41000.0,141650.0,146650.0,136650.0,18150.0,18200.0,18100.0,18600.0,17000.0,19350.0,19400.0,31850.0,31850.0
2024-03-14,37500.0,37500.0,47150.0,47150.0,16150.0,15000.0,14250.0,16150.0,15300.0,19350.0,16950.0,99150.0,100000.0,98350.0,68350.0,62500.0,74150.0,41000.0,41000.0,141650.0,146650.0,136650.0,18150.0,18200.0,18100.0,18600.0,17000.0,19350.0,19400.0,31850.0,31850.0
2024-03-15,38350.0,38350.0,47150.0,47150.0,16150.0,15000.0,14200.0,16150.0,15300.0,19350.0,16950.0,97500.0,100000.0,95000.0,73750.0,67500.0,80000.0,41150.0,41150.0,141650.0,146650.0,136650.0,18150.0,18200.0,18100.0,18600.0,17000.0,19350.0,19400.0,31850.0,31850.0
2024-03-18,38350.0,38350.0,47150.0,47150.0,16150.0,14950.0,14100.0,16150.0,15300.0,19350.0,16950.0,84600.0,95000.0,74150.0,65850.0,64150.0,67500.0,39150.0,39150.0,141650.0,146650.0,136650.0,18200.0,18200.0,18200.0,18750.0,17400.0,19350.0,19600.0,32000.0,32000.0
2024-03-19,38350.0,38350.0,47150.0,47150.0,16150.0,14950.0,14100.0,16150.0,15300.0,19350.0,16950.0,84600.0,95000.0,74150.0,65850.0,62500.0,69150.0,38500.0,38500.0,141650.0,146650.0,136650.0,18200.0,18200.0,18200.0,18750.0,17400.0,19350.0,19600.0,32000.0,32000.0
2024-03-20,38350.0,38350.0,47150.0,47150.0,16150.0,14950.0,14100.0,16150.0,15300.0,19350.0,16950.0,84600.0,95000.0,74150.0,65850.0,62500.0,69150.0,38500.0,38500.0,141650.0,146650.0,136650.0,18200.0,18200.0,18200.0,18750.0,17400.0,19350.0,19600.0,32000.0,32000.0
2024-03-21,39150.0,39150.0,47150.0,47150.0,16150.0,14950.0,14100.0,16150.0,15300.0,19350.0,16950.0,78350.0,85000.0,71650.0,63350.0,60850.0,65850.0,38600.0,38600.0,141650.0,146650.0,136650.0,18200.0,18200.0,18200.0,18900.0,17400.0,19500.0,19750.0,32000.0,32000.0
2024-03-22,39150.0,39150.0,48000.0,48000.0,16150.0,14950.0,14100.0,16150.0,15300.0,19350.0,16950.0,78350.0,85000.0,71650.0,61650.0,60000.0,63350.0,38600.0,38600.0,141650.0,146650.0,136650.0,18200.0,18200.0,18200.0,18900.0,17400.0,19500.0,19750.0,32000.0,32000.0
2024-03-25,38350.0,38350.0,48850.0,48850.0,16150.0,14950.0,14100.0,16150.0,15300.0,19350.0,16950.0,58750.0,63350.0,54150.0,52500.0,54150.0,50850.0,38350.0,38350.0,141650.0,146650.0,136650.0,18300.0,18350.0,18200.0,19000.0,17700.0,19500.0,19750.0,32000.0,32000.0
2024-03-26,38350.0,38350.0,48850.0,48850.0,16150.0,14950.0,14100.0,16150.0,15300.0,19350.0,16950.0,58750.0,63350.0,54150.0,52500.0,54150.0,50850.0,38350.0,38350.0,141650.0,146650.0,136650.0,18300.0,18350.0,18200.0,19000.0,17700.0,19500.0,19750.0,32000.0,32000.0
2024-03-27,38350.0,38350.0,48850.0,48850.0,16150.0,14950.0,14100.0,16150.0,15300.0,19350.0,16950.0,57900.0,63350.0,52500.0,53350.0,54150.0,52500.0,38350.0,38350.0,141650.0,146650.0,136650.0,18300.0,18350.0,18200.0,19000.0,17700.0,19500.0,19750.0,31350.0,31350.0
2024-03-28,38350.0,38350.0,48850.0,48850.0,16150.0,14950.0,14100.0,16150.0,15300.0,19350.0,16950.0,57900.0,63350.0,52500.0,53350.0,54150.0,52500.0,37500.0,37500.0,141650.0,146650.0,136650.0,18300.0,18350.0,18200.0,19000.0,17700.0,19500.0,19750.0,31150.0,31150.0
2024-03-29,38350.0,38350.0,48850.0,48850.0,16150.0,14950.0,14100.0,16150.0,15300.0,19350.0,16950.0,57900.0,63350.0,52500.0,53350.0,54150.0,52500.0,37500.0,37500.0,141650.0,146650.0,136650.0,18300.0,18350.0,18200.0,19000.0,17700.0,19500.0,19750.0,31150.0,31150.0
2024-04-01,46650.0,46650.0,48850.0,48850.0,16050.0,14850.0,14050.0,16100.0,15200.0,19200.0,16800.0,57900.0,63350.0,52500.0,51250.0,51650.0,50850.0,37500.0,37500.0,144150.0,149150.0,139150.0,18300.0,18350.0,18200.0,18800.0,17700.0,19250.0,19400.0,29650.0,29650.0
2024-04-02,47500.0,47500.0,49650.0,49650.0,16050.0,14850.0,14050.0,16100.0,15200.0,19200.0,16800.0,57900.0,63350.0,52500.0,51250.0,51650.0,50850.0,37850.0,37850.0,144150.0,149150.0,139150.0,18300.0,18350.0,18200.0,18800.0,17700.0,19250.0,19400.0,29500.0,29500.0
2024-04-03,47500.0,47500.0,49650.0,49650.0,15900.0,14750.0,13950.0,15950.0,15050.0,18900.0,16750.0,57900.0,63350.0,52500.0,51250.0,51650.0,50850.0,37850.0,37850.0,144150.0,149150.0,139150.0,18300.0,18350.0,18200.0,18800.0,17700.0,19250.0,19400.0,29500.0,29500.0
2024-04-04,47500.0,47500.0,49650.0,49650.0,15850.0,14700.0,13950.0,15900.0,15050.0,18850.0,16700.0,57900.0,63350.0,52500.0,50400.0,50850.0,50000.0,38150.0,38150.0,144150.0,149150.0,139150.0,18300.0,18350.0,18200.0,18850.0,17900.0,19250.0,19400.0,29500.0,29500.0
2024-04-05,47500.0,47500.0,49650.0,49650.0,15850.0,14700.0,13950.0,15900.0,15050.0,18850.0,16700.0,57900.0,63350.0,52500.0,50400.0,50850.0,50000.0,38650.0,38650.0,144150.0,149150.0,139150.0,18300.0,18350.0,18200.0,18850.0,17900.0,19250.0,19400.0,29500.0,29500.0
2024-04-08,47500.0,47500.0,49650.0,49650.0,15850.0,14700.0,13950.0,15900.0,15050.0,18850.0,16700.0,57900.0,63350.0,52500.0,50400.0,50850.0,50000.0,38650.0,38650.0,144150.0,149150.0,139150.0,18300.0,18350.0,18200.0,18850.0,17900.0,19250.0,19400.0,29500.0,29500.0
2024-04-09,47500.0,47500.0,49650.0,49650.0,15850.0,14700.0,13950.0,15900.0,15050.0,18850.0,16700.0,57900.0,63350.0,52500.0,50400.0,50850.0,50000.0,38650.0,38650.0,144150.0,149150.0,139150.0,18300.0,18350.0,18200.0,18850.0,17900.0,19250.0,19400.0,29500.0,29500.0
2024-04-10,47500.0,47500.0,49650.0,49650.0,15850.0,14700.0,13950.0,15900.0,15050.0,18850.0,16700.0,57900.0,63350.0,52500.0,50400.0,50850.0,50000.0,38650.0,38650.0,144150.0,149150.0,139150.0,18300.0,18350.0,18200.0,18850.0,17900.0,19250.0,19400.0,29500.0,29500.0
2024-04-11,47500.0,47500.0,49650.0,49650.0,15850.0,14700.0,13950.0,15900.0,15050.0,18850.0,16700.0,57900.0,63350.0,52500.0,50400.0,50850.0,50000.0,38650.0,38650.0,144150.0,149150.0,139150.0,18300.0,18350.0,18200.0,18850.0,17900.0,19250.0,19400.0,29500.0,29500.0
2024-04-12,47500.0,47500.0,49650.0,49650.0,15850.0,14700.0,13950.0,15900.0,15050.0,18850.0,16700.0,57900.0,63350.0,52500.0,50400.0,50850.0,50000.0,38650.0,38650.0,144150.0,149150.0,139150.0,18300.0,18350.0,18200.0,18850.0,17900.0,19250.0,19400.0,29500.0,29500.0
2024-04-15,47500.0,47500.0,49650.0,49650.0,15850.0,14700.0,13950.0,15900.0,15050.0,18850.0,16700.0,57900.0,63350.0,52500.0,50400.0,50850.0,50000.0,38650.0,38650.0,144150.0,149150.0,139150.0,18300.0,18350.0,18200.0,18850.0,17900.0,19250.0,19400.0,29500.0,29500.0
2024-04-16,65850.0,65850.0,54150.0,54150.0,15650.0,14600.0,13700.0,15800.0,14900.0,18400.0,16600.0,56250.0,62500.0,50000.0,44600.0,41650.0,47500.0,42500.0,42500.0,142500.0,147500.0,137500.0,18200.0,18200.0,18200.0,18950.0,17900.0,19400.0,19600.0,28200.0,28200.0
2024-04-17,65850.0,65850.0,54150.0,54150.0,15650.0,14550.0,13650.0,15750.0,14900.0,18350.0,16550.0,56250.0,62500.0,50000.0,44600.0,41650.0,47500.0,42650.0,42650.0,142500.0,147500.0,137500.0,18200.0,18200.0,18200.0,18950.0,17900.0,19400.0,19600.0,28000.0,28000.0
2024-04-18,65850.0,65850.0,54150.0,54150.0,15650.0,14550.0,13650.0,15750.0,14900.0,18350.0,16550.0,56250.0,62500.0,50000.0,44600.0,41650.0,47500.0,42150.0,42150.0,142500.0,147500.0,137500.0,18600.0,18700.0,18550.0,19000.0,17950.0,19400.0,19600.0,28000.0,28000.0
2024-04-19,67500.0,67500.0,54150.0,54150.0,15650.0,14550.0,13650.0,15750.0,14900.0,18350.0,16550.0,55400.0,60850.0,50000.0,44600.0,41650.0,47500.0,41000.0,41000.0,140000.0,145000.0,135000.0,18600.0,18700.0,18550.0,19000.0,17950.0,19400.0,19600.0,28000.0,28000.0
2024-04-22,70850.0,70850.0,55850.0,55850.0,15550.0,14550.0,13500.0,15750.0,14850.0,18200.0,16450.0,50850.0,56650.0,45000.0,45000.0,40000.0,50000.0,39350.0,39350.0,140000.0,145000.0,135000.0,18800.0,18850.0,18700.0,19000.0,17950.0,19400.0,19600.0,27500.0,27500.0
2024-04-23,70850.0,70850.0,55850.0,55850.0,15550.0,14550.0,13500.0,15750.0,14850.0,18200.0,16450.0,50000.0,55000.0,45000.0,44150.0,40000.0,48350.0,38850.0,38850.0,140000.0,145000.0,135000.0,18800.0,18850.0,18700.0,19000.0,17950.0,19400.0,19600.0,27500.0,27500.0
2024-04-24,70850.0,70850.0,55850.0,55850.0,15550.0,14550.0,13500.0,15750.0,14850.0,18200.0,16450.0,50000.0,55000.0,45000.0,44150.0,40000.0,48350.0,38150.0,38150.0,140000.0,145000.0,135000.0,19100.0,19200.0,19050.0,19100.0,17950.0,19750.0,19600.0,27500.0,27500.0
2024-04-25,71650.0,71650.0,56650.0,56650.0,15550.0,14550.0,13500.0,15750.0,14850.0,18200.0,16450.0,50000.0,55000.0,45000.0,45000.0,41650.0,48350.0,37850.0,37850.0,140000.0,145000.0,135000.0,19100.0,19200.0,19050.0,19100.0,17950.0,19750.0,19600.0,27350.0,27350.0
2024-04-26,71650.0,71650.0,56650.0,56650.0,15550.0,14550.0,13500.0,15750.0,14850.0,18200.0,16450.0,50000.0,55000.0,45000.0,45000.0,41650.0,48350.0,37850.0,37850.0,140000.0,145000.0,135000.0,19100.0,19200.0,19050.0,19100.0,17950.0,19750.0,19600.0,27350.0,27350.0
2024-04-29,71650.0,71650.0,58850.0,58850.0,15450.0,14400.0,13500.0,15600.0,14750.0,18150.0,16400.0,77100.0,80000.0,74150.0,50850.0,48350.0,53350.0,36850.0,36850.0,140000.0,145000.0,135000.0,19200.0,19350.0,19050.0,19100.0,17950.0,19750.0,19600.0,28500.0,28500.0
2024-04-30,71650.0,71650.0,58850.0,58850.0,15450.0,14400.0,13500.0,15600.0,14750.0,18150.0,16400.0,78750.0,83350.0,74150.0,50850.0,48350.0,53350.0,37150.0,37150.0,140000.0,145000.0,135000.0,19200.0,19350.0,19050.0,19100.0,17950.0,19750.0,19600.0,28750.0,28750.0
2024-05-01,71650.0,71650.0,58850.0,58850.0,15450.0,14400.0,13500.0,15600.0,14750.0,18150.0,16400.0,78750.0,83350.0,74150.0,50850.0,48350.0,53350.0,37150.0,37150.0,140000.0,145000.0,135000.0,19200.0,19350.0,19050.0,19100.0,17950.0,19750.0,19600.0,28750.0,28750.0
2024-05-02,70850.0,70850.0,58850.0,58850.0,15450.0,14400.0,13500.0,15600.0,14750.0,18150.0,16400.0,78350.0,84150.0,72500.0,50850.0,48350.0,53350.0,37850.0,37850.0,140000.0,145000.0,135000.0,19450.0,19550.0,19350.0,19100.0,17950.0,19750.0,19600.0,29750.0,29750.0
2024-05-03,69150.0,69150.0,58850.0,58850.0,15450.0,14400.0,13500.0,15600.0,14750.0,18150.0,16400.0,76650.0,82500.0,70850.0,52500.0,50000.0,55000.0,37850.0,37850.0,140000.0,145000.0,135000.0,19700.0,19850.0,19550.0,19100.0,18050.0,19900.0,19400.0,29750.0,29750.0
2024-05-06,63750.0,63750.0,60000.0,60000.0,16100.0,15050.0,14100.0,16600.0,15700.0,18300.0,16900.0,75000.0,91250.0,58750.0,48750.0,52500.0,45000.0,38500.0,38500.0,142500.0,147500.0,137500.0,19800.0,20050.0,19550.0,19200.0,18100.0,19900.0,19650.0,30250.0,30250.0
2024-05-07,66650.0,66650.0,59650.0,59650.0,15500.0,14350.0,13500.0,15600.0,14750.0,18300.0,16400.0,76250.0,87500.0,65000.0,48350.0,50000.0,46650.0,38650.0,38650.0,140000.0,145000.0,135000.0,19700.0,19850.0,19550.0,19200.0,18050.0,19900.0,19600.0,30250.0,30250.0
2024-05-08,59150.0,59150.0,59150.0,59150.0,15500.0,14350.0,13500.0,15600.0,14750.0,18300.0,16400.0,75850.0,94150.0,57500.0,48750.0,51650.0,45850.0,39350.0,39350.0,140000.0,145000.0,135000.0,19700.0,19850.0,19550.0,19200.0,18050.0,19900.0,19600.0,30250.0,30250.0
2024-05-09,59150.0,59150.0,59150.0,59150.0,15500.0,14350.0,13500.0,15600.0,14750.0,18300.0,16400.0,75850.0,94150.0,57500.0,48750.0,51650.0,45850.0,39350.0,39350.0,140000.0,145000.0,135000.0,19700.0,19850.0,19550.0,19200.0,18050.0,19900.0,19600.0,30250.0,30250.0
2024-05-10,59150.0,59150.0,59150.0,59150.0,15500.0,14350.0,13500.0,15600.0,14750.0,18300.0,16400.0,75850.0,94150.0,57500.0,48750.0,51650.0,45850.0,39350.0,39350.0,140000.0,145000.0,135000.0,19700.0,19850.0,19550.0,19200.0,18050.0,19900.0,19600.0,30250.0,30250.0
2024-05-13,56650.0,56650.0,57500.0,57500.0,15500.0,14350.0,13500.0,15600.0,14750.0,18300.0,16400.0,64150.0,75000.0,53350.0,45850.0,46650.0,45000.0,39150.0,39150.0,140000.0,145000.0,135000.0,19550.0,19700.0,19350.0,19050.0,17900.0,19900.0,19400.0,30500.0,30500.0
2024-05-14,57500.0,57500.0,57500.0,57500.0,15500.0,14350.0,13500.0,15600.0,14750.0,18300.0,16400.0,64150.0,75000.0,53350.0,45850.0,46650.0,45000.0,39150.0,39150.0,140000.0,145000.0,135000.0,19650.0,19900.0,19400.0,19050.0,17900.0,19900.0,19400.0,30500.0,30500.0
2024-05-15,56650.0,56650.0,57500.0,57500.0,15500.0,14350.0,13500.0,15600.0,14750.0,18300.0,16400.0,64150.0,75000.0,53350.0,45850.0,46650.0,45000.0,39100.0,39100.0,140000.0,145000.0,135000.0,19650.0,19900.0,19400.0,19150.0,18050.0,19900.0,19400.0,30500.0,30500.0
2024-05-16,56650.0,56650.0,57500.0,57500.0,15500.0,14350.0,13500.0,15600.0,14750.0,18300.0,16400.0,64150.0,75000.0,53350.0,45850.0,46650.0,45000.0,39100.0,39100.0,140000.0,145000.0,135000.0,19650.0,19900.0,19400.0,19150.0,18050.0,19900.0,19400.0,30500.0,30500.0
2024-05-17,56650.0,56650.0,58350.0,58350.0,15500.0,14350.0,13500.0,15600.0,14750.0,18350.0,16400.0,65850.0,76650.0,55000.0,47500.0,50000.0,45000.0,38250.0,38250.0,140000.0,145000.0,135000.0,19650.0,19900.0,19400.0,19150.0,18050.0,19900.0,19400.0,30350.0,30350.0
2024-05-20,53350.0,53350.0,57500.0,57500.0,15400.0,14250.0,13300.0,15450.0,14550.0,18350.0,16400.0,59600.0,66650.0,52500.0,46250.0,47500.0,45000.0,37850.0,37850.0,140000.0,145000.0,135000.0,19550.0,19700.0,19400.0,19150.0,18050.0,19900.0,19400.0,30150.0,30150.0
2024-05-21,53350.0,53350.0,57500.0,57500.0,15400.0,14250.0,13300.0,15450.0,14550.0,18350.0,16400.0,59600.0,66650.0,52500.0,46250.0,47500.0,45000.0,37850.0,37850.0,140000.0,145000.0,135000.0,19550.0,19700.0,19400.0,19150.0,18050.0,19900.0,19400.0,30150.0,30150.0
2024-05-22,53350.0,53350.0,57500.0,57500.0,15400.0,14250.0,13300.0,15450.0,14550.0,18350.0,16400.0,59600.0,66650.0,52500.0,46250.0,47500.0,45000.0,37850.0,37850.0,140000.0,145000.0,135000.0,19550.0,19700.0,19400.0,19150.0,18050.0,19900.0,19400.0,30150.0,30150.0
2024-05-23,53350.0,53350.0,57500.0,57500.0,15400.0,14250.0,13300.0,15450.0,14550.0,18350.0,16400.0,59600.0,66650.0,52500.0,46250.0,47500.0,45000.0,37850.0,37850.0,140000.0,145000.0,135000.0,19550.0,19700.0,19400.0,19150.0,18050.0,19900.0,19400.0,30150.0,30150.0
2024-05-24,53350.0,53350.0,57500.0,57500.0,15400.0,14250.0,13300.0,15450.0,14550.0,18350.0,16400.0,59600.0,66650.0,52500.0,46250.0,47500.0,45000.0,37850.0,37850.0,140000.0,145000.0,135000.0,19550.0,19700.0,19400.0,19150.0,18050.0,19900.0,19400.0,30150.0,30150.0
2024-05-27,50850.0,50850.0,55000.0,55000.0,15400.0,14250.0,13300.0,15450.0,14550.0,18350.0,16400.0,60850.0,71650.0,50000.0,45400.0,47500.0,43350.0,37900.0,37900.0,140000.0,145000.0,135000.0,19550.0,19700.0,19400.0,19150.0,18050.0,19900.0,19400.0,29350.0,29350.0
2024-05-28,50850.0,50850.0,55000.0,55000.0,15400.0,14250.0,13300.0,15450.0,14550.0,18350.0,16400.0,61650.0,71650.0,51650.0,45400.0,47500.0,43350.0,37900.0,37900.0,140000.0,145000.0,135000.0,19550.0,19700.0,19400.0,19150.0,18050.0,19900.0,19400.0,29000.0,29000.0
2024-05-29,55000.0,55000.0,56650.0,56650.0,15400.0,14250.0,13300.0,15450.0,14550.0,18350.0,16400.0,65000.0,71650.0,58350.0,43750.0,45000.0,42500.0,37900.0,37900.0,140000.0,145000.0,135000.0,19550.0,19700.0,19400.0,19050.0,17900.0,19900.0,19400.0,28700.0,28700.0
2024-05-30,55850.0,55850.0,56650.0,56650.0,15400.0,14250.0,13300.0,15450.0,14550.0,18350.0,16400.0,65850.0,71650.0,60000.0,45400.0,46650.0,44150.0,37900.0,37900.0,140000.0,145000.0,135000.0,19550.0,19700.0,19400.0,19050.0,17900.0,19900.0,19400.0,28700.0,28700.0
2024-05-31,55850.0,55850.0,56650.0,56650.0,15400.0,14250.0,13300.0,15450.0,14550.0,18350.0,16400.0,65850.0,71650.0,60000.0,45400.0,46650.0,44150.0,37650.0,37650.0,140000.0,145000.0,135000.0,19550.0,19700.0,19400.0,19050.0,17900.0,19900.0,19400.0,28700.0,28700.0
2024-06-03,52500.0,52500.0,54150.0,54150.0,15400.0,14250.0,13300.0,15450.0,14550.0,18350.0,16400.0,63350.0,66650.0,60000.0,46650.0,46650.0,46650.0,36350.0,36350.0,140000.0,145000.0,135000.0,19450.0,19700.0,19200.0,19050.0,17900.0,19900.0,19400.0,28700.0,28700.0
2024-06-04,52500.0,52500.0,54150.0,54150.0,15400.0,14250.0,13300.0,15450.0,14550.0,18350.0,16400.0,63350.0,66650.0,60000.0,46650.0,46650.0,46650.0,36150.0,36150.0,140000.0,145000.0,135000.0,19450.0,19700.0,19200.0,19050.0,17900.0,19900.0,19400.0,28700.0,28700.0
2024-06-05,51650.0,51650.0,52500.0,52500.0,15400.0,14250.0,13300.0,15450.0,14550.0,18350.0,16400.0,63350.0,68350.0,58350.0,46650.0,46650.0,46650.0,35650.0,35650.0,140000.0,145000.0,135000.0,19450.0,19700.0,19200.0,19050.0,17900.0,19900.0,19400.0,28700.0,28700.0
2024-06-06,51650.0,51650.0,52500.0,52500.0,15400.0,14250.0,13300.0,15450.0,14550.0,18350.0,16400.0,63350.0,68350.0,58350.0,46650.0,46650.0,46650.0,35150.0,35150.0,140000.0,145000.0,135000.0,19450.0,19700.0,19200.0,19050.0,17900.0,19900.0,19400.0,28500.0,28500.0
2024-06-07,51650.0,51650.0,52500.0,52500.0,15400.0,14250.0,13300.0,15450.0,14550.0,18350.0,16400.0,62500.0,66650.0,58350.0,45850.0,45000.0,46650.0,35150.0,35150.0,140000.0,145000.0,135000.0,19450.0,19700.0,19200.0,19050.0,17900.0,19900.0,19400.0,28350.0,28350.0
2024-06-10,51650.0,51650.0,52500.0,52500.0,15400.0,14250.0,13300.0,15450.0,14550.0,18350.0,16400.0,61650.0,63350.0,60000.0,55000.0,52500.0,57500.0,35650.0,35650.0,140000.0,145000.0,135000.0,19450.0,19700.0,19200.0,19050.0,17900.0,19900.0,19400.0,28000.0,28000.0
2024-06-11,51650.0,51650.0,52500.0,52500.0,15400.0,14250.0,13300.0,15450.0,14550.0,18350.0,16400.0,62500.0,65000.0,60000.0,55000.0,52500.0,57500.0,36650.0,36650.0,140000.0,145000.0,135000.0,19450.0,19700.0,19200.0,19050.0,17900.0,19900.0,19400.0,28200.0,28200.0
2024-06-12,51650.0,51650.0,52500.0,52500.0,15450.0,14250.0,13300.0,15450.0,14550.0,18650.0,16400.0,64600.0,65000.0,64150.0,55000.0,52500.0,57500.0,36650.0,36650.0,140000.0,145000.0,135000.0,19450.0,19700.0,19200.0,19050.0,17900.0,19900.0,19400.0,28200.0,28200.0
2024-06-13,51650.0,51650.0,52500.0,52500.0,15450.0,14250.0,13300.0,15450.0,14550.0,18650.0,16400.0,65850.0,65000.0,66650.0,55400.0,52500.0,58350.0,36650.0,36650.0,140000.0,145000.0,135000.0,19450.0,19700.0,19200.0,19050.0,17900.0,19900.0,19400.0,28200.0,28200.0
2024-06-14,51650.0,51650.0,52500.0,52500.0,15450.0,14250.0,13300.0,15450.0,14550.0,18650.0,16400.0,69150.0,71650.0,66650.0,55400.0,52500.0,58350.0,37000.0,37000.0,140000.0,145000.0,135000.0,19450.0,19700.0,19200.0,19050.0,17900.0,19900.0,19400.0,28200.0,28200.0
2024-06-17,51650.0,51650.0,52500.0,52500.0,15450.0,14250.0,13300.0,15450.0,14550.0,18650.0,16400.0,69150.0,71650.0,66650.0,55400.0,52500.0,58350.0,37000.0,37000.0,140000.0,145000.0,135000.0,19450.0,19700.0,19200.0,19050.0,17900.0,19900.0,19400.0,28200.0,28200.0
2024-06-18,51650.0,51650.0,52500.0,52500.0,15450.0,14250.0,13300.0,15450.0,14550.0,18650.0,16400.0,69150.0,71650.0,66650.0,55400.0,52500.0,58350.0,37000.0,37000.0,140000.0,145000.0,135000.0,19450.0,19700.0,19200.0,19050.0,17900.0,19900.0,19400.0,28200.0,28200.0
2024-06-19,44150.0,44150.0,50850.0,50850.0,15450.0,14250.0,13300.0,15450.0,14550.0,18650.0,16400.0,73750.0,77500.0,70000.0,56650.0,62500.0,50850.0,39000.0,39000.0,140000.0,145000.0,135000.0,19450.0,19700.0,19200.0,19050.0,17900.0,19900.0,19400.0,28200.0,28200.0
2024-06-20,44150.0,44150.0,50850.0,50850.0,15450.0,14250.0,13300.0,15450.0,14550.0,18650.0,16400.0,72900.0,75850.0,70000.0,57100.0,63350.0,50850.0,39000.0,39000.0,140000.0,145000.0,135000.0,19450.0,19700.0,19200.0,19050.0,17900.0,19900.0,19400.0,28200.0,28200.0
2024-06-21,44150.0,44150.0,50850.0,50850.0,15450.0,14250.0,13300.0,15450.0,14550.0,18650.0,16400.0,72900.0,75850.0,70000.0,57100.0,63350.0,50850.0,38150.0,38150.0,140000.0,145000.0,135000.0,19450.0,19700.0,19200.0,19050.0,17900.0,19900.0,19400.0,28200.0,28200.0
2024-06-24,41650.0,41650.0,46650.0,46650.0,15500.0,14300.0,13350.0,15500.0,14600.0,18800.0,16550.0,57900.0,66650.0,49150.0,47100.0,52500.0,41650.0,39350.0,39350.0,140000.0,145000.0,135000.0,19450.0,19700.0,19200.0,19100.0,18050.0,19900.0,19400.0,28500.0,28500.0
2024-06-25,41650.0,41650.0,46650.0,46650.0,15500.0,14300.0,13350.0,15500.0,14600.0,18800.0,16550.0,57900.0,66650.0,49150.0,47100.0,52500.0,41650.0,39350.0,39350.0,140000.0,145000.0,135000.0,19450.0,19700.0,19200.0,19100.0,18050.0,19900.0,19400.0,28500.0,28500.0
2024-06-26,41650.0,41650.0,46650.0,46650.0,15600.0,14300.0,13350.0,15500.0,14600.0,19200.0,16550.0,54600.0,63350.0,45850.0,45400.0,49150.0,41650.0,39000.0,39000.0,140000.0,145000.0,135000.0,19450.0,19700.0,19200.0,19100.0,18050.0,19900.0,19400.0,28500.0,28500.0
2024-06-27,42500.0,42500.0,46650.0,46650.0,15600.0,14300.0,13350.0,15500.0,14600.0,19200.0,16550.0,55400.0,65000.0,45850.0,45400.0,49150.0,41650.0,38650.0,38650.0,140000.0,145000.0,135000.0,19450.0,19700.0,19200.0,19100.0,18050.0,19900.0,19400.0,28500.0,28500.0
2024-06-28,42500.0,42500.0,46650.0,46650.0,15600.0,14300.0,13350.0,15500.0,14600.0,19200.0,16550.0,55400.0,65000.0,45850.0,45400.0,49150.0,41650.0,38650.0,38650.0,140000.0,145000.0,135000.0,19450.0,19700.0,19200.0,19100.0,18050.0,19900.0,19400.0,28200.0,28200.0
2024-07-01,41650.0,41650.0,47500.0,47500.0,15600.0,14300.0,13500.0,15500.0,14600.0,19200.0,16550.0,52500.0,60850.0,44150.0,48750.0,51650.0,45850.0,38650.0,38650.0,140000.0,145000.0,135000.0,19450.0,19700.0,19200.0,19100.0,18050.0,19900.0,19400.0,28000.0,28000.0
2024-07-02,40850.0,40850.0,47500.0,47500.0,15600.0,14300.0,13500.0,15500.0,14600.0,19200.0,16550.0,53350.0,60850.0,45850.0,48750.0,51650.0,45850.0,38650.0,38650.0,140000.0,145000.0,135000.0,19450.0,19700.0,19200.0,19100.0,18050.0,19900.0,19400.0,28000.0,28000.0
2024-07-03,40000.0,40000.0,47500.0,47500.0,15600.0,14300.0,13500.0,15500.0,14600.0,19200.0,16550.0,54600.0,60000.0,49150.0,53350.0,56650.0,50000.0,38650.0,38650.0,140000.0,145000.0,135000.0,19450.0,19700.0,19200.0,19200.0,18200.0,19900.0,19400.0,28000.0,28000.0
2024-07-04,,,,,,,,,,,,,,,,,,,,,,,,,,,,,,,
2024-07-05,40000.0,40000.0,47500.0,47500.0,15600.0,14300.0,13500.0,15500.0,14600.0,19200.0,16550.0,55000.0,60000.0,50000.0,56650.0,60000.0,53350.0,37900.0,37900.0,140000.0,145000.0,135000.0,19450.0,19700.0,19200.0,19200.0,18200.0,19900.0,19400.0,28000.0,28000.0
2024-07-08,38350.0,38350.0,47500.0,47500.0,15650.0,14300.0,13500.0,15600.0,14700.0,19200.0,16550.0,55850.0,58350.0,53350.0,57900.0,58350.0,57500.0,37400.0,37400.0,140000.0,145000.0,135000.0,19450.0,19700.0,19200.0,19100.0,18050.0,19900.0,19400.0,28000.0,28000.0
2024-07-09,38350.0,38350.0,47500.0,47500.0,15650.0,14300.0,13500.0,15600.0,14700.0,19200.0,16550.0,55850.0,58350.0,53350.0,57900.0,58350.0,57500.0,36900.0,36900.0,140000.0,145000.0,135000.0,19450.0,19700.0,19200.0,19100.0,18050.0,19900.0,19400.0,27850.0,27850.0
2024-07-10,38350.0,38350.0,47500.0,47500.0,15650.0,14300.0,13500.0,15600.0,14700.0,19200.0,16550.0,55850.0,58350.0,53350.0,57900.0,58350.0,57500.0,36900.0,36900.0,140000.0,145000.0,135000.0,19450.0,19700.0,19200.0,19100.0,18050.0,19900.0,19400.0,27850.0,27850.0
2024-07-11,38350.0,38350.0,47500.0,47500.0,15650.0,14300.0,13500.0,15600.0,14700.0,19200.0,16550.0,55850.0,58350.0,53350.0,61250.0,61650.0,60850.0,37000.0,37000.0,140000.0,145000.0,135000.0,19450.0,19700.0,19200.0,19100.0,18050.0,19900.0,19400.0,27850.0,27850.0
2024-07-12,38350.0,38350.0,47500.0,47500.0,15650.0,14300.0,13500.0,15600.0,14700.0,19200.0,16550.0,55850.0,58350.0,53350.0,62100.0,61650.0,62500.0,36650.0,36650.0,140000.0,145000.0,135000.0,19450.0,19700.0,19200.0,19100.0,18050.0,19900.0,19400.0,27700.0,27700.0
2024-07-15,36650.0,36650.0,47500.0,47500.0,15650.0,14300.0,13500.0,15600.0,14700.0,19200.0,16550.0,52500.0,55000.0,50000.0,67100.0,61650.0,72500.0,37150.0,37150.0,140000.0,145000.0,135000.0,19450.0,19700.0,19200.0,19100.0,18050.0,19900.0,19400.0,28200.0,28200.0
2024-07-16,36650.0,36650.0,47500.0,47500.0,15650.0,14300.0,13500.0,15600.0,14700.0,19200.0,16550.0,52500.0,55000.0,50000.0,67100.0,61650.0,72500.0,37500.0,37500.0,140000.0,145000.0,135000.0,19450.0,19700.0,19200.0,19150.0,18200.0,19900.0,19400.0,28500.0,28500.0
2024-07-17,36650.0,36650.0,47500.0,47500.0,15650.0,14300.0,13500.0,15600.0,14700.0,19200.0,16550.0,53350.0,55000.0,51650.0,67100.0,61650.0,72500.0,37500.0,37500.0,140000.0,145000.0,135000.0,19450.0,19700.0,19200.0,19200.0,18300.0,19900.0,19400.0,28700.0,28700.0
2024-07-18,36650.0,36650.0,47500.0,47500.0,15650.0,14300.0,13500.0,15600.0,14700.0,19200.0,16550.0,53350.0,55000.0,51650.0,68750.0,61650.0,75850.0,37500.0,37500.0,140000.0,145000.0,135000.0,19450.0,19700.0,19200.0,19200.0,18300.0,19900.0,19400.0,28700.0,28700.0
2024-07-19,36650.0,36650.0,47500.0,47500.0,15650.0,14300.0,13500.0,15600.0,14700.0,19200.0,16550.0,54150.0,56650.0,51650.0,69600.0,61650.0,77500.0,37650.0,37650.0,140000.0,145000.0,135000.0,19450.0,19700.0,19200.0,19200.0,18300.0,19900.0,19400.0,28700.0,28700.0
2024-07-22,36650.0,36650.0,47500.0,47500.0,15650.0,14300.0,13500.0,15600.0,14700.0,19200.0,16550.0,53350.0,55000.0,51650.0,73750.0,66650.0,80850.0,36650.0,36650.0,140000.0,145000.0,135000.0,19450.0,19700.0,19200.0,19200.0,18300.0,19900.0,19400.0,28700.0,28700.0
2024-07-23,36650.0,36650.0,47500.0,47500.0,15650.0,14300.0,13500.0,15600.0,14700.0,19200.0,16550.0,52900.0,54150.0,51650.0,73750.0,66650.0,80850.0,36600.0,36600.0,140000.0,145000.0,135000.0,19450.0,19700.0,19200.0,19200.0,18300.0,19900.0,19400.0,28700.0,28700.0
2024-07-24,36650.0,36650.0,47500.0,47500.0,15650.0,14300.0,13500.0,15600.0,14700.0,19200.0,16550.0,52900.0,54150.0,51650.0,77500.0,66650.0,88350.0,36400.0,36400.0,140000.0,145000.0,135000.0,19450.0,19700.0,19200.0,19200.0,18300.0,19900.0,19400.0,28700.0,28700.0
2024-07-25,36650.0,36650.0,48350.0,48350.0,15650.0,14300.0,13500.0,15600.0,14700.0,19200.0,16550.0,52500.0,52500.0,52500.0,81250.0,70000.0,92500.0,36600.0,36600.0,140000.0,145000.0,135000.0,19550.0,19900.0,19200.0,19200.0,18300.0,19900.0,19400.0,28350.0,28350.0
2024-07-26,36650.0,36650.0,48350.0,48350.0,15650.0,14300.0,13500.0,15600.0,14700.0,19200.0,16550.0,52100.0,51650.0,52500.0,81250.0,70000.0,92500.0,36600.0,36600.0,140000.0,145000.0,135000.0,19550.0,19900.0,19200.0,19200.0,18300.0,19900.0,19400.0,28350.0,28350.0
2024-07-29,32500.0,32500.0,49150.0,49150.0,15650.0,14300.0,13500.0,15600.0,14700.0,19200.0,16550.0,52100.0,53350.0,50850.0,80000.0,65850.0,94150.0,35600.0,35600.0,140000.0,145000.0,135000.0,19550.0,19900.0,19200.0,19200.0,18300.0,19900.0,19400.0,28350.0,28350.0
2024-07-30,32500.0,32500.0,49150.0,49150.0,15650.0,14300.0,13500.0,15600.0,14700.0,19200.0,16550.0,52100.0,53350.0,50850.0,79600.0,65850.0,93350.0,35600.0,35600.0,140000.0,145000.0,135000.0,19550.0,19900.0,19200.0,19200.0,18300.0,19900.0,19400.0,28200.0,28200.0
2024-07-31,32500.0,32500.0,49150.0,49150.0,15650.0,14300.0,13500.0,15600.0,14700.0,19200.0,16550.0,52100.0,53350.0,50850.0,79600.0,65850.0,93350.0,35600.0,35600.0,140000.0,145000.0,135000.0,19550.0,19900.0,19200.0,19200.0,18300.0,19900.0,19400.0,28200.0,28200.0
2024-08-01,32500.0,32500.0,49150.0,49150.0,15650.0,14300.0,13500.0,15600.0,14700.0,19200.0,16550.0,52100.0,53350.0,50850.0,79600.0,65850.0,93350.0,35600.0,35600.0,140000.0,145000.0,135000.0,19550.0,19900.0,19200.0,19150.0,18300.0,19900.0,19250.0,27850.0,27850.0
2024-08-02,32500.0,32500.0,49150.0,49150.0,15650.0,14300.0,13500.0,15600.0,14700.0,19200.0,16550.0,51650.0,51650.0,51650.0,78750.0,65850.0,91650.0,35250.0,35250.0,140000.0,145000.0,135000.0,19550.0,19900.0,19200.0,19150.0,18300.0,19900.0,19250.0,27850.0,27850.0
2024-08-05,32150.0,32150.0,49150.0,49150.0,15650.0,14300.0,13500.0,15600.0,14700.0,19200.0,16550.0,49600.0,49150.0,50000.0,77900.0,64150.0,91650.0,34750.0,34750.0,140000.0,145000.0,135000.0,19550.0,19900.0,19200.0,19150.0,18300.0,19900.0,19250.0,27850.0,27850.0
2024-08-06,32150.0,32150.0,49150.0,49150.0,15650.0,14300.0,13500.0,15600.0,14700.0,19200.0,16550.0,49600.0,49150.0,50000.0,78750.0,64150.0,93350.0,34900.0,34900.0,140000.0,145000.0,135000.0,19550.0,19900.0,19200.0,19150.0,18300.0,19900.0,19250.0,27850.0,27850.0
2024-08-07,32150.0,32150.0,49150.0,49150.0,15650.0,14300.0,13500.0,15600.0,14700.0,19200.0,16550.0,49600.0,49150.0,50000.0,78750.0,64150.0,93350.0,34900.0,34900.0,140000.0,145000.0,135000.0,19550.0,19900.0,19200.0,19150.0,18300.0,19900.0,19250.0,27850.0,27850.0
2024-08-08,33000.0,33000.0,49150.0,49150.0,15650.0,14300.0,13500.0,15600.0,14700.0,19200.0,16550.0,49600.0,49150.0,50000.0,75400.0,62500.0,88350.0,35400.0,35400.0,140000.0,145000.0,135000.0,19400.0,19700.0,19050.0,19050.0,18200.0,19750.0,19250.0,27750.0,27750.0
2024-08-09,31650.0,31650.0,48350.0,48350.0,15650.0,14300.0,13500.0,15600.0,14700.0,19200.0,16550.0,49600.0,49150.0,50000.0,73350.0,60000.0,86650.0,35400.0,35400.0,140000.0,145000.0,135000.0,19400.0,19700.0,19050.0,19050.0,18200.0,19750.0,19250.0,27750.0,27750.0
2024-08-12,30850.0,30850.0,48350.0,48350.0,15650.0,14300.0,13500.0,15600.0,14700.0,19200.0,16550.0,51250.0,50850.0,51650.0,70000.0,58350.0,81650.0,35500.0,35500.0,140000.0,145000.0,135000.0,19400.0,19700.0,19050.0,19050.0,18200.0,19750.0,19250.0,27600.0,27600.0
2024-08-13,30850.0,30850.0,48350.0,48350.0,15650.0,14300.0,13500.0,15600.0,14700.0,19200.0,16550.0,51250.0,50850.0,51650.0,70000.0,58350.0,81650.0,35500.0,35500.0,140000.0,145000.0,135000.0,19400.0,19700.0,19050.0,19050.0,18200.0,19750.0,19250.0,27600.0,27600.0
2024-08-14,30850.0,30850.0,48350.0,48350.0,15650.0,14300.0,13500.0,15600.0,14700.0,19200.0,16550.0,51250.0,50850.0,51650.0,69150.0,58350.0,80000.0,35650.0,35650.0,140000.0,145000.0,135000.0,19400.0,19700.0,19050.0,19050.0,18200.0,19750.0,19250.0,27450.0,27450.0
2024-08-15,30850.0,30850.0,48350.0,48350.0,15650.0,14300.0,13500.0,15600.0,14700.0,19200.0,16550.0,51250.0,50850.0,51650.0,69150.0,58350.0,80000.0,35650.0,35650.0,140000.0,145000.0,135000.0,19400.0,19700.0,19050.0,19050.0,18200.0,19750.0,19250.0,27250.0,27250.0
2024-08-16,31650.0,31650.0,48350.0,48350.0,15650.0,14300.0,13500.0,15600.0,14700.0,19200.0,16550.0,49600.0,49150.0,50000.0,67500.0,59150.0,75850.0,35500.0,35500.0,140000.0,145000.0,135000.0,19400.0,19700.0,19050.0,19050.0,18200.0,19750.0,19250.0,27250.0,27250.0
2024-08-19,31650.0,31650.0,48350.0,48350.0,15650.0,14300.0,13500.0,15600.0,14700.0,19200.0,16550.0,49600.0,49150.0,50000.0,64600.0,58350.0,70850.0,35350.0,35350.0,140000.0,145000.0,135000.0,19400.0,19700.0,19050.0,19050.0,18200.0,19750.0,19250.0,27100.0,27100.0
2024-08-20,31650.0,31650.0,48350.0,48350.0,15650.0,14300.0,13500.0,15600.0,14700.0,19200.0,16550.0,49600.0,49150.0,50000.0,64600.0,58350.0,70850.0,35350.0,35350.0,140000.0,145000.0,135000.0,19400.0,19700.0,19050.0,19050.0,18200.0,19750.0,19250.0,26950.0,26950.0
2024-08-21,32500.0,32500.0,47500.0,47500.0,15650.0,14300.0,13500.0,15600.0,14700.0,19200.0,16550.0,49600.0,50000.0,49150.0,62500.0,58350.0,66650.0,34850.0,34850.0,140000.0,145000.0,135000.0,19400.0,19700.0,19050.0,19050.0,18200.0,19750.0,19250.0,26700.0,26700.0
2024-08-22,32500.0,32500.0,47500.0,47500.0,15600.0,14300.0,13500.0,15600.0,14700.0,18950.0,16550.0,49600.0,50000.0,49150.0,62500.0,58350.0,66650.0,34850.0,34850.0,140000.0,145000.0,135000.0,19400.0,19700.0,19050.0,19050.0,18200.0,19750.0,19250.0,26600.0,26600.0
2024-08-23,32500.0,32500.0,47500.0,47500.0,15600.0,14300.0,13500.0,15600.0,14700.0,18950.0,16550.0,49600.0,50000.0,49150.0,62100.0,57500.0,66650.0,34850.0,34850.0,140000.0,145000.0,135000.0,19400.0,19700.0,19050.0,19050.0,18200.0,19750.0,19250.0,26600.0,26600.0
2024-08-26,31650.0,31650.0,46650.0,46650.0,15600.0,14300.0,13500.0,15600.0,14700.0,18950.0,16550.0,48350.0,50000.0,46650.0,55850.0,53350.0,58350.0,34650.0,34650.0,140000.0,145000.0,135000.0,19400.0,19700.0,19050.0,19050.0,18200.0,19750.0,19250.0,26350.0,26350.0
2024-08-27,31650.0,31650.0,46650.0,46650.0,15600.0,14300.0,13500.0,15600.0,14700.0,18950.0,16550.0,48350.0,50000.0,46650.0,55850.0,53350.0,58350.0,34650.0,34650.0,140000.0,145000.0,135000.0,19400.0,19700.0,19050.0,19050.0,18200.0,19750.0,19250.0,26200.0,26200.0
2024-08-28,31650.0,31650.0,47500.0,47500.0,15550.0,14200.0,13500.0,15600.0,14700.0,18900.0,16550.0,47500.0,50000.0,45000.0,53750.0,53350.0,54150.0,34650.0,34650.0,140000.0,145000.0,135000.0,19400.0,19700.0,19050.0,19150.0,18200.0,19900.0,19400.0,26100.0,26100.0
2024-08-29,31650.0,31650.0,47500.0,47500.0,15550.0,14200.0,13500.0,15600.0,14700.0,18900.0,16550.0,47100.0,50000.0,44150.0,53350.0,53350.0,53350.0,34650.0,34650.0,140000.0,145000.0,135000.0,19400.0,19700.0,19050.0,19150.0,18200.0,19900.0,19400.0,26050.0,26050.0
2024-08-30,31650.0,31650.0,47500.0,47500.0,15550.0,14200.0,13500.0,15600.0,14700.0,18900.0,16550.0,47500.0,50000.0,45000.0,52100.0,52500.0,51650.0,34650.0,34650.0,140000.0,145000.0,135000.0,19300.0,19700.0,18900.0,19150.0,18200.0,19900.0,19400.0,26050.0,26050.0
2024-09-02,32500.0,32500.0,47500.0,47500.0,15550.0,14200.0,13500.0,15600.0,14700.0,18900.0,16550.0,47100.0,50000.0,44150.0,52100.0,52500.0,51650.0,34650.0,34650.0,140000.0,145000.0,135000.0,19300.0,19700.0,18900.0,19150.0,18200.0,19900.0,19400.0,25600.0,25600.0
2024-09-03,32500.0,32500.0,47500.0,47500.0,15550.0,14200.0,13500.0,15600.0,14700.0,18900.0,16550.0,46650.0,50000.0,43350.0,52100.0,52500.0,51650.0,34500.0,34500.0,140000.0,145000.0,135000.0,19300.0,19700.0,18900.0,19150.0,18200.0,19900.0,19400.0,25450.0,25450.0
2024-09-04,32500.0,32500.0,47500.0,47500.0,15550.0,14200.0,13500.0,15600.0,14700.0,18900.0,16550.0,46650.0,50000.0,43350.0,52100.0,52500.0,51650.0,34500.0,34500.0,140000.0,145000.0,135000.0,19300.0,19700.0,18900.0,19150.0,18200.0,19900.0,19400.0,25450.0,25450.0
2024-09-05,32500.0,32500.0,47500.0,47500.0,15550.0,14200.0,13500.0,15600.0,14700.0,18900.0,16550.0,45850.0,50000.0,41650.0,52100.0,52500.0,51650.0,35000.0,35000.0,140000.0,145000.0,135000.0,19300.0,19700.0,18900.0,19250.0,18400.0,19900.0,19400.0,25300.0,25300.0
2024-09-06,32500.0,32500.0,47500.0,47500.0,15550.0,14200.0,13500.0,15600.0,14700.0,18900.0,16550.0,45850.0,50000.0,41650.0,52100.0,52500.0,51650.0,35000.0,35000.0,140000.0,145000.0,135000.0,19300.0,19700.0,18900.0,19250.0,18400.0,19900.0,19400.0,25300.0,25300.0
2024-09-09,31650.0,31650.0,48350.0,48350.0,15550.0,14200.0,13500.0,15600.0,14700.0,18900.0,16550.0,45850.0,50000.0,41650.0,48350.0,46650.0,50000.0,35000.0,35000.0,140000.0,145000.0,135000.0,19200.0,19450.0,18900.0,19150.0,18400.0,19900.0,19150.0,25600.0,25600.0
2024-09-10,31650.0,31650.0,48350.0,48350.0,15550.0,14200.0,13500.0,15600.0,14700.0,18900.0,16550.0,45850.0,50000.0,41650.0,48350.0,46650.0,50000.0,35500.0,35500.0,140000.0,145000.0,135000.0,19200.0,19450.0,18900.0,19150.0,18400.0,19900.0,19150.0,25950.0,25950.0
2024-09-11,31650.0,31650.0,48350.0,48350.0,15550.0,14200.0,13500.0,15600.0,14700.0,18900.0,16550.0,44150.0,46650.0,41650.0,47100.0,45000.0,49150.0,35750.0,35750.0,140000.0,145000.0,135000.0,19200.0,19450.0,18900.0,19200.0,18400.0,19900.0,19250.0,25950.0,25950.0
2024-09-12,31650.0,31650.0,48350.0,48350.0,15550.0,14200.0,13500.0,15600.0,14700.0,18900.0,16550.0,42900.0,45850.0,40000.0,47100.0,45000.0,49150.0,35750.0,35750.0,140000.0,145000.0,135000.0,19200.0,19450.0,18900.0,19200.0,18400.0,19900.0,19250.0,26350.0,26350.0
2024-09-13,31650.0,31650.0,48350.0,48350.0,15550.0,14200.0,13500.0,15600.0,14700.0,18900.0,16550.0,42100.0,45850.0,38350.0,47100.0,45000.0,49150.0,35600.0,35600.0,140000.0,145000.0,135000.0,19200.0,19450.0,18900.0,19200.0,18400.0,19900.0,19250.0,26500.0,26500.0
2024-09-16,31650.0,31650.0,48350.0,48350.0,15550.0,14200.0,13500.0,15600.0,14700.0,18900.0,16550.0,42100.0,45850.0,38350.0,47100.0,45000.0,49150.0,35600.0,35600.0,140000.0,145000.0,135000.0,19200.0,19450.0,18900.0,19200.0,18400.0,19900.0,19250.0,26500.0,26500.0
2024-09-17,31650.0,31650.0,48350.0,48350.0,15600.0,14200.0,13500.0,15600.0,14700.0,18900.0,16600.0,42100.0,45000.0,39150.0,46250.0,44150.0,48350.0,35000.0,35000.0,140000.0,145000.0,135000.0,19200.0,19450.0,18900.0,19250.0,18400.0,19900.0,19400.0,26950.0,26950.0
2024-09-18,31650.0,31650.0,48350.0,48350.0,15600.0,14200.0,13500.0,15600.0,14700.0,18900.0,16600.0,42100.0,45000.0,39150.0,47100.0,44150.0,50000.0,35000.0,35000.0,140000.0,145000.0,135000.0,19200.0,19450.0,18900.0,19250.0,18400.0,19900.0,19400.0,26950.0,26950.0
2024-09-19,31650.0,31650.0,48350.0,48350.0,15600.0,14200.0,13500.0,15600.0,14700.0,18900.0,16600.0,42100.0,45000.0,39150.0,47900.0,44150.0,51650.0,35000.0,35000.0,140000.0,145000.0,135000.0,19200.0,19450.0,18900.0,19250.0,18400.0,19900.0,19400.0,26950.0,26950.0
2024-09-20,31650.0,31650.0,48350.0,48350.0,15600.0,14200.0,13500.0,15600.0,14700.0,18900.0,16600.0,42100.0,45000.0,39150.0,48750.0,44150.0,53350.0,35150.0,35150.0,140000.0,145000.0,135000.0,19200.0,19450.0,18900.0,19250.0,18400.0,19900.0,19400.0,26950.0,26950.0
2024-09-23,31650.0,31650.0,48350.0,48350.0,15600.0,14200.0,13500.0,15600.0,14700.0,18900.0,16600.0,42900.0,46650.0,39150.0,47100.0,41650.0,52500.0,35000.0,35000.0,140000.0,145000.0,135000.0,19200.0,19550.0,18800.0,19200.0,18400.0,19900.0,19350.0,27000.0,27000.0
2024-09-24,31650.0,31650.0,48350.0,48350.0,15600.0,14200.0,13500.0,15600.0,14700.0,18900.0,16600.0,42900.0,46650.0,39150.0,47100.0,41650.0,52500.0,35000.0,35000.0,140000.0,145000.0,135000.0,19200.0,19550.0,18800.0,19200.0,18400.0,19900.0,19350.0,27000.0,27000.0
2024-09-25,31650.0,31650.0,48350.0,48350.0,15600.0,14200.0,13500.0,15600.0,14700.0,18900.0,16600.0,42100.0,45000.0,39150.0,45850.0,39150.0,52500.0,35000.0,35000.0,140000.0,145000.0,135000.0,19250.0,19700.0,18800.0,19200.0,18400.0,19900.0,19350.0,27000.0,27000.0
2024-09-26,31650.0,31650.0,48350.0,48350.0,15600.0,14200.0,13500.0,15600.0,14700.0,18900.0,16600.0,42100.0,45000.0,39150.0,46650.0,39150.0,54150.0,35150.0,35150.0,140000.0,145000.0,135000.0,19250.0,19700.0,18800.0,19200.0,18400.0,19900.0,19350.0,27000.0,27000.0
2024-09-27,31650.0,31650.0,48350.0,48350.0,15600.0,14200.0,13500.0,15600.0,14700.0,18900.0,16600.0,41650.0,45000.0,38350.0,47100.0,40000.0,54150.0,35150.0,35150.0,140000.0,145000.0,135000.0,19250.0,19700.0,18800.0,19200.0,18400.0,19900.0,19350.0,27000.0,27000.0
2024-09-30,31650.0,31650.0,48350.0,48350.0,15550.0,14150.0,13450.0,15600.0,14700.0,18900.0,16600.0,41650.0,45000.0,38350.0,45850.0,40850.0,50850.0,35000.0,35000.0,140000.0,145000.0,135000.0,19200.0,19550.0,18800.0,19250.0,18450.0,19900.0,19350.0,27000.0,27000.0
2024-10-01,31650.0,31650.0,48350.0,48350.0,15550.0,14150.0,13450.0,15600.0,14700.0,18900.0,16600.0,41650.0,45000.0,38350.0,45850.0,40850.0,50850.0,35150.0,35150.0,140000.0,145000.0,135000.0,19200.0,19550.0,18800.0,19250.0,18450.0,19900.0,19350.0,27000.0,27000.0
2024-10-02,31650.0,31650.0,48350.0,48350.0,15550.0,14150.0,13450.0,15600.0,14700.0,18900.0,16600.0,41650.0,45000.0,38350.0,46650.0,40850.0,52500.0,35150.0,35150.0,140000.0,145000.0,135000.0,19200.0,19550.0,18800.0,19250.0,18450.0,19900.0,19350.0,27000.0,27000.0
2024-10-03,31650.0,31650.0,48350.0,48350.0,15550.0,14150.0,13450.0,15600.0,14700.0,18900.0,16600.0,41650.0,45000.0,38350.0,46650.0,40850.0,52500.0,35350.0,35350.0,140000.0,145000.0,135000.0,19200.0,19550.0,18800.0,19300.0,18600.0,19900.0,19350.0,27000.0,27000.0
2024-10-04,31650.0,31650.0,48350.0,48350.0,15550.0,14150.0,13450.0,15600.0,14700.0,18900.0,16600.0,41650.0,45000.0,38350.0,46650.0,40850.0,52500.0,35350.0,35350.0,140000.0,145000.0,135000.0,19200.0,19550.0,18800.0,19300.0,18600.0,19900.0,19350.0,27000.0,27000.0
2024-10-07,32500.0,32500.0,49150.0,49150.0,15550.0,14150.0,13450.0,15600.0,14700.0,18900.0,16600.0,40000.0,42500.0,37500.0,47100.0,40000.0,54150.0,36000.0,36000.0,140000.0,145000.0,135000.0,19200.0,19550.0,18800.0,19300.0,18600.0,19900.0,19400.0,27000.0,27000.0
2024-10-08,32500.0,32500.0,49150.0,49150.0,15550.0,14150.0,13450.0,15600.0,14700.0,18900.0,16600.0,39600.0,42500.0,36650.0,47500.0,40000.0,55000.0,36150.0,36150.0,140000.0,145000.0,135000.0,19200.0,19550.0,18800.0,19350.0,18700.0,19900.0,19400.0,27000.0,27000.0
2024-10-09,32500.0,32500.0,49150.0,49150.0,15550.0,14150.0,13450.0,15600.0,14700.0,18900.0,16600.0,39600.0,42500.0,36650.0,47500.0,40000.0,55000.0,36500.0,36500.0,140000.0,145000.0,135000.0,19200.0,19550.0,18800.0,19350.0,18700.0,19900.0,19400.0,27000.0,27000.0
2024-10-10,32500.0,32500.0,49150.0,49150.0,15550.0,14150.0,13450.0,15600.0,14700.0,18900.0,16600.0,38750.0,40850.0,36650.0,47500.0,40000.0,55000.0,36650.0,36650.0,140000.0,145000.0,135000.0,19200.0,19550.0,18800.0,19400.0,18700.0,19900.0,19600.0,27000.0,27000.0
2024-10-11,32500.0,32500.0,49150.0,49150.0,15550.0,14150.0,13450.0,15600.0,14700.0,18900.0,16600.0,38750.0,40850.0,36650.0,47500.0,40000.0,55000.0,36650.0,36650.0,140000.0,145000.0,135000.0,19200.0,19550.0,18800.0,19400.0,18700.0,19900.0,19600.0,26950.0,26950.0
2024-10-14,32500.0,32500.0,49150.0,49150.0,15550.0,14150.0,13450.0,15600.0,14700.0,18900.0,16600.0,38750.0,40850.0,36650.0,47500.0,40000.0,55000.0,36650.0,36650.0,140000.0,145000.0,135000.0,19200.0,19550.0,18800.0,19400.0,18700.0,19900.0,19600.0,26950.0,26950.0
2024-10-15,32500.0,32500.0,49150.0,49150.0,15550.0,14150.0,13450.0,15600.0,14700.0,18900.0,16600.0,38750.0,40850.0,36650.0,47500.0,40000.0,55000.0,36850.0,36850.0,140000.0,145000.0,135000.0,19200.0,19550.0,18800.0,19400.0,18700.0,19900.0,19600.0,26950.0,26950.0
2024-10-16,32500.0,32500.0,49150.0,49150.0,15550.0,14150.0,13450.0,15600.0,14700.0,18900.0,16600.0,38750.0,40850.0,36650.0,47900.0,40000.0,55850.0,38150.0,38150.0,140000.0,145000.0,135000.0,19200.0,19550.0,18800.0,19500.0,18850.0,20100.0,19600.0,26950.0,26950.0
2024-10-17,32500.0,32500.0,49150.0,49150.0,15550.0,14150.0,13450.0,15600.0,14700.0,18900.0,16600.0,38750.0,40850.0,36650.0,47900.0,40000.0,55850.0,38500.0,38500.0,137500.0,142500.0,132500.0,19200.0,19550.0,18800.0,19500.0,18850.0,20100.0,19600.0,26950.0,26950.0
2024-10-18,32500.0,32500.0,49150.0,49150.0,15550.0,14150.0,13450.0,15600.0,14700.0,18900.0,16600.0,38750.0,40850.0,36650.0,47900.0,40000.0,55850.0,38500.0,38500.0,137500.0,142500.0,132500.0,19200.0,19550.0,18800.0,19500.0,18850.0,20100.0,19600.0,26950.0,26950.0
2024-10-21,33350.0,33350.0,49150.0,49150.0,15550.0,14150.0,13450.0,15600.0,14700.0,18900.0,16600.0,40400.0,44150.0,36650.0,45400.0,38350.0,52500.0,38500.0,38500.0,137500.0,142500.0,132500.0,19200.0,19550.0,18800.0,19500.0,18850.0,20100.0,19600.0,26750.0,26750.0
2024-10-22,33350.0,33350.0,49150.0,49150.0,15550.0,14150.0,13450.0,15600.0,14700.0,18900.0,16600.0,40400.0,44150.0,36650.0,45400.0,38350.0,52500.0,38500.0,38500.0,137500.0,142500.0,132500.0,19200.0,19550.0,18800.0,19500.0,18850.0,20100.0,19600.0,26700.0,26700.0
2024-10-23,33350.0,33350.0,49150.0,49150.0,15550.0,14150.0,13450.0,15600.0,14700.0,18900.0,16600.0,40400.0,44150.0,36650.0,45400.0,38350.0,52500.0,38500.0,38500.0,137500.0,142500.0,132500.0,19200.0,19550.0,18800.0,19500.0,18850.0,20100.0,19600.0,26700.0,26700.0
2024-10-24,33350.0,33350.0,49150.0,49150.0,15550.0,14150.0,13450.0,15600.0,14700.0,18900.0,16600.0,39150.0,43350.0,35000.0,44600.0,38350.0,50850.0,39500.0,39500.0,137500.0,142500.0,132500.0,19200.0,19550.0,18800.0,19500.0,18850.0,20100.0,19600.0,26700.0,26700.0
2024-10-25,33350.0,33350.0,49150.0,49150.0,15550.0,14150.0,13450.0,15600.0,14700.0,18900.0,16600.0,39150.0,43350.0,35000.0,44600.0,38350.0,50850.0,39500.0,39500.0,137500.0,142500.0,132500.0,19200.0,19550.0,18800.0,19500.0,18850.0,20100.0,19600.0,26700.0,26700.0
2024-10-28,35000.0,35000.0,49150.0,49150.0,15550.0,14150.0,13400.0,15550.0,14650.0,18800.0,16600.0,39150.0,42500.0,35850.0,43350.0,36650.0,50000.0,39350.0,39350.0,136650.0,141650.0,131650.0,19200.0,19550.0,18800.0,19500.0,18850.0,20100.0,19600.0,26700.0,26700.0
2024-10-29,35000.0,35000.0,49150.0,49150.0,15550.0,14150.0,13400.0,15550.0,14650.0,18800.0,16600.0,39150.0,42500.0,35850.0,43350.0,36650.0,50000.0,39350.0,39350.0,136650.0,141650.0,131650.0,19200.0,19550.0,18800.0,19500.0,18850.0,20100.0,19600.0,26700.0,26700.0
2024-10-30,40500.0,40500.0,49150.0,49150.0,15550.0,14150.0,13400.0,15550.0,14650.0,18800.0,16600.0,40000.0,42500.0,37500.0,43350.0,36650.0,50000.0,38500.0,38500.0,136650.0,141650.0,131650.0,19250.0,19700.0,18800.0,19500.0,18850.0,20100.0,19600.0,26700.0,26700.0
2024-10-31,41350.0,41350.0,49150.0,49150.0,15550.0,14100.0,13400.0,15550.0,14650.0,18800.0,16600.0,39600.0,43350.0,35850.0,43750.0,37500.0,50000.0,38350.0,38350.0,136650.0,141650.0,131650.0,19250.0,19700.0,18800.0,19500.0,18850.0,20100.0,19600.0,26700.0,26700.0
2024-11-01,41350.0,41350.0,49150.0,49150.0,15550.0,14100.0,13400.0,15550.0,14650.0,18800.0,16600.0,39600.0,43350.0,35850.0,43750.0,37500.0,50000.0,37850.0,37850.0,136650.0,141650.0,131650.0,19250.0,19700.0,18800.0,19500.0,18850.0,20100.0,19600.0,26700.0,26700.0
2024-11-04,45850.0,45850.0,48350.0,48350.0,15550.0,14100.0,13400.0,15550.0,14650.0,18800.0,16600.0,38750.0,41650.0,35850.0,43350.0,36650.0,50000.0,36650.0,36650.0,136650.0,141650.0,131650.0,19250.0,19700.0,18800.0,19550.0,19000.0,20100.0,19600.0,26700.0,26700.0
2024-11-05,45850.0,45850.0,48350.0,48350.0,15450.0,14000.0,13250.0,15500.0,14600.0,18800.0,16500.0,37900.0,41650.0,34150.0,41650.0,34150.0,49150.0,36500.0,36500.0,136250.0,140850.0,131650.0,19250.0,19700.0,18800.0,19650.0,19350.0,20100.0,19600.0,26700.0,26700.0
2024-11-06,45850.0,45850.0,48350.0,48350.0,15450.0,14000.0,13250.0,15500.0,14600.0,18800.0,16500.0,37900.0,41650.0,34150.0,41650.0,34150.0,49150.0,36650.0,36650.0,136250.0,140850.0,131650.0,19250.0,19700.0,18800.0,19650.0,19350.0,20100.0,19600.0,26500.0,26500.0
2024-11-07,45850.0,45850.0,48350.0,48350.0,15450.0,14000.0,13250.0,15500.0,14600.0,18800.0,16500.0,37900.0,41650.0,34150.0,41650.0,34150.0,49150.0,36650.0,36650.0,136250.0,140850.0,131650.0,19250.0,19700.0,18800.0,19650.0,19350.0,20100.0,19600.0,26500.0,26500.0
2024-11-08,45850.0,45850.0,48350.0,48350.0,15450.0,14000.0,13250.0,15500.0,14600.0,18800.0,16500.0,38350.0,42500.0,34150.0,41650.0,34150.0,49150.0,36850.0,36850.0,136250.0,140850.0,131650.0,19250.0,19700.0,18800.0,19650.0,19350.0,20100.0,19600.0,26500.0,26500.0
2024-11-11,45000.0,45000.0,46650.0,46650.0,15450.0,14000.0,13250.0,15500.0,14600.0,18800.0,16500.0,36650.0,41650.0,31650.0,40000.0,31650.0,48350.0,37850.0,37850.0,135400.0,140000.0,130850.0,19250.0,19700.0,18800.0,19750.0,19600.0,20100.0,19600.0,26600.0,26600.0
2024-11-12,45000.0,45000.0,46650.0,46650.0,15450.0,14000.0,13250.0,15500.0,14600.0,18800.0,16500.0,36250.0,41650.0,30850.0,40850.0,31650.0,50000.0,38350.0,38350.0,135400.0,140000.0,130850.0,19250.0,19700.0,18800.0,19850.0,19900.0,20100.0,19600.0,26600.0,26600.0
2024-11-13,45000.0,45000.0,46650.0,46650.0,15450.0,14000.0,13250.0,15500.0,14600.0,18800.0,16500.0,35400.0,40000.0,30850.0,40850.0,31650.0,50000.0,38350.0,38350.0,135400.0,140000.0,130850.0,19250.0,19700.0,18800.0,19850.0,19900.0,20100.0,19600.0,26600.0,26600.0
2024-11-14,45000.0,45000.0,46650.0,46650.0,15450.0,14000.0,13250.0,15500.0,14600.0,18800.0,16500.0,35400.0,40000.0,30850.0,40850.0,31650.0,50000.0,38350.0,38350.0,135400.0,140000.0,130850.0,19250.0,19700.0,18800.0,19850.0,19900.0,20100.0,19600.0,26750.0,26750.0
2024-11-15,45000.0,45000.0,46650.0,46650.0,15450.0,14000.0,13250.0,15500.0,14600.0,18800.0,16500.0,35400.0,40000.0,30850.0,40850.0,31650.0,50000.0,38150.0,38150.0,135400.0,140000.0,130850.0,19250.0,19700.0,18800.0,19850.0,19900.0,20100.0,19600.0,26750.0,26750.0
2024-11-18,46650.0,46650.0,50000.0,50000.0,15450.0,14000.0,13250.0,15500.0,14600.0,18800.0,16500.0,34600.0,37500.0,31650.0,40000.0,32500.0,47500.0,37000.0,37000.0,135400.0,140000.0,130850.0,19350.0,19900.0,18800.0,20050.0,20500.0,20100.0,19600.0,26750.0,26750.0
2024-11-19,46650.0,46650.0,50000.0,50000.0,15450.0,14000.0,13250.0,15500.0,14600.0,18800.0,16500.0,34600.0,37500.0,31650.0,40000.0,32500.0,47500.0,37000.0,37000.0,135400.0,140000.0,130850.0,19350.0,19900.0,18800.0,20050.0,20500.0,20100.0,19600.0,26750.0,26750.0
2024-11-20,46650.0,46650.0,50000.0,50000.0,15450.0,14000.0,13250.0,15500.0,14600.0,18800.0,16500.0,35850.0,39150.0,32500.0,38350.0,32500.0,44150.0,36850.0,36850.0,135400.0,140000.0,130850.0,19350.0,19900.0,18800.0,20050.0,20500.0,20100.0,19600.0,26750.0,26750.0
2024-11-21,46650.0,46650.0,50000.0,50000.0,15450.0,14000.0,13250.0,15500.0,14600.0,18800.0,16500.0,35850.0,39150.0,32500.0,38350.0,32500.0,44150.0,36650.0,36650.0,135400.0,140000.0,130850.0,19350.0,19900.0,18800.0,20050.0,20500.0,20100.0,19600.0,26600.0,26600.0
2024-11-22,46650.0,46650.0,50000.0,50000.0,15450.0,14000.0,13250.0,15500.0,14600.0,18800.0,16500.0,36650.0,39150.0,34150.0,38350.0,32500.0,44150.0,36650.0,36650.0,135400.0,140000.0,130850.0,19350.0,19900.0,18800.0,20050.0,20500.0,20100.0,19600.0,26600.0,26600.0
2024-11-25,46650.0,46650.0,50850.0,50850.0,15450.0,14000.0,13250.0,15500.0,14600.0,18800.0,16500.0,34150.0,36650.0,31650.0,35400.0,30000.0,40850.0,36650.0,36650.0,135400.0,140000.0,130850.0,19350.0,19900.0,18800.0,20050.0,20500.0,20100.0,19600.0,26600.0,26600.0
2024-11-26,46650.0,46650.0,50850.0,50850.0,15450.0,14000.0,13250.0,15500.0,14600.0,18800.0,16500.0,34150.0,36650.0,31650.0,35400.0,30000.0,40850.0,36500.0,36500.0,135400.0,140000.0,130850.0,19350.0,19900.0,18800.0,20050.0,20500.0,20100.0,19600.0,26600.0,26600.0
2024-11-27,46650.0,46650.0,50850.0,50850.0,15450.0,14000.0,13250.0,15500.0,14600.0,18800.0,16500.0,34150.0,36650.0,31650.0,35400.0,30000.0,40850.0,36500.0,36500.0,135400.0,140000.0,130850.0,19350.0,19900.0,18800.0,20050.0,20500.0,20100.0,19600.0,26600.0,26600.0
2024-11-28,45850.0,45850.0,50850.0,50850.0,15450.0,14000.0,13250.0,15500.0,14600.0,18800.0,16500.0,34150.0,36650.0,31650.0,35400.0,30000.0,40850.0,36500.0,36500.0,135400.0,140000.0,130850.0,19350.0,19900.0,18800.0,20050.0,20500.0,20100.0,19600.0,26600.0,26600.0
2024-11-29,45850.0,45850.0,50850.0,50850.0,15450.0,14000.0,13250.0,15500.0,14600.0,18800.0,16500.0,36250.0,38350.0,34150.0,40000.0,35000.0,45000.0,36500.0,36500.0,135400.0,140000.0,130850.0,19350.0,19900.0,18800.0,20050.0,20500.0,20100.0,19600.0,26600.0,26600.0
2024-12-02,45850.0,45850.0,51350.0,51350.0,15450.0,14000.0,13250.0,15500.0,14600.0,18800.0,16500.0,37100.0,39150.0,35000.0,40400.0,35850.0,45000.0,35150.0,35150.0,134600.0,139150.0,130000.0,19250.0,19700.0,18800.0,20200.0,20500.0,20100.0,19900.0,26600.0,26600.0
2024-12-03,45850.0,45850.0,51350.0,51350.0,15450.0,14000.0,13250.0,15500.0,14600.0,18800.0,16500.0,37100.0,39150.0,35000.0,40400.0,35850.0,45000.0,35150.0,35150.0,134600.0,139150.0,130000.0,19250.0,19700.0,18800.0,20300.0,20500.0,20500.0,19900.0,26600.0,26600.0
2024-12-04,45850.0,45850.0,51350.0,51350.0,15450.0,14000.0,13250.0,15500.0,14600.0,18800.0,16500.0,37100.0,39150.0,35000.0,40850.0,35850.0,45850.0,35350.0,35350.0,134600.0,139150.0,130000.0,19250.0,19700.0,18800.0,20300.0,20500.0,20500.0,19900.0,26600.0,26600.0
2024-12-05,45850.0,45850.0,51350.0,51350.0,15450.0,14000.0,13250.0,15500.0,14600.0,18800.0,16500.0,37100.0,39150.0,35000.0,45900.0,42500.0,49250.0,35350.0,35350.0,134600.0,139150.0,130000.0,19250.0,19700.0,18800.0,20300.0,20500.0,20500.0,19900.0,26600.0,26600.0
2024-12-06,45850.0,45850.0,51350.0,51350.0,15450.0,14000.0,13250.0,15500.0,14600.0,18800.0,16500.0,38350.0,39150.0,37500.0,47600.0,45000.0,50200.0,35350.0,35350.0,134600.0,139150.0,130000.0,19250.0,19700.0,18800.0,20300.0,20500.0,20500.0,19900.0,26600.0,26600.0
2024-12-09,45000.0,45000.0,51350.0,51350.0,15450.0,14000.0,13250.0,15500.0,14600.0,18800.0,16500.0,38750.0,40000.0,37500.0,47550.0,45850.0,49250.0,36000.0,36000.0,134600.0,139150.0,130000.0,19250.0,19700.0,18800.0,20500.0,20650.0,20800.0,19900.0,27950.0,27950.0
2024-12-10,45000.0,45000.0,51350.0,51350.0,15450.0,14000.0,13250.0,15500.0,14600.0,18800.0,16500.0,38750.0,40000.0,37500.0,47550.0,45850.0,49250.0,36000.0,36000.0,134600.0,139150.0,130000.0,19250.0,19700.0,18800.0,20500.0,20650.0,20800.0,19900.0,29350.0,29350.0
2024-12-11,45000.0,45000.0,51350.0,51350.0,15450.0,14000.0,13250.0,15500.0,14600.0,18800.0,16500.0,41650.0,40850.0,42500.0,48850.0,45850.0,51900.0,36000.0,36000.0,134600.0,139150.0,130000.0,19250.0,19700.0,18800.0,20500.0,20650.0,20800.0,19900.0,30000.0,30000.0
2024-12-12,45000.0,45000.0,51350.0,51350.0,15450.0,14000.0,13250.0,15500.0,14600.0,18800.0,16500.0,43350.0,41650.0,45000.0,49300.0,46650.0,51900.0,36000.0,36000.0,134600.0,139150.0,130000.0,19250.0,19700.0,18800.0,20500.0,20650.0,20800.0,19900.0,30650.0,30650.0
2024-12-13,45000.0,45000.0,51350.0,51350.0,15500.0,14050.0,13300.0,15500.0,14600.0,18800.0,16550.0,44150.0,41650.0,46650.0,48850.0,45850.0,51900.0,36000.0,36000.0,134600.0,139150.0,130000.0,19250.0,19700.0,18800.0,20500.0,20650.0,20800.0,19900.0,30650.0,30650.0
2024-12-16,45000.0,45000.0,51650.0,51650.0,15500.0,14050.0,13300.0,15500.0,14600.0,18800.0,16550.0,47850.0,48250.0,47500.0,54800.0,50000.0,59600.0,36850.0,36850.0,134600.0,139150.0,130000.0,19350.0,19900.0,18800.0,20500.0,20650.0,20800.0,19900.0,31400.0,31400.0
2024-12-17,45000.0,45000.0,51650.0,51650.0,15500.0,14050.0,13300.0,15500.0,14600.0,18800.0,16550.0,48700.0,49050.0,48350.0,55650.0,50850.0,60400.0,36850.0,36850.0,134600.0,139150.0,130000.0,19350.0,19900.0,18800.0,20500.0,20650.0,20800.0,19900.0,31400.0,31400.0
2024-12-18,45000.0,45000.0,51650.0,51650.0,15500.0,14050.0,13300.0,15500.0,14600.0,18800.0,16550.0,48700.0,49050.0,48350.0,55650.0,50850.0,60400.0,36850.0,36850.0,134600.0,139150.0,130000.0,19350.0,19900.0,18800.0,20500.0,20650.0,20800.0,19900.0,31400.0,31400.0
2024-12-19,45000.0,45000.0,51650.0,51650.0,15500.0,14050.0,13300.0,15500.0,14600.0,18800.0,16550.0,49100.0,49800.0,48350.0,55200.0,50850.0,59600.0,36850.0,36850.0,134600.0,139150.0,130000.0,19350.0,19900.0,18800.0,20500.0,20650.0,20800.0,19900.0,31600.0,31600.0
2024-12-20,45000.0,45000.0,51650.0,51650.0,15500.0,14050.0,13300.0,15500.0,14600.0,18800.0,16550.0,49900.0,49800.0,50000.0,54400.0,50000.0,58750.0,36850.0,36850.0,134600.0,139150.0,130000.0,19350.0,19900.0,18800.0,20500.0,20650.0,20800.0,19900.0,31600.0,31600.0
2024-12-23,45000.0,45000.0,52500.0,52500.0,15500.0,14050.0,13300.0,15500.0,14600.0,18800.0,16550.0,64450.0,59700.0,69150.0,67100.0,53350.0,80850.0,37350.0,37350.0,134600.0,139150.0,130000.0,19350.0,19900.0,18800.0,20500.0,20650.0,20800.0,19900.0,31000.0,31000.0
2024-12-24,45000.0,45000.0,52500.0,52500.0,15500.0,14100.0,13300.0,15550.0,14650.0,18800.0,16550.0,64450.0,59700.0,69150.0,67100.0,53350.0,80850.0,37350.0,37350.0,134600.0,139150.0,130000.0,19350.0,19900.0,18800.0,20500.0,20650.0,20800.0,19900.0,31000.0,31000.0
2024-12-25,45000.0,45000.0,52500.0,52500.0,15500.0,14100.0,13300.0,15550.0,14650.0,18800.0,16550.0,64450.0,59700.0,69150.0,67100.0,53350.0,80850.0,37350.0,37350.0,134600.0,139150.0,130000.0,19350.0,19900.0,18800.0,20500.0,20650.0,20800.0,19900.0,31000.0,31000.0
2024-12-26,45000.0,45000.0,52500.0,52500.0,15500.0,14100.0,13300.0,15550.0,14650.0,18800.0,16550.0,64450.0,59700.0,69150.0,67100.0,53350.0,80850.0,37350.0,37350.0,134600.0,139150.0,130000.0,19350.0,19900.0,18800.0,20500.0,20650.0,20800.0,19900.0,31000.0,31000.0
2024-12-27,45000.0,45000.0,52500.0,52500.0,15500.0,14100.0,13300.0,15600.0,14700.0,18850.0,16550.0,68600.0,60550.0,76650.0,69150.0,56650.0,81650.0,37850.0,37850.0,134600.0,139150.0,130000.0,19450.0,19900.0,18950.0,20650.0,20850.0,21000.0,20100.0,31000.0,31000.0
2024-12-30,45000.0,45000.0,50000.0,50000.0,15500.0,14100.0,13300.0,15600.0,14700.0,18850.0,16550.0,72350.0,68050.0,76650.0,79300.0,69150.0,89400.0,38750.0,38750.0,134600.0,139150.0,130000.0,19450.0,19900.0,18950.0,20650.0,20850.0,21000.0,20100.0,31000.0,31000.0
2024-12-31,45000.0,45000.0,50000.0,50000.0,15500.0,14100.0,13300.0,15600.0,14700.0,18850.0,16550.0,73500.0,70350.0,76650.0,79300.0,69150.0,89400.0,39100.0,39100.0,134600.0,139150.0,130000.0,19450.0,19900.0,18950.0,20650.0,20850.0,21000.0,20100.0,31000.0,31000.0
2025-01-01,,,,,,,,,,,,,,,,,,,,,,,,,,,,,,,
2025-01-02,45000.0,45000.0,50850.0,50850.0,15550.0,14100.0,13300.0,15600.0,14700.0,18850.0,16750.0,70250.0,67950.0,72500.0,88550.0,75850.0,101250.0,39500.0,39500.0,134600.0,139150.0,130000.0,19450.0,19900.0,18950.0,20650.0,20850.0,21000.0,20100.0,31000.0,31000.0
2025-01-03,45000.0,45000.0,50850.0,50850.0,15500.0,14100.0,13300.0,15600.0,14700.0,18850.0,16550.0,68550.0,66300.0,70850.0,84800.0,74150.0,95400.0,38350.0,38350.0,134600.0,139150.0,130000.0,19450.0,19900.0,18950.0,20650.0,20850.0,21000.0,20100.0,31000.0,31000.0
2025-01-06,43350.0,43350.0,50850.0,50850.0,15700.0,14650.0,13350.0,15800.0,14750.0,18950.0,16600.0,68550.0,66300.0,70850.0,104300.0,81650.0,126900.0,37350.0,37350.0,134600.0,139150.0,130000.0,19450.0,19900.0,18950.0,20650.0,20850.0,21000.0,20100.0,30500.0,30500.0
2025-01-07,44150.0,44150.0,50850.0,50850.0,15700.0,14650.0,13350.0,15800.0,14750.0,18950.0,16650.0,66900.0,64650.0,69150.0,102200.0,81650.0,122700.0,37150.0,37150.0,134600.0,139150.0,130000.0,19450.0,19900.0,18950.0,20600.0,20650.0,21000.0,20100.0,30500.0,30500.0
2025-01-08,43450.0,43450.0,50850.0,50850.0,15700.0,14650.0,13350.0,15800.0,14750.0,18950.0,16650.0,66900.0,64650.0,69150.0,103050.0,81650.0,124400.0,37150.0,37150.0,134600.0,139150.0,130000.0,19450.0,19900.0,18950.0,20600.0,20650.0,21000.0,20100.0,30350.0,30350.0
2025-01-09,43450.0,43450.0,50850.0,50850.0,15700.0,14650.0,13350.0,15800.0,14750.0,18950.0,16650.0,68700.0,67150.0,70200.0,105100.0,84150.0,126050.0,36850.0,36850.0,134600.0,139150.0,130000.0,19450.0,19900.0,18950.0,20600.0,20650.0,21000.0,20100.0,29600.0,29600.0
2025-01-10,43450.0,43450.0,50850.0,50850.0,15700.0,14650.0,13350.0,15800.0,14750.0,18950.0,16650.0,68700.0,67150.0,70200.0,104300.0,82500.0,126050.0,36850.0,36850.0,134600.0,139150.0,130000.0,19450.0,19900.0,18950.0,20600.0,20650.0,21000.0,20100.0,29600.0,29600.0
2025-01-13,42600.0,42600.0,50500.0,50500.0,15700.0,14650.0,13350.0,15800.0,14750.0,18950.0,16650.0,69050.0,67850.0,70200.0,104700.0,85000.0,124400.0,36650.0,36650.0,134600.0,139150.0,130000.0,19450.0,19900.0,18950.0,20600.0,20650.0,21000.0,20100.0,28750.0,28750.0
2025-01-14,42600.0,42600.0,50500.0,50500.0,15700.0,14650.0,13350.0,15800.0,14750.0,19000.0,16650.0,68200.0,67000.0,69400.0,104300.0,84150.0,124400.0,36650.0,36650.0,134600.0,139150.0,130000.0,19450.0,19900.0,18950.0,20650.0,20850.0,21000.0,20100.0,28950.0,28950.0
2025-01-15,42600.0,42600.0,50500.0,50500.0,15700.0,14650.0,13350.0,15800.0,14750.0,19000.0,16650.0,68200.0,67000.0,69400.0,104300.0,84150.0,124400.0,36500.0,36500.0,134600.0,139150.0,130000.0,19450.0,19900.0,18950.0,20650.0,20850.0,21000.0,20100.0,28450.0,28450.0
2025-01-16,42600.0,42600.0,50500.0,50500.0,15700.0,14650.0,13350.0,15800.0,14750.0,19000.0,16650.0,68200.0,67000.0,69400.0,103350.0,84150.0,122500.0,36650.0,36650.0,134600.0,139150.0,130000.0,19450.0,19900.0,18950.0,20650.0,20850.0,21000.0,20100.0,28450.0,28450.0
2025-01-17,40200.0,40200.0,50500.0,50500.0,15700.0,14650.0,13350.0,15800.0,14750.0,19000.0,16650.0,66050.0,66150.0,65950.0,97400.0,82500.0,112300.0,36500.0,36500.0,134600.0,139150.0,130000.0,19450.0,19900.0,18950.0,20650.0,20850.0,21000.0,20100.0,28200.0,28200.0
2025-01-20,40200.0,40200.0,50000.0,50000.0,15700.0,14650.0,13350.0,15800.0,14750.0,19000.0,16650.0,66500.0,67000.0,65950.0,88450.0,83350.0,93550.0,36650.0,36650.0,134600.0,139150.0,130000.0,19500.0,19900.0,19150.0,20550.0,20850.0,20850.0,19950.0,27850.0,27850.0
2025-01-21,40200.0,40200.0,50000.0,50000.0,15700.0,14650.0,13350.0,15800.0,14750.0,19000.0,16650.0,66500.0,67000.0,65950.0,87600.0,83350.0,91900.0,36650.0,36650.0,134600.0,139150.0,130000.0,19500.0,19900.0,19150.0,20550.0,20850.0,20850.0,19950.0,27700.0,27700.0
2025-01-22,40200.0,40200.0,50000.0,50000.0,15700.0,14650.0,13350.0,15800.0,14750.0,19000.0,16650.0,65650.0,65350.0,65950.0,85950.0,84150.0,87700.0,36650.0,36650.0,134600.0,139150.0,130000.0,19500.0,19900.0,19150.0,20550.0,20850.0,20850.0,19950.0,27500.0,27500.0
2025-01-23,40200.0,40200.0,50000.0,50000.0,15700.0,14650.0,13350.0,15800.0,14750.0,19000.0,16650.0,64800.0,65350.0,64250.0,84700.0,83350.0,86050.0,36650.0,36650.0,134600.0,139150.0,130000.0,19500.0,19900.0,19150.0,20550.0,20850.0,20850.0,19950.0,27500.0,27500.0
2025-01-24,39350.0,39350.0,50000.0,50000.0,15700.0,14650.0,13350.0,15800.0,14750.0,19000.0,16650.0,64800.0,65350.0,64250.0,84700.0,83350.0,86050.0,36500.0,36500.0,134600.0,139150.0,130000.0,19550.0,19900.0,19200.0,20550.0,20850.0,20850.0,19950.0,27350.0,27350.0
2025-01-27,39350.0,39350.0,50000.0,50000.0,15700.0,14650.0,13350.0,15800.0,14750.0,19000.0,16650.0,64800.0,65350.0,64250.0,84700.0,83350.0,86050.0,36500.0,36500.0,134600.0,139150.0,130000.0,19550.0,19900.0,19200.0,20550.0,20850.0,20850.0,19950.0,27350.0,27350.0
2025-01-28,39350.0,39350.0,50000.0,50000.0,15700.0,14650.0,13350.0,15800.0,14750.0,19000.0,16650.0,64800.0,65350.0,64250.0,84700.0,83350.0,86050.0,36500.0,36500.0,134600.0,139150.0,130000.0,19550.0,19900.0,19200.0,20550.0,20850.0,20850.0,19950.0,27350.0,27350.0
2025-01-29,39350.0,39350.0,50000.0,50000.0,15700.0,14650.0,13350.0,15800.0,14750.0,19000.0,16650.0,64800.0,65350.0,64250.0,84700.0,83350.0,86050.0,36500.0,36500.0,134600.0,139150.0,130000.0,19550.0,19900.0,19200.0,20550.0,20850.0,20850.0,19950.0,27350.0,27350.0
2025-01-30,39350.0,39350.0,50000.0,50000.0,15700.0,14650.0,13350.0,15800.0,14750.0,19000.0,16650.0,63500.0,65250.0,61750.0,80950.0,78350.0,83550.0,36350.0,36350.0,134600.0,139150.0,130000.0,19550.0,19900.0,19200.0,20550.0,20850.0,20850.0,19950.0,27200.0,27200.0
2025-01-31,39350.0,39350.0,50000.0,50000.0,15700.0,14650.0,13350.0,15800.0,14750.0,19000.0,16650.0,63500.0,65250.0,61750.0,80450.0,78350.0,82600.0,36350.0,36350.0,134600.0,139150.0,130000.0,19550.0,19900.0,19200.0,20550.0,20850.0,20850.0,19950.0,27200.0,27200.0
2025-02-03,36950.0,36950.0,48350.0,48350.0,15700.0,14650.0,13350.0,15800.0,14750.0,19000.0,16650.0,64350.0,65250.0,63450.0,81800.0,80000.0,83550.0,36000.0,36000.0,134600.0,139150.0,130000.0,19550.0,19900.0,19200.0,20550.0,20850.0,20850.0,19950.0,27500.0,27500.0
2025-02-04,36100.0,36100.0,48350.0,48350.0,15700.0,14650.0,13350.0,15800.0,14750.0,19000.0,16650.0,64350.0,65250.0,63450.0,83450.0,81650.0,85200.0,36000.0,36000.0,134600.0,139150.0,130000.0,19550.0,19900.0,19200.0,20600.0,20850.0,20850.0,20100.0,27500.0,27500.0
2025-02-05,36100.0,36100.0,48350.0,48350.0,15700.0,14650.0,13350.0,15800.0,14750.0,19000.0,16650.0,63500.0,65250.0,61750.0,83450.0,81650.0,85200.0,36000.0,36000.0,134600.0,139150.0,130000.0,19550.0,19900.0,19200.0,20600.0,20850.0,20850.0,20100.0,27350.0,27350.0
2025-02-06,35350.0,35350.0,49150.0,49150.0,15700.0,14650.0,13350.0,15800.0,14750.0,19000.0,16650.0,60650.0,64400.0,56850.0,78750.0,77500.0,80000.0,36000.0,36000.0,134600.0,139150.0,130000.0,19650.0,19900.0,19400.0,20600.0,20850.0,20850.0,20100.0,27500.0,27500.0
2025-02-07,35350.0,35350.0,49150.0,49150.0,15700.0,14650.0,13350.0,15800.0,14750.0,19000.0,16650.0,60650.0,64400.0,56850.0,78750.0,77500.0,80000.0,36000.0,36000.0,134600.0,139150.0,130000.0,19650.0,19900.0,19400.0,20600.0,20850.0,20850.0,20100.0,27500.0,27500.0
2025-02-10,35350.0,35350.0,50850.0,50850.0,15700.0,14650.0,13350.0,15800.0,14750.0,19000.0,16650.0,57750.0,61250.0,54250.0,77900.0,78350.0,77500.0,35500.0,35500.0,134600.0,139150.0,130000.0,19650.0,19900.0,19400.0,20600.0,20850.0,20850.0,20100.0,27500.0,27500.0
2025-02-11,,35350.0,,50850.0,,14650.0,13350.0,15800.0,14750.0,19000.0,16650.0,,61250.0,54250.0,,77500.0,76650.0,,35500.0,,139150.0,130000.0,,19900.0,19400.0,,20850.0,20850.0,20100.0,,27500.0
2025-02-12,35350.0,35350.0,50850.0,50850.0,15700.0,14650.0,13350.0,15800.0,14750.0,19000.0,16650.0,56100.0,59600.0,52550.0,77050.0,78350.0,75750.0,35500.0,35500.0,134600.0,139150.0,130000.0,19650.0,19900.0,19400.0,20600.0,20850.0,20850.0,20100.0,27500.0,27500.0
2025-02-13,35350.0,35350.0,50850.0,50850.0,15700.0,14650.0,13350.0,15800.0,14750.0,19000.0,16650.0,56100.0,59600.0,52550.0,74950.0,76650.0,73250.0,35500.0,35500.0,134600.0,139150.0,130000.0,19650.0,19900.0,19400.0,20600.0,20850.0,20850.0,20100.0,27500.0,27500.0
2025-02-14,35350.0,35350.0,50850.0,50850.0,15700.0,14650.0,13350.0,15800.0,14750.0,19000.0,16650.0,56100.0,59600.0,52550.0,74950.0,76650.0,73250.0,35500.0,35500.0,134600.0,139150.0,130000.0,19650.0,19900.0,19400.0,20600.0,20850.0,20850.0,20100.0,27500.0,27500.0
2025-02-17,35350.0,35350.0,50850.0,50850.0,15700.0,14650.0,13350.0,15800.0,14750.0,19000.0,16650.0,53850.0,55150.0,52550.0,69550.0,69250.0,69800.0,35250.0,35250.0,135400.0,140000.0,130850.0,19700.0,19900.0,19550.0,20800.0,20850.0,21150.0,20450.0,28350.0,28350.0
2025-02-18,35350.0,35350.0,50850.0,50850.0,15700.0,14650.0,13350.0,15800.0,14750.0,19000.0,16650.0,53850.0,55150.0,52550.0,70450.0,69250.0,71650.0,35250.0,35250.0,137100.0,141650.0,132500.0,19700.0,19900.0,19550.0,20800.0,20850.0,21150.0,20450.0,28350.0,28350.0
2025-02-19,35350.0,35350.0,50850.0,50850.0,15700.0,14650.0,13350.0,15800.0,14750.0,19000.0,16650.0,53850.0,55150.0,52550.0,73800.0,69250.0,78350.0,35250.0,35250.0,137100.0,141650.0,132500.0,19700.0,19900.0,19550.0,20800.0,20850.0,21150.0,20450.0,28700.0,28700.0
2025-02-20,36200.0,36200.0,50850.0,50850.0,15700.0,14650.0,13350.0,15800.0,14750.0,19000.0,16650.0,53850.0,55150.0,52550.0,76850.0,70950.0,82700.0,35400.0,35400.0,137100.0,141650.0,132500.0,19700.0,19900.0,19550.0,20800.0,20850.0,21150.0,20450.0,28850.0,28850.0
2025-02-21,36200.0,36200.0,50850.0,50850.0,15700.0,14650.0,13350.0,15800.0,14750.0,19000.0,16650.0,55950.0,57650.0,54250.0,78900.0,69250.0,88550.0,35750.0,35750.0,137100.0,141650.0,132500.0,19700.0,20050.0,19400.0,20900.0,20850.0,21350.0,20600.0,29500.0,29500.0
2025-02-24,40100.0,40100.0,50850.0,50850.0,15700.0,14650.0,13350.0,15800.0,14750.0,19000.0,16650.0,58450.0,61900.0,54950.0,81950.0,67700.0,96250.0,36800.0,36800.0,137100.0,141650.0,132500.0,19700.0,20050.0,19400.0,20900.0,20850.0,21350.0,20600.0,30150.0,30150.0
2025-02-25,41750.0,41750.0,51650.0,51650.0,15750.0,14650.0,13400.0,15800.0,14800.0,19000.0,16700.0,62850.0,65500.0,60200.0,87200.0,65250.0,109150.0,36800.0,36800.0,137500.0,142500.0,132500.0,19650.0,20050.0,19200.0,21050.0,21000.0,21350.0,20900.0,30350.0,30350.0
2025-02-26,41750.0,41750.0,51650.0,51650.0,15750.0,14650.0,13400.0,15800.0,14800.0,19000.0,16700.0,64100.0,67150.0,61050.0,91350.0,63550.0,119150.0,37150.0,37150.0,137500.0,142500.0,132500.0,19650.0,20050.0,19200.0,21050.0,21000.0,21350.0,20900.0,30500.0,30500.0
2025-02-27,41750.0,41750.0,51650.0,51650.0,15750.0,14650.0,13400.0,15800.0,14800.0,19000.0,16700.0,64500.0,67150.0,61750.0,90150.0,61100.0,119150.0,38000.0,38000.0,137500.0,142500.0,132500.0,19650.0,20050.0,19200.0,21050.0,21000.0,21350.0,20900.0,30500.0,30500.0
2025-02-28,42600.0,42600.0,52500.0,52500.0,15650.0,14150.0,13400.0,15800.0,14800.0,19000.0,16700.0,65750.0,68850.0,62600.0,90150.0,61100.0,119150.0,39350.0,39350.0,137500.0,142500.0,132500.0,19650.0,20050.0,19200.0,21050.0,21000.0,21350.0,20900.0,30500.0,30500.0
2025-03-03,53800.0,53800.0,53350.0,53350.0,15700.0,14150.0,13450.0,15850.0,14800.0,19050.0,16700.0,86200.0,80550.0,91800.0,103600.0,70950.0,136250.0,39500.0,39500.0,137500.0,142500.0,132500.0,19650.0,20050.0,19200.0,21050.0,21000.0,21350.0,20900.0,30500.0,30500.0
2025-03-04,53800.0,53800.0,53350.0,53350.0,15700.0,14150.0,13450.0,15850.0,14800.0,19050.0,16800.0,86200.0,83550.0,88850.0,100200.0,69350.0,131050.0,39350.0,39350.0,137500.0,142500.0,132500.0,19650.0,20050.0,19200.0,21050.0,21000.0,21350.0,20900.0,30500.0,30500.0
2025-03-05,55350.0,55350.0,53350.0,53350.0,15700.0,14200.0,13450.0,15900.0,14850.0,19050.0,16800.0,83750.0,87700.0,79800.0,93550.0,69350.0,117700.0,38850.0,38850.0,137500.0,142500.0,132500.0,19650.0,20050.0,19200.0,21050.0,21000.0,21350.0,20900.0,30500.0,30500.0
2025-03-06,57050.0,57050.0,52500.0,52500.0,15700.0,14200.0,13450.0,15900.0,14850.0,19050.0,16800.0,75300.0,84350.0,66250.0,81350.0,69350.0,93350.0,37650.0,37650.0,137500.0,142500.0,132500.0,19650.0,20050.0,19200.0,21050.0,21000.0,21350.0,20900.0,30350.0,30350.0
2025-03-07,57050.0,57050.0,52500.0,52500.0,15700.0,14200.0,13450.0,15900.0,14850.0,19050.0,16800.0,74850.0,84350.0,65350.0,81350.0,69350.0,93350.0,37650.0,37650.0,137500.0,142500.0,132500.0,19650.0,20050.0,19200.0,21050.0,21000.0,21350.0,20900.0,30350.0,30350.0
2025-03-10,57050.0,57050.0,53350.0,53350.0,15700.0,14200.0,13450.0,15900.0,14850.0,19050.0,16800.0,64150.0,69400.0,58850.0,80700.0,64350.0,97100.0,37650.0,37650.0,137500.0,142500.0,132500.0,19650.0,20050.0,19200.0,21050.0,21000.0,21350.0,20900.0,30350.0,30350.0
2025-03-11,57050.0,57050.0,53350.0,53350.0,15700.0,14200.0,13450.0,15900.0,14850.0,19050.0,16800.0,62000.0,69400.0,54550.0,81150.0,64350.0,97900.0,37650.0,37650.0,137500.0,142500.0,132500.0,19650.0,20050.0,19200.0,21050.0,21000.0,21350.0,20900.0,30350.0,30350.0
2025-03-12,57050.0,57050.0,53350.0,53350.0,15700.0,14200.0,13450.0,15900.0,14850.0,19050.0,16800.0,60800.0,67750.0,53850.0,85500.0,62700.0,108350.0,37650.0,37650.0,137500.0,142500.0,132500.0,19650.0,20050.0,19200.0,21050.0,21000.0,21350.0,20900.0,30000.0,30000.0
2025-03-13,57050.0,57050.0,53350.0,53350.0,15700.0,14200.0,13450.0,15900.0,14850.0,19050.0,16800.0,60800.0,67750.0,53850.0,85500.0,62700.0,108350.0,37500.0,37500.0,137500.0,142500.0,132500.0,19650.0,20050.0,19200.0,21050.0,21000.0,21350.0,20900.0,30000.0,30000.0
2025-03-14,57050.0,57050.0,53350.0,53350.0,15700.0,14200.0,13450.0,15900.0,14850.0,19050.0,16800.0,60800.0,67750.0,53850.0,85500.0,62700.0,108350.0,37500.0,37500.0,137500.0,142500.0,132500.0,19650.0,20050.0,19200.0,21050.0,21000.0,21350.0,20900.0,30000.0,30000.0
2025-03-17,57050.0,57050.0,53350.0,53350.0,15700.0,14200.0,13450.0,15900.0,14850.0,19050.0,16800.0,54950.0,62750.0,47200.0,87200.0,63500.0,110850.0,36000.0,36000.0,137500.0,142500.0,132500.0,19650.0,20050.0,19200.0,21050.0,21000.0,21350.0,20900.0,28850.0,28850.0
2025-03-18,57850.0,57850.0,53350.0,53350.0,15700.0,14200.0,13450.0,15900.0,14850.0,19050.0,16800.0,54950.0,62750.0,47200.0,88950.0,65200.0,112700.0,35800.0,35800.0,137500.0,142500.0,132500.0,19650.0,20050.0,19200.0,21050.0,21000.0,21350.0,20900.0,28700.0,28700.0
2025-03-19,57850.0,57850.0,53350.0,53350.0,15700.0,14200.0,13450.0,15900.0,14850.0,19050.0,16800.0,55800.0,62750.0,48850.0,88950.0,65200.0,112700.0,35800.0,35800.0,137500.0,142500.0,132500.0,19650.0,20050.0,19200.0,21050.0,21000.0,21350.0,20900.0,28500.0,28500.0
2025-03-20,57850.0,57850.0,53350.0,53350.0,15700.0,14200.0,13450.0,15900.0,14850.0,19050.0,16800.0,60850.0,67150.0,54550.0,90950.0,66000.0,115850.0,35800.0,35800.0,137500.0,142500.0,132500.0,19650.0,20050.0,19200.0,21050.0,21000.0,21350.0,20900.0,28500.0,28500.0
2025-03-21,57850.0,57850.0,53350.0,53350.0,15700.0,14200.0,13450.0,15900.0,14850.0,19050.0,16800.0,61600.0,67150.0,56000.0,90950.0,66000.0,115850.0,36150.0,36150.0,137500.0,142500.0,132500.0,19650.0,20050.0,19200.0,21050.0,21000.0,21350.0,20900.0,28500.0,28500.0
2025-03-24,60100.0,60100.0,54150.0,54150.0,15700.0,14200.0,13450.0,15900.0,14850.0,19050.0,16800.0,66550.0,70500.0,62600.0,90500.0,65200.0,115850.0,36800.0,36800.0,137900.0,142500.0,133350.0,19650.0,20050.0,19200.0,21050.0,21000.0,21350.0,20900.0,28350.0,28350.0
2025-03-25,60100.0,60100.0,54150.0,54150.0,15700.0,14200.0,13450.0,15900.0,14850.0,19050.0,16800.0,67000.0,71350.0,62600.0,90500.0,65200.0,115850.0,37150.0,37150.0,137900.0,142500.0,133350.0,19650.0,20050.0,19200.0,21050.0,21000.0,21350.0,20900.0,28350.0,28350.0
2025-03-26,60100.0,60100.0,55000.0,55000.0,15700.0,14200.0,13450.0,15900.0,14850.0,19050.0,16800.0,68250.0,72150.0,64250.0,91350.0,65200.0,117500.0,37500.0,37500.0,137900.0,142500.0,133350.0,19650.0,20050.0,19200.0,21050.0,21000.0,21350.0,20900.0,28350.0,28350.0
2025-03-27,61750.0,61750.0,56650.0,56650.0,15700.0,14200.0,13450.0,15900.0,14850.0,19050.0,16800.0,77400.0,81400.0,73350.0,93850.0,66850.0,120850.0,38200.0,38200.0,140850.0,145850.0,135850.0,19650.0,20050.0,19200.0,21050.0,21000.0,21350.0,20900.0,28350.0,28350.0
2025-03-28,61750.0,61750.0,56650.0,56650.0,15700.0,14200.0,13450.0,15900.0,14850.0,19050.0,16800.0,77400.0,81400.0,73350.0,93850.0,66850.0,120850.0,38200.0,38200.0,140850.0,145850.0,135850.0,19650.0,20050.0,19200.0,21050.0,21000.0,21350.0,20900.0,28350.0,28350.0
2025-03-31,61750.0,61750.0,56650.0,56650.0,15700.0,14200.0,13450.0,15900.0,14850.0,19050.0,16800.0,77400.0,81400.0,73350.0,93850.0,66850.0,120850.0,38200.0,38200.0,140850.0,145850.0,135850.0,19650.0,20050.0,19200.0,21050.0,21000.0,21350.0,20900.0,28350.0,28350.0
2025-04-01,61750.0,61750.0,56650.0,56650.0,15700.0,14200.0,13450.0,15900.0,14850.0,19050.0,16800.0,77400.0,81400.0,73350.0,93850.0,66850.0,120850.0,38200.0,38200.0,140850.0,145850.0,135850.0,19650.0,20050.0,19200.0,21050.0,21000.0,21350.0,20900.0,28350.0,28350.0
2025-04-02,61750.0,61750.0,56650.0,56650.0,15700.0,14200.0,13450.0,15900.0,14850.0,19050.0,16800.0,77400.0,81400.0,73350.0,93850.0,66850.0,120850.0,38200.0,38200.0,140850.0,145850.0,135850.0,19650.0,20050.0,19200.0,21050.0,21000.0,21350.0,20900.0,28350.0,28350.0
2025-04-03,61750.0,61750.0,56650.0,56650.0,15700.0,14200.0,13450.0,15900.0,14850.0,19050.0,16800.0,77400.0,81400.0,73350.0,93850.0,66850.0,120850.0,38200.0,38200.0,140850.0,145850.0,135850.0,19650.0,20050.0,19200.0,21050.0,21000.0,21350.0,20900.0,28350.0,28350.0
2025-04-04,61750.0,61750.0,56650.0,56650.0,15700.0,14200.0,13450.0,15900.0,14850.0,19050.0,16800.0,77400.0,81400.0,73350.0,93850.0,66850.0,120850.0,38200.0,38200.0,140850.0,145850.0,135850.0,19650.0,20050.0,19200.0,21050.0,21000.0,21350.0,20900.0,28350.0,28350.0
2025-04-07,61750.0,61750.0,56650.0,56650.0,15700.0,14200.0,13450.0,15900.0,14850.0,19050.0,16800.0,77400.0,81400.0,73350.0,93850.0,66850.0,120850.0,38200.0,38200.0,140850.0,145850.0,135850.0,19650.0,20050.0,19200.0,21050.0,21000.0,21350.0,20900.0,28350.0,28350.0
2025-04-08,66600.0,66600.0,60850.0,60850.0,15700.0,14200.0,13450.0,15900.0,14850.0,19050.0,16800.0,71800.0,73650.0,69900.0,88900.0,56950.0,120850.0,36650.0,36650.0,140850.0,145850.0,135850.0,19650.0,20050.0,19200.0,21050.0,21000.0,21350.0,20900.0,28000.0,28000.0
2025-04-09,69800.0,69800.0,61650.0,61650.0,15700.0,14200.0,13450.0,15900.0,14850.0,19050.0,16800.0,71350.0,73650.0,69050.0,87650.0,54450.0,120850.0,36650.0,36650.0,140850.0,145850.0,135850.0,19650.0,20050.0,19200.0,21050.0,21000.0,21350.0,20900.0,27850.0,27850.0
2025-04-10,69050.0,69050.0,61650.0,61650.0,15700.0,14200.0,13450.0,15900.0,14850.0,19050.0,16800.0,69050.0,71350.0,66750.0,86850.0,52850.0,120850.0,36000.0,36000.0,140850.0,145850.0,135850.0,19650.0,20050.0,19200.0,21050.0,21000.0,21350.0,20900.0,27850.0,27850.0
2025-04-11,69050.0,69050.0,61650.0,61650.0,15700.0,14200.0,13450.0,15900.0,14850.0,19050.0,16800.0,69050.0,71350.0,66750.0,86850.0,52850.0,120850.0,35800.0,35800.0,140850.0,145850.0,135850.0,19650.0,20050.0,19200.0,21050.0,21000.0,21350.0,20900.0,27700.0,27700.0
2025-04-14,69050.0,69050.0,62500.0,62500.0,15700.0,14200.0,13450.0,15900.0,14850.0,19050.0,16800.0,67350.0,65400.0,69250.0,77900.0,48700.0,107100.0,35000.0,35000.0,137900.0,142500.0,133350.0,19650.0,20050.0,19200.0,21050.0,21000.0,21350.0,20900.0,27550.0,27550.0
2025-04-15,69050.0,69050.0,62500.0,62500.0,15700.0,14200.0,13450.0,15900.0,14850.0,19050.0,16800.0,67350.0,65400.0,69250.0,77900.0,48700.0,107100.0,35000.0,35000.0,137900.0,142500.0,133350.0,19650.0,20050.0,19200.0,21050.0,21000.0,21350.0,20900.0,27550.0,27550.0
2025-04-16,65900.0,65900.0,61650.0,61650.0,15700.0,14200.0,13450.0,15900.0,14850.0,19050.0,16800.0,66500.0,65400.0,67600.0,76250.0,47050.0,105400.0,35000.0,35000.0,137900.0,142500.0,133350.0,19650.0,20050.0,19200.0,21000.0,21000.0,21150.0,20900.0,27200.0,27200.0
2025-04-17,65900.0,65900.0,61650.0,61650.0,15700.0,14200.0,13450.0,15900.0,14850.0,19050.0,16800.0,66500.0,65400.0,67600.0,75800.0,46200.0,105400.0,34650.0,34650.0,137900.0,142500.0,133350.0,19650.0,20050.0,19200.0,21000.0,21000.0,21150.0,20900.0,27050.0,27050.0
2025-04-18,65900.0,65900.0,61650.0,61650.0,15700.0,14200.0,13450.0,15900.0,14850.0,19050.0,16800.0,66500.0,65400.0,67600.0,75800.0,46200.0,105400.0,34650.0,34650.0,137900.0,142500.0,133350.0,19650.0,20050.0,19200.0,21000.0,21000.0,21150.0,20900.0,27050.0,27050.0
2025-04-21,60250.0,60250.0,60850.0,60850.0,15700.0,14200.0,13450.0,15900.0,14850.0,19050.0,16800.0,66000.0,62100.0,69950.0,60200.0,43700.0,76650.0,33300.0,33300.0,137900.0,142500.0,133350.0,19650.0,20050.0,19200.0,21000.0,21000.0,21150.0,20900.0,26050.0,26050.0
2025-04-22,58700.0,58700.0,60850.0,60850.0,15700.0,14200.0,13450.0,15900.0,14850.0,19050.0,16800.0,66000.0,62100.0,69950.0,59750.0,42850.0,76650.0,33300.0,33300.0,137900.0,142500.0,133350.0,19650.0,20050.0,19200.0,21000.0,21000.0,21150.0,20900.0,26050.0,26050.0
2025-04-23,58700.0,58700.0,60850.0,60850.0,15700.0,14200.0,13450.0,15900.0,14850.0,19050.0,16800.0,64850.0,62100.0,67650.0,57300.0,41250.0,73350.0,33300.0,33300.0,137900.0,142500.0,133350.0,19650.0,20050.0,19200.0,21000.0,21000.0,21150.0,20900.0,26050.0,26050.0
2025-04-24,58700.0,58700.0,60850.0,60850.0,15700.0,14200.0,13450.0,15900.0,14850.0,19050.0,16800.0,64850.0,62100.0,67650.0,57300.0,41250.0,73350.0,33300.0,33300.0,137900.0,142500.0,133350.0,19650.0,20050.0,19200.0,21000.0,21000.0,21150.0,20900.0,26200.0,26200.0
2025-04-25,51450.0,51450.0,60850.0,60850.0,15700.0,14200.0,13450.0,15900.0,14850.0,19050.0,16800.0,62150.0,58950.0,65350.0,53400.0,41250.0,65500.0,33800.0,33800.0,137900.0,142500.0,133350.0,19650.0,20050.0,19200.0,21000.0,21000.0,21150.0,20900.0,26200.0,26200.0
2025-04-28,51450.0,51450.0,60000.0,60000.0,15650.0,14200.0,13450.0,15900.0,14850.0,18800.0,16800.0,61750.0,58950.0,64500.0,52950.0,41250.0,64700.0,33650.0,33650.0,137900.0,142500.0,133350.0,19650.0,20050.0,19200.0,21000.0,21000.0,21150.0,20900.0,28700.0,28700.0
2025-04-29,51450.0,51450.0,60000.0,60000.0,15650.0,14200.0,13450.0,15900.0,14850.0,18800.0,16800.0,61300.0,58950.0,63700.0,50400.0,40450.0,60300.0,33650.0,33650.0,137900.0,142500.0,133350.0,19650.0,20050.0,19200.0,21000.0,21000.0,21150.0,20900.0,28850.0,28850.0
2025-04-30,49900.0,49900.0,60000.0,60000.0,15650.0,14200.0,13450.0,15900.0,14850.0,18800.0,16800.0,60900.0,58950.0,62800.0,50400.0,40450.0,60300.0,33650.0,33650.0,137900.0,142500.0,133350.0,19650.0,20050.0,19200.0,21000.0,21000.0,21150.0,20900.0,29000.0,29000.0
2025-05-01,49900.0,49900.0,60000.0,60000.0,15650.0,14200.0,13450.0,15900.0,14850.0,18800.0,16800.0,60900.0,58950.0,62800.0,50400.0,40450.0,60300.0,33650.0,33650.0,137900.0,142500.0,133350.0,19650.0,20050.0,19200.0,21000.0,21000.0,21150.0,20900.0,29000.0,29000.0
2025-05-02,51400.0,51400.0,60000.0,60000.0,15650.0,14200.0,13450.0,15900.0,14850.0,18800.0,16800.0,60450.0,58950.0,61950.0,49500.0,41250.0,57700.0,33800.0,33800.0,137900.0,142500.0,133350.0,19650.0,20050.0,19200.0,21000.0,21000.0,21150.0,20900.0,28850.0,28850.0
2025-05-05,49900.0,49900.0,59150.0,59150.0,15650.0,14200.0,13450.0,15900.0,14850.0,18800.0,16800.0,53300.0,52850.0,53750.0,45700.0,39650.0,51750.0,33800.0,33800.0,137900.0,142500.0,133350.0,19650.0,20050.0,19200.0,21000.0,21000.0,21150.0,20900.0,28850.0,28850.0
2025-05-06,49050.0,49050.0,59150.0,59150.0,15650.0,14200.0,13450.0,15900.0,14850.0,18800.0,16800.0,52000.0,51050.0,52900.0,45300.0,39650.0,50950.0,33800.0,33800.0,137900.0,142500.0,133350.0,19650.0,20050.0,19200.0,21000.0,21000.0,21150.0,20900.0,28850.0,28850.0
2025-05-07,48250.0,48250.0,58350.0,58350.0,15650.0,14200.0,13450.0,15900.0,14850.0,18800.0,16800.0,52000.0,51050.0,52900.0,45300.0,39650.0,50950.0,34100.0,34100.0,137900.0,142500.0,133350.0,19650.0,20050.0,19200.0,21000.0,21000.0,21150.0,20900.0,28850.0,28850.0
2025-05-08,48250.0,48250.0,58350.0,58350.0,15650.0,14200.0,13450.0,15900.0,14850.0,18800.0,16800.0,52000.0,51050.0,52900.0,44450.0,39650.0,49250.0,34100.0,34100.0,137900.0,142500.0,133350.0,19650.0,20050.0,19200.0,21000.0,21000.0,21150.0,20900.0,28200.0,28200.0
2025-05-09,48250.0,48250.0,58350.0,58350.0,15650.0,14200.0,13450.0,15900.0,14850.0,18800.0,16800.0,50300.0,49400.0,51250.0,43600.0,39650.0,47600.0,34400.0,34400.0,137900.0,142500.0,133350.0,19650.0,20050.0,19200.0,21000.0,21000.0,21150.0,20900.0,28200.0,28200.0
2025-05-12,48250.0,48250.0,58350.0,58350.0,15650.0,14200.0,13450.0,15900.0,14850.0,18800.0,16800.0,50300.0,49400.0,51250.0,43600.0,39650.0,47600.0,34400.0,34400.0,137900.0,142500.0,133350.0,19650.0,20050.0,19200.0,21000.0,21000.0,21150.0,20900.0,28200.0,28200.0
2025-05-13,48250.0,48250.0,58350.0,58350.0,15650.0,14200.0,13450.0,15900.0,14850.0,18800.0,16800.0,50300.0,49400.0,51250.0,43600.0,39650.0,47600.0,34400.0,34400.0,137900.0,142500.0,133350.0,19650.0,20050.0,19200.0,21000.0,21000.0,21150.0,20900.0,28200.0,28200.0
2025-05-14,47400.0,47400.0,56650.0,56650.0,15650.0,14200.0,13450.0,15900.0,14850.0,18800.0,16800.0,47700.0,46750.0,48650.0,41050.0,38800.0,43350.0,35250.0,35250.0,137900.0,142500.0,133350.0,19650.0,20050.0,19200.0,20950.0,21000.0,21000.0,20900.0,27850.0,27850.0
2025-05-15,47400.0,47400.0,55850.0,55850.0,15650.0,14200.0,13450.0,15900.0,14850.0,18800.0,16800.0,45600.0,45950.0,45300.0,40250.0,38800.0,41650.0,35400.0,35400.0,137900.0,142500.0,133350.0,19650.0,20050.0,19200.0,20950.0,21000.0,21000.0,20900.0,27850.0,27850.0
2025-05-16,47400.0,47400.0,55850.0,55850.0,15650.0,14200.0,13450.0,15900.0,14850.0,18800.0,16800.0,45600.0,45950.0,45300.0,40650.0,39600.0,41650.0,35400.0,35400.0,137900.0,142500.0,133350.0,19650.0,20050.0,19200.0,20950.0,21000.0,21000.0,20900.0,27850.0,27850.0
2025-05-19,47400.0,47400.0,54150.0,54150.0,15650.0,14200.0,13450.0,15900.0,14850.0,18800.0,16800.0,45600.0,46750.0,44450.0,41500.0,40400.0,42600.0,35250.0,35250.0,137900.0,142500.0,133350.0,19650.0,20050.0,19200.0,21000.0,21000.0,21150.0,20900.0,27700.0,27700.0
2025-05-20,47400.0,47400.0,53350.0,53350.0,15650.0,14200.0,13450.0,15900.0,14850.0,18800.0,16800.0,45600.0,46750.0,44450.0,41500.0,40400.0,42600.0,35250.0,35250.0,137900.0,142500.0,133350.0,19650.0,20050.0,19200.0,20900.0,20650.0,21150.0,20900.0,27700.0,27700.0
2025-05-21,47400.0,47400.0,53350.0,53350.0,15650.0,14200.0,13450.0,15900.0,14850.0,18800.0,16800.0,45600.0,46750.0,44450.0,41100.0,39650.0,42600.0,35250.0,35250.0,137900.0,142500.0,133350.0,19650.0,20050.0,19200.0,20900.0,20650.0,21150.0,20900.0,27700.0,27700.0
2025-05-22,47400.0,47400.0,53350.0,53350.0,15650.0,14200.0,13450.0,15900.0,14850.0,18800.0,16800.0,45600.0,46750.0,44450.0,38200.0,35450.0,40950.0,34900.0,34900.0,137900.0,142500.0,133350.0,19650.0,20050.0,19200.0,20900.0,20650.0,21150.0,20900.0,27500.0,27500.0
2025-05-23,46550.0,46550.0,53350.0,53350.0,15650.0,14200.0,13450.0,15900.0,14850.0,18800.0,16800.0,44350.0,45950.0,42800.0,37350.0,34650.0,40100.0,34750.0,34750.0,137900.0,142500.0,133350.0,19650.0,20050.0,19200.0,20900.0,20650.0,21150.0,20900.0,27500.0,27500.0
2025-05-26,46550.0,46550.0,53350.0,53350.0,15700.0,14300.0,13500.0,15900.0,14900.0,18800.0,16850.0,42300.0,43450.0,41100.0,38200.0,35400.0,40950.0,34750.0,34750.0,137900.0,142500.0,133350.0,19650.0,20050.0,19200.0,20800.0,20350.0,21150.0,20900.0,27350.0,27350.0
2025-05-27,46550.0,46550.0,53350.0,53350.0,15700.0,14300.0,13500.0,15900.0,14900.0,18800.0,16850.0,42700.0,43450.0,41950.0,38600.0,35400.0,41750.0,34750.0,34750.0,137900.0,142500.0,133350.0,19650.0,20050.0,19200.0,20800.0,20350.0,21150.0,20900.0,27350.0,27350.0
2025-05-28,46550.0,46550.0,53350.0,53350.0,15750.0,14350.0,13600.0,16000.0,14950.0,18850.0,16850.0,42700.0,43450.0,41950.0,39000.0,35400.0,42600.0,35150.0,35150.0,137900.0,142500.0,133350.0,19650.0,20050.0,19200.0,20800.0,20350.0,21150.0,20900.0,27350.0,27350.0
2025-05-29,46550.0,46550.0,53350.0,53350.0,15750.0,14350.0,13600.0,16000.0,14950.0,18850.0,16850.0,42700.0,43450.0,41950.0,39000.0,35400.0,42600.0,35150.0,35150.0,137900.0,142500.0,133350.0,19650.0,20050.0,19200.0,20800.0,20350.0,21150.0,20900.0,27350.0,27350.0
2025-05-30,46550.0,46550.0,53350.0,53350.0,15750.0,14350.0,13600.0,16000.0,14950.0,18850.0,16850.0,42700.0,43450.0,41950.0,39000.0,35400.0,42600.0,35150.0,35150.0,137900.0,142500.0,133350.0,19650.0,20050.0,19200.0,20800.0,20350.0,21150.0,20900.0,27350.0,27350.0
2025-06-02,46550.0,46550.0,53350.0,53350.0,15800.0,14400.0,13650.0,16000.0,15000.0,18900.0,16850.0,44400.0,46050.0,42800.0,43650.0,39550.0,47700.0,35850.0,35850.0,137900.0,142500.0,133350.0,19650.0,20050.0,19200.0,20800.0,20350.0,21150.0,20900.0,27350.0,27350.0
2025-06-03,46550.0,46550.0,53350.0,53350.0,15800.0,14400.0,13650.0,16000.0,15000.0,18900.0,16850.0,44400.0,46050.0,42800.0,43650.0,39550.0,47700.0,35850.0,35850.0,137900.0,142500.0,133350.0,19650.0,20050.0,19200.0,20800.0,20350.0,21150.0,20900.0,27350.0,27350.0
2025-06-04,48250.0,48250.0,54150.0,54150.0,15800.0,14400.0,13650.0,16000.0,15000.0,18900.0,16850.0,46100.0,47700.0,44450.0,47400.0,42850.0,51900.0,35850.0,35850.0,137900.0,142500.0,133350.0,19650.0,20050.0,19200.0,20800.0,20350.0,21150.0,20900.0,27500.0,27500.0
2025-06-05,48250.0,48250.0,54150.0,54150.0,15800.0,14400.0,13650.0,16000.0,15000.0,18900.0,16850.0,49400.0,53500.0,45300.0,51200.0,46100.0,56250.0,36500.0,36500.0,137900.0,142500.0,133350.0,19650.0,20050.0,19200.0,20800.0,20350.0,21150.0,20900.0,27500.0,27500.0
2025-06-06,48250.0,48250.0,54150.0,54150.0,15800.0,14400.0,13650.0,16000.0,15000.0,18900.0,16850.0,49400.0,53500.0,45300.0,51200.0,46100.0,56250.0,36500.0,36500.0,137900.0,142500.0,133350.0,19650.0,20050.0,19200.0,20800.0,20350.0,21150.0,20900.0,27500.0,27500.0
2025-06-09,48250.0,48250.0,54150.0,54150.0,15800.0,14400.0,13650.0,16000.0,15000.0,18900.0,16850.0,49400.0,53500.0,45300.0,51200.0,46100.0,56250.0,36500.0,36500.0,137900.0,142500.0,133350.0,19650.0,20050.0,19200.0,20800.0,20350.0,21150.0,20900.0,27500.0,27500.0
2025-06-10,49800.0,49800.0,53350.0,53350.0,15900.0,14450.0,13700.0,16150.0,15100.0,18950.0,16900.0,49800.0,53500.0,46100.0,52850.0,49450.0,56250.0,37350.0,37350.0,137900.0,142500.0,133350.0,19650.0,20050.0,19200.0,20800.0,20350.0,21150.0,20900.0,28000.0,28000.0
2025-06-11,49800.0,49800.0,51650.0,51650.0,15950.0,14500.0,13750.0,16250.0,15150.0,18950.0,16950.0,50250.0,54350.0,46100.0,52850.0,50300.0,55400.0,37450.0,37450.0,137900.0,142500.0,133350.0,19650.0,20050.0,19200.0,20800.0,20350.0,21150.0,20900.0,28000.0,28000.0
2025-06-12,49800.0,49800.0,51650.0,51650.0,15950.0,14500.0,13750.0,16250.0,15150.0,18950.0,16950.0,49400.0,53500.0,45300.0,53250.0,51950.0,54600.0,37450.0,37450.0,137900.0,142500.0,133350.0,19650.0,20050.0,19200.0,20800.0,20350.0,21150.0,20900.0,28000.0,28000.0
2025-06-13,49800.0,49800.0,50850.0,50850.0,15950.0,14500.0,13750.0,16250.0,15150.0,18950.0,16950.0,49000.0,52650.0,45300.0,51150.0,49550.0,52700.0,37250.0,37250.0,137900.0,142500.0,133350.0,19650.0,20050.0,19200.0,20800.0,20350.0,21150.0,20900.0,28000.0,28000.0
2025-06-16,49800.0,49800.0,50850.0,50850.0,15950.0,14500.0,13750.0,16250.0,15150.0,18950.0,16950.0,50250.0,54350.0,46100.0,54500.0,52800.0,56250.0,36150.0,36150.0,137900.0,142500.0,133350.0,19650.0,20050.0,19200.0,20800.0,20350.0,21150.0,20900.0,27700.0,27700.0
2025-06-17,49800.0,49800.0,50850.0,50850.0,15950.0,14500.0,13750.0,16250.0,15150.0,18950.0,16950.0,49800.0,54350.0,45200.0,54500.0,52800.0,56250.0,36150.0,36150.0,137900.0,142500.0,133350.0,19650.0,20050.0,19200.0,20800.0,20350.0,21150.0,20900.0,27700.0,27700.0
2025-06-18,49800.0,49800.0,50850.0,50850.0,15950.0,14500.0,13750.0,16250.0,15150.0,18950.0,16950.0,48100.0,52650.0,43550.0,54100.0,52800.0,55400.0,35650.0,35650.0,137900.0,142500.0,133350.0,19650.0,20050.0,19200.0,20800.0,20350.0,21150.0,20900.0,27700.0,27700.0
2025-06-19,53050.0,53050.0,49150.0,49150.0,15950.0,14500.0,13800.0,16250.0,15200.0,18950.0,16950.0,48550.0,53500.0,43600.0,57850.0,53600.0,62100.0,35650.0,35650.0,137900.0,142500.0,133350.0,19550.0,19900.0,19200.0,20750.0,20150.0,21150.0,20900.0,27700.0,27700.0
2025-06-20,59350.0,59350.0,53350.0,53350.0,15950.0,14500.0,13800.0,16250.0,15200.0,18950.0,16950.0,65200.0,62750.0,67600.0,76350.0,69350.0,83350.0,35850.0,35850.0,137900.0,142500.0,133350.0,19550.0,19900.0,19200.0,20750.0,20150.0,21150.0,20900.0,28000.0,28000.0
2025-06-23,55450.0,55450.0,51650.0,51650.0,16100.0,14600.0,13900.0,16450.0,15450.0,19050.0,17150.0,56950.0,56000.0,57900.0,70000.0,65250.0,74800.0,36250.0,36250.0,137900.0,142500.0,133350.0,19550.0,19900.0,19200.0,20700.0,20000.0,21150.0,20900.0,28500.0,28500.0
2025-06-24,54700.0,54700.0,51650.0,51650.0,16100.0,14600.0,13900.0,16450.0,15450.0,19050.0,17150.0,53750.0,53700.0,53850.0,65500.0,60300.0,70650.0,36250.0,36250.0,137900.0,142500.0,133350.0,19550.0,19900.0,19200.0,20700.0,20000.0,21150.0,20900.0,28500.0,28500.0
2025-06-25,53900.0,53900.0,50850.0,50850.0,16100.0,14600.0,13900.0,16450.0,15450.0,19050.0,17150.0,49550.0,52000.0,47100.0,58000.0,52850.0,63150.0,36100.0,36100.0,137900.0,142500.0,133350.0,19550.0,19900.0,19200.0,20700.0,20000.0,21150.0,20900.0,28500.0,28500.0
2025-06-26,52200.0,52200.0,50850.0,50850.0,16100.0,14600.0,13900.0,16450.0,15450.0,19050.0,17150.0,48300.0,52000.0,44550.0,56750.0,52050.0,61450.0,35750.0,35750.0,137900.0,142500.0,133350.0,19550.0,19900.0,19200.0,20700.0,20000.0,21150.0,20900.0,28500.0,28500.0
2025-06-27,52200.0,52200.0,50850.0,50850.0,16100.0,14600.0,13900.0,16450.0,15450.0,19050.0,17150.0,48300.0,52000.0,44550.0,56750.0,52050.0,61450.0,35750.0,35750.0,137900.0,142500.0,133350.0,19550.0,19900.0,19200.0,20700.0,20000.0,21150.0,20900.0,28500.0,28500.0
2025-06-30,50650.0,50650.0,50850.0,50850.0,16100.0,14600.0,13900.0,16450.0,15450.0,19100.0,17150.0,46650.0,50350.0,43000.0,56750.0,49550.0,63950.0,36150.0,36150.0,137900.0,142500.0,133350.0,19550.0,19900.0,19200.0,20650.0,19850.0,21150.0,20900.0,28700.0,28700.0
2025-07-01,50650.0,50650.0,50850.0,50850.0,16100.0,14600.0,13900.0,16450.0,15450.0,19100.0,17150.0,46650.0,50350.0,43000.0,57600.0,49550.0,65650.0,36150.0,36150.0,137900.0,142500.0,133350.0,19550.0,19900.0,19200.0,20650.0,19850.0,21150.0,20900.0,28700.0,28700.0
2025-07-02,50650.0,50650.0,50850.0,50850.0,16100.0,14600.0,13900.0,16450.0,15450.0,19100.0,17150.0,46650.0,50350.0,43000.0,58000.0,50350.0,65650.0,36150.0,36150.0,137900.0,142500.0,133350.0,19550.0,19900.0,19200.0,20650.0,19850.0,21150.0,20900.0,28700.0,28700.0
2025-07-03,50650.0,50650.0,50850.0,50850.0,16100.0,14600.0,13900.0,16450.0,15450.0,19100.0,17150.0,47900.0,51200.0,44650.0,60100.0,52050.0,68150.0,36150.0,36150.0,137900.0,142500.0,133350.0,19550.0,19900.0,19200.0,20650.0,19850.0,21150.0,20900.0,28700.0,28700.0
2025-07-04,50650.0,50650.0,50850.0,50850.0,16100.0,14600.0,13900.0,16450.0,15450.0,19100.0,17150.0,50250.0,54350.0,46100.0,62250.0,52050.0,72500.0,36150.0,36150.0,137900.0,142500.0,133350.0,19550.0,19900.0,19200.0,20650.0,19850.0,21150.0,20900.0,28700.0,28700.0
2025-07-07,49800.0,49800.0,50000.0,50000.0,16100.0,14600.0,13900.0,16450.0,15450.0,19100.0,17150.0,48550.0,50100.0,46950.0,61800.0,48700.0,74900.0,36150.0,36150.0,137900.0,142500.0,133350.0,19550.0,19900.0,19200.0,20650.0,19850.0,21150.0,20900.0,28850.0,28850.0
2025-07-08,49800.0,49800.0,50000.0,50000.0,16100.0,14600.0,13900.0,16450.0,15450.0,19100.0,17150.0,48550.0,50100.0,46950.0,61800.0,48700.0,74900.0,36350.0,36350.0,137900.0,142500.0,133350.0,19550.0,19900.0,19200.0,20650.0,19850.0,21150.0,20900.0,29000.0,29000.0
2025-07-09,50650.0,50650.0,50000.0,50000.0,16100.0,14600.0,13900.0,16450.0,15450.0,19100.0,17150.0,48550.0,50100.0,46950.0,61800.0,48700.0,74900.0,36350.0,36350.0,137900.0,142500.0,133350.0,19550.0,19900.0,19200.0,20650.0,19850.0,21150.0,20900.0,29000.0,29000.0
2025-07-10,54700.0,54700.0,50000.0,50000.0,16100.0,14600.0,13900.0,16450.0,15450.0,19100.0,17150.0,48100.0,50100.0,46100.0,62650.0,48700.0,76550.0,36000.0,36000.0,137900.0,142500.0,133350.0,19550.0,19900.0,19200.0,20650.0,19850.0,21150.0,20900.0,29000.0,29000.0
2025-07-11,54700.0,54700.0,50000.0,50000.0,16100.0,14600.0,13900.0,16450.0,15450.0,19100.0,17150.0,47300.0,48450.0,46100.0,61800.0,48700.0,74900.0,36000.0,36000.0,137900.0,142500.0,133350.0,19550.0,19900.0,19200.0,20650.0,19850.0,21150.0,20900.0,29000.0,29000.0
2025-07-14,55550.0,55550.0,50000.0,50000.0,16200.0,14650.0,13950.0,16550.0,15600.0,19200.0,17300.0,49800.0,50100.0,49500.0,64250.0,52850.0,75650.0,36000.0,36000.0,137900.0,142500.0,133350.0,19550.0,19900.0,19200.0,20650.0,19850.0,21150.0,20900.0,29200.0,29200.0
2025-07-15,55550.0,55550.0,50000.0,50000.0,16200.0,14650.0,13950.0,16550.0,15600.0,19200.0,17300.0,49800.0,50100.0,49500.0,64250.0,52850.0,75650.0,36000.0,36000.0,137900.0,142500.0,133350.0,19550.0,19900.0,19200.0,20650.0,19850.0,21150.0,20900.0,29200.0,29200.0
2025-07-16,55550.0,55550.0,50000.0,50000.0,16200.0,14650.0,13950.0,16550.0,15600.0,19200.0,17300.0,48150.0,48450.0,47850.0,64250.0,52850.0,75650.0,36000.0,36000.0,137900.0,142500.0,133350.0,19550.0,19900.0,19200.0,20650.0,19850.0,21150.0,20900.0,29200.0,29200.0
2025-07-17,55550.0,55550.0,50000.0,50000.0,16200.0,14650.0,13950.0,16550.0,15600.0,19200.0,17300.0,48600.0,48450.0,48750.0,64250.0,52850.0,75650.0,35800.0,35800.0,137900.0,142500.0,133350.0,19550.0,19900.0,19200.0,20650.0,19850.0,21150.0,20900.0,29200.0,29200.0
2025-07-18,54600.0,54600.0,50000.0,50000.0,16200.0,14650.0,13950.0,16550.0,15600.0,19200.0,17300.0,48650.0,50350.0,46950.0,56350.0,48700.0,63950.0,35800.0,35800.0,137900.0,142500.0,133350.0,19550.0,19900.0,19200.0,20650.0,19850.0,21150.0,20900.0,29200.0,29200.0
2025-07-21,57750.0,57750.0,49150.0,49150.0,16200.0,14650.0,13950.0,16550.0,15600.0,19200.0,17300.0,48650.0,50350.0,46950.0,52900.0,47050.0,58750.0,35500.0,35500.0,137900.0,142500.0,133350.0,19550.0,19900.0,19200.0,20650.0,19850.0,21150.0,20900.0,29200.0,29200.0
2025-07-22,57750.0,57750.0,49150.0,49150.0,16200.0,14650.0,13950.0,16550.0,15600.0,19200.0,17300.0,48650.0,50350.0,46950.0,52900.0,47050.0,58750.0,35300.0,35300.0,137900.0,142500.0,133350.0,19550.0,19900.0,19200.0,20650.0,19850.0,21150.0,20900.0,29200.0,29200.0
2025-07-23,57750.0,57750.0,49150.0,49150.0,16200.0,14650.0,13950.0,16550.0,15600.0,19200.0,17300.0,48650.0,50350.0,46950.0,53300.0,47850.0,58750.0,35300.0,35300.0,137900.0,142500.0,133350.0,19550.0,19900.0,19200.0,20650.0,19850.0,21150.0,20900.0,29200.0,29200.0
2025-07-24,58600.0,58600.0,49150.0,49150.0,16200.0,14650.0,13950.0,16550.0,15600.0,19200.0,17300.0,47800.0,50350.0,45300.0,53300.0,47850.0,58750.0,35300.0,35300.0,137900.0,142500.0,133350.0,19550.0,19900.0,19200.0,20650.0,19850.0,21150.0,20900.0,29000.0,29000.0
2025-07-25,61950.0,61950.0,49150.0,49150.0,16200.0,14650.0,13950.0,16550.0,15600.0,19200.0,17300.0,47800.0,50350.0,45300.0,52900.0,47850.0,57900.0,35300.0,35300.0,137900.0,142500.0,133350.0,19550.0,19900.0,19200.0,20650.0,19850.0,21150.0,20900.0,28950.0,28950.0
2025-07-28,62750.0,62750.0,49150.0,49150.0,16200.0,14650.0,14000.0,16550.0,15600.0,19200.0,17300.0,46100.0,49400.0,42800.0,51150.0,47050.0,55200.0,35000.0,35000.0,135850.0,140000.0,131650.0,19550.0,19900.0,19200.0,20650.0,19850.0,21150.0,20900.0,28750.0,28750.0
2025-07-29,61950.0,61950.0,48350.0,48350.0,16200.0,14650.0,14000.0,16550.0,15600.0,19200.0,17300.0,46100.0,49400.0,42800.0,51150.0,47050.0,55200.0,35000.0,35000.0,135850.0,140000.0,131650.0,19550.0,19900.0,19200.0,20650.0,19850.0,21150.0,20900.0,28750.0,28750.0
2025-07-30,61950.0,61950.0,48350.0,48350.0,16200.0,14650.0,14000.0,16550.0,15600.0,19200.0,17300.0,46100.0,49400.0,42800.0,50300.0,47050.0,53550.0,34800.0,34800.0,135850.0,140000.0,131650.0,19550.0,19900.0,19200.0,20650.0,19850.0,21150.0,20900.0,28750.0,28750.0
2025-07-31,61950.0,61950.0,48350.0,48350.0,16200.0,14650.0,14000.0,16550.0,15600.0,19200.0,17300.0,46100.0,49400.0,42800.0,49050.0,46200.0,51900.0,34800.0,34800.0,135850.0,140000.0,131650.0,19550.0,19900.0,19200.0,20650.0,19850.0,21150.0,20900.0,28750.0,28750.0
2025-08-01,62750.0,62750.0,48350.0,48350.0,16200.0,14650.0,14000.0,16550.0,15600.0,19200.0,17300.0,46100.0,49400.0,42800.0,49050.0,46200.0,51900.0,34800.0,34800.0,135850.0,140000.0,131650.0,19550.0,19900.0,19200.0,20650.0,19850.0,21150.0,20900.0,28750.0,28750.0
2025-08-04,58800.0,58800.0,47500.0,47500.0,16200.0,14650.0,14000.0,16550.0,15600.0,19200.0,17300.0,46100.0,46050.0,46100.0,45700.0,42850.0,48550.0,34000.0,34000.0,135850.0,140000.0,131650.0,19550.0,19900.0,19200.0,20650.0,19850.0,21150.0,20900.0,28450.0,28450.0
2025-08-05,58800.0,58800.0,45000.0,45000.0,16200.0,14650.0,14000.0,16550.0,15600.0,19200.0,17300.0,46100.0,46050.0,46100.0,45300.0,42050.0,48550.0,34000.0,34000.0,135850.0,140000.0,131650.0,19550.0,19900.0,19200.0,20650.0,19850.0,21150.0,20900.0,28450.0,28450.0
2025-08-06,58800.0,58800.0,45000.0,45000.0,16200.0,14650.0,14000.0,16550.0,15600.0,19200.0,17300.0,46550.0,46050.0,47000.0,45300.0,42050.0,48550.0,34000.0,34000.0,135850.0,140000.0,131650.0,19550.0,19900.0,19200.0,20650.0,19850.0,21150.0,20900.0,28450.0,28450.0
2025-08-07,58800.0,58800.0,45000.0,45000.0,16200.0,14650.0,14000.0,16550.0,15600.0,19200.0,17300.0,46550.0,46050.0,47000.0,45300.0,42050.0,48550.0,34000.0,34000.0,135850.0,140000.0,131650.0,19550.0,19900.0,19200.0,20650.0,19850.0,21150.0,20900.0,28450.0,28450.0
2025-08-08,57950.0,57950.0,45000.0,45000.0,16200.0,14650.0,14000.0,16550.0,15600.0,19200.0,17300.0,46950.0,46050.0,47850.0,44900.0,41200.0,48550.0,33800.0,33800.0,135850.0,140000.0,131650.0,19550.0,19900.0,19200.0,20650.0,19850.0,21150.0,20900.0,28750.0,28750.0
2025-08-11,58600.0,58600.0,45850.0,45850.0,16200.0,14650.0,14000.0,16550.0,15600.0,19200.0,17300.0,46500.0,46900.0,46100.0,45700.0,42050.0,49400.0,33800.0,33800.0,135850.0,140000.0,131650.0,19550.0,19900.0,19200.0,20650.0,19850.0,21150.0,20900.0,28750.0,28750.0
2025-08-12,58600.0,58600.0,45850.0,45850.0,16200.0,14650.0,14000.0,16550.0,15600.0,19200.0,17300.0,46500.0,46900.0,46100.0,45700.0,42050.0,49400.0,33800.0,33800.0,135850.0,140000.0,131650.0,19550.0,19900.0,19200.0,20700.0,20000.0,21150.0,20900.0,28450.0,28450.0
2025-08-13,58600.0,58600.0,46650.0,46650.0,16200.0,14650.0,14000.0,16550.0,15600.0,19200.0,17300.0,44400.0,46900.0,41950.0,44050.0,41200.0,46900.0,33650.0,33650.0,135850.0,140000.0,131650.0,19550.0,19900.0,19200.0,20700.0,20000.0,21150.0,20900.0,28450.0,28450.0
2025-08-14,58600.0,58600.0,46650.0,46650.0,16200.0,14650.0,14000.0,16550.0,15600.0,19200.0,17300.0,43700.0,46150.0,41200.0,43250.0,39650.0,46900.0,33650.0,33650.0,135850.0,140000.0,131650.0,19550.0,19900.0,19200.0,20700.0,20000.0,21150.0,20900.0,28450.0,28450.0
2025-08-15,57750.0,57750.0,47500.0,47500.0,16200.0,14650.0,14000.0,16550.0,15600.0,19200.0,17300.0,46100.0,49400.0,42800.0,44900.0,41200.0,48550.0,33800.0,33800.0,135850.0,140000.0,131650.0,19550.0,19900.0,19200.0,20700.0,20000.0,21150.0,20900.0,28450.0,28450.0
2025-08-18,57750.0,57750.0,47500.0,47500.0,16200.0,14650.0,14000.0,16550.0,15600.0,19200.0,17300.0,46100.0,49400.0,42800.0,44900.0,41200.0,48550.0,33800.0,33800.0,135850.0,140000.0,131650.0,19550.0,19900.0,19200.0,20700.0,20000.0,21150.0,20900.0,28450.0,28450.0
2025-08-19,50450.0,50450.0,47500.0,47500.0,16200.0,14650.0,14000.0,16550.0,15600.0,19200.0,17300.0,47350.0,51050.0,43600.0,44900.0,41200.0,48550.0,33800.0,33800.0,135850.0,140000.0,131650.0,19550.0,19900.0,19200.0,20700.0,20000.0,21150.0,20900.0,27850.0,27850.0
2025-08-20,50450.0,50450.0,46650.0,46650.0,16250.0,14750.0,14000.0,16550.0,15600.0,19300.0,17400.0,46500.0,49400.0,43600.0,45300.0,42050.0,48550.0,34000.0,34000.0,135850.0,140000.0,131650.0,19450.0,19900.0,19050.0,20700.0,20000.0,21150.0,20900.0,27850.0,27850.0
2025-08-21,50450.0,50450.0,46650.0,46650.0,16250.0,14750.0,14000.0,16550.0,15600.0,19300.0,17400.0,46500.0,49400.0,43600.0,44450.0,41200.0,47700.0,34150.0,34150.0,135850.0,140000.0,131650.0,19450.0,19900.0,19050.0,20700.0,20000.0,21150.0,20900.0,27850.0,27850.0
2025-08-22,50450.0,50450.0,46650.0,46650.0,16250.0,14750.0,14000.0,16550.0,15600.0,19300.0,17400.0,46150.0,49400.0,42900.0,44000.0,41200.0,46750.0,34150.0,34150.0,135850.0,140000.0,131650.0,19450.0,19900.0,19050.0,20700.0,20000.0,21150.0,20900.0,27850.0,27850.0
2025-08-25,47300.0,47300.0,46650.0,46650.0,16300.0,14850.0,14050.0,16600.0,15750.0,19300.0,17500.0,46050.0,48450.0,43600.0,42750.0,42100.0,43450.0,34500.0,34500.0,135850.0,140000.0,131650.0,19450.0,19900.0,19050.0,20700.0,20000.0,21150.0,20900.0,27850.0,27850.0
2025-08-26,47300.0,47300.0,46650.0,46650.0,16300.0,14850.0,14050.0,16600.0,15750.0,19300.0,17500.0,46050.0,48450.0,43600.0,42750.0,42100.0,43450.0,34800.0,34800.0,135850.0,140000.0,131650.0,19450.0,19900.0,19050.0,20700.0,20000.0,21150.0,20900.0,27850.0,27850.0
2025-08-27,47300.0,47300.0,45850.0,45850.0,16300.0,14850.0,14050.0,16600.0,15750.0,19300.0,17500.0,45300.0,47700.0,42900.0,43600.0,42100.0,45100.0,35250.0,35250.0,135850.0,140000.0,131650.0,19450.0,19900.0,19050.0,20700.0,20000.0,21150.0,20900.0,27850.0,27850.0
2025-08-28,47300.0,47300.0,45850.0,45850.0,16300.0,14850.0,14050.0,16600.0,15750.0,19300.0,17500.0,45300.0,47700.0,42900.0,43600.0,42100.0,45100.0,35250.0,35250.0,135850.0,140000.0,131650.0,19450.0,19900.0,19050.0,20700.0,20000.0,21150.0,20900.0,27700.0,27700.0
2025-08-29,47300.0,47300.0,45850.0,45850.0,16300.0,14850.0,14050.0,16600.0,15750.0,19300.0,17500.0,45300.0,47700.0,42900.0,43600.0,42100.0,45100.0,35250.0,35250.0,135850.0,140000.0,131650.0,19450.0,19900.0,19050.0,20700.0,20000.0,21150.0,20900.0,27700.0,27700.0
2025-09-01,45650.0,45650.0,45850.0,45850.0,16300.0,14850.0,14050.0,16600.0,15700.0,19300.0,17500.0,48150.0,48450.0,47850.0,42750.0,41250.0,44250.0,37500.0,37500.0,135850.0,140000.0,131650.0,19450.0,19900.0,19050.0,20750.0,20200.0,21150.0,20900.0,27600.0,27600.0
2025-09-02,44800.0,44800.0,45850.0,45850.0,16300.0,14850.0,14050.0,16600.0,15700.0,19300.0,17500.0,48950.0,48450.0,49500.0,43600.0,41250.0,45950.0,38350.0,38350.0,135400.0,139150.0,131650.0,19300.0,19700.0,18900.0,20750.0,20200.0,21150.0,20900.0,27500.0,27500.0
2025-09-03,44800.0,44800.0,45850.0,45850.0,16300.0,14850.0,14050.0,16600.0,15700.0,19300.0,17500.0,50200.0,50100.0,50350.0,44000.0,41250.0,46750.0,38500.0,38500.0,135400.0,139150.0,131650.0,19300.0,19700.0,18900.0,20750.0,20200.0,21150.0,20900.0,27500.0,27500.0
2025-09-04,44800.0,44800.0,45850.0,45850.0,16300.0,14850.0,14050.0,16600.0,15700.0,19300.0,17500.0,50200.0,50100.0,50350.0,44000.0,41250.0,46750.0,38500.0,38500.0,135400.0,139150.0,131650.0,19300.0,19700.0,18900.0,20750.0,20200.0,21150.0,20900.0,27500.0,27500.0
2025-09-05,44800.0,44800.0,45850.0,45850.0,16300.0,14850.0,14050.0,16600.0,15700.0,19300.0,17500.0,50200.0,50100.0,50350.0,44000.0,41250.0,46750.0,38500.0,38500.0,135400.0,139150.0,131650.0,19300.0,19700.0,18900.0,20750.0,20200.0,21150.0,20900.0,27500.0,27500.0
2025-09-08,43250.0,43250.0,45000.0,45000.0,16300.0,14850.0,14050.0,16600.0,15700.0,19300.0,17500.0,50300.0,49400.0,51250.0,43200.0,41250.0,45100.0,39700.0,39700.0,135400.0,139150.0,131650.0,19300.0,19700.0,18900.0,20750.0,20200.0,21150.0,20900.0,28450.0,28450.0
2025-09-09,43250.0,43250.0,45000.0,45000.0,16300.0,14850.0,14050.0,16600.0,15700.0,19300.0,17500.0,50300.0,50200.0,50400.0,43600.0,41250.0,45950.0,39700.0,39700.0,135400.0,139150.0,131650.0,19300.0,19700.0,18900.0,20750.0,20200.0,21150.0,20900.0,28600.0,28600.0
2025-09-10,41650.0,41650.0,45000.0,45000.0,16300.0,14850.0,14050.0,16600.0,15700.0,19300.0,17500.0,52900.0,52850.0,52900.0,46950.0,42900.0,50950.0,40350.0,40350.0,135400.0,139150.0,131650.0,19300.0,19700.0,18900.0,20750.0,20200.0,21150.0,20900.0,28600.0,28600.0
2025-09-11,41650.0,41650.0,45000.0,45000.0,16300.0,14850.0,14050.0,16600.0,15700.0,19300.0,17500.0,52900.0,52850.0,52900.0,46950.0,42900.0,50950.0,40700.0,40700.0,135400.0,139150.0,131650.0,19300.0,19700.0,18900.0,20750.0,20200.0,21150.0,20900.0,28600.0,28600.0
2025-09-12,41650.0,41650.0,45000.0,45000.0,16300.0,14850.0,14050.0,16600.0,15700.0,19300.0,17500.0,53300.0,53700.0,52900.0,46950.0,42900.0,50950.0,41350.0,41350.0,135400.0,139150.0,131650.0,19300.0,19700.0,18900.0,20750.0,20200.0,21150.0,20900.0,28600.0,28600.0
2025-09-15,41650.0,41650.0,45000.0,45000.0,16300.0,14850.0,14050.0,16600.0,15700.0,19300.0,17500.0,62850.0,62100.0,63650.0,46150.0,43700.0,48550.0,42200.0,42200.0,135400.0,139150.0,131650.0,19300.0,19700.0,18900.0,20750.0,20200.0,21150.0,20900.0,28700.0,28700.0
2025-09-16,41650.0,41650.0,45000.0,45000.0,16300.0,14850.0,14050.0,16600.0,15700.0,19300.0,17500.0,63700.0,62100.0,65300.0,46150.0,43700.0,48550.0,42200.0,42200.0,135400.0,139150.0,131650.0,19300.0,19700.0,18900.0,20750.0,20200.0,21150.0,20900.0,28850.0,28850.0
2025-09-17,41650.0,41650.0,45000.0,45000.0,16300.0,14850.0,14050.0,16600.0,15700.0,19300.0,17500.0,71300.0,68200.0,74400.0,46150.0,43700.0,48550.0,42200.0,42200.0,135400.0,139150.0,131650.0,19300.0,19700.0,18900.0,20750.0,20200.0,21150.0,20900.0,28850.0,28850.0
2025-09-18,41650.0,41650.0,45000.0,45000.0,16300.0,14850.0,14050.0,16600.0,15700.0,19300.0,17500.0,71300.0,68200.0,74400.0,46150.0,43700.0,48550.0,42200.0,42200.0,135400.0,139150.0,131650.0,19300.0,19700.0,18900.0,20750.0,20200.0,21150.0,20900.0,28850.0,28850.0
2025-09-19,41650.0,41650.0,45000.0,45000.0,16300.0,14850.0,14050.0,16600.0,15700.0,19300.0,17500.0,71850.0,70950.0,72700.0,47050.0,43700.0,50400.0,42700.0,42700.0,135400.0,139150.0,131650.0,19300.0,19700.0,18900.0,20750.0,20200.0,21150.0,20900.0,29100.0,29100.0
2025-09-22,40200.0,40200.0,43350.0,43350.0,16350.0,14850.0,14050.0,16600.0,15700.0,19450.0,17500.0,68350.0,64000.0,72700.0,44950.0,41250.0,48650.0,42550.0,42550.0,135400.0,139150.0,131650.0,19300.0,19700.0,18900.0,20800.0,20200.0,21300.0,20900.0,29100.0,29100.0
2025-09-23,40200.0,40200.0,43350.0,43350.0,16350.0,14850.0,14050.0,16600.0,15700.0,19450.0,17500.0,69200.0,65700.0,72700.0,44950.0,41250.0,48650.0,42550.0,42550.0,135400.0,139150.0,131650.0,19300.0,19700.0,18900.0,20800.0,20200.0,21300.0,20900.0,29100.0,29100.0
2025-09-24,40200.0,40200.0,44150.0,44150.0,16350.0,14850.0,14050.0,16600.0,15700.0,19450.0,17500.0,70350.0,68000.0,72700.0,44900.0,42050.0,47700.0,42700.0,42700.0,135400.0,139150.0,131650.0,19300.0,19700.0,18900.0,20800.0,20200.0,21300.0,20900.0,29100.0,29100.0
2025-09-25,40200.0,40200.0,44150.0,44150.0,16350.0,14850.0,14050.0,16600.0,15700.0,19450.0,17500.0,72000.0,71250.0,72700.0,44900.0,42050.0,47700.0,42700.0,42700.0,135400.0,139150.0,131650.0,19300.0,19700.0,18900.0,20800.0,20200.0,21300.0,20900.0,29100.0,29100.0
2025-09-26,40200.0,40200.0,44150.0,44150.0,16350.0,14850.0,14050.0,16600.0,15700.0,19450.0,17500.0,72400.0,71250.0,73550.0,44900.0,42050.0,47700.0,42550.0,42550.0,135400.0,139150.0,131650.0,19300.0,19700.0,18900.0,20800.0,20200.0,21300.0,20900.0,29250.0,29250.0
2025-09-29,40200.0,40200.0,44150.0,44150.0,16350.0,14850.0,14050.0,16600.0,15700.0,19450.0,17500.0,66400.0,66000.0,66750.0,44900.0,39550.0,50200.0,41350.0,41350.0,135400.0,139150.0,131650.0,19300.0,19700.0,18900.0,20800.0,20200.0,21300.0,20900.0,29250.0,29250.0
2025-09-30,40200.0,40200.0,44150.0,44150.0,16350.0,14850.0,14050.0,16600.0,15700.0,19450.0,17500.0,65550.0,66000.0,65100.0,44900.0,39550.0,50200.0,40500.0,40500.0,135400.0,139150.0,131650.0,19300.0,19700.0,18900.0,20800.0,20200.0,21300.0,20900.0,29250.0,29250.0
2025-10-01,40200.0,40200.0,44150.0,44150.0,16350.0,14850.0,14050.0,16600.0,15700.0,19450.0,17500.0,65550.0,66000.0,65100.0,44900.0,39550.0,50200.0,40350.0,40350.0,135400.0,139150.0,131650.0,19300.0,19700.0,18900.0,20800.0,20200.0,21300.0,20900.0,29250.0,29250.0
2025-10-02,40200.0,40200.0,44150.0,44150.0,16350.0,14850.0,14050.0,16600.0,15700.0,19450.0,17500.0,63050.0,64300.0,61750.0,44900.0,39550.0,50200.0,40350.0,40350.0,135400.0,139150.0,131650.0,19300.0,19700.0,18900.0,20800.0,20200.0,21300.0,20900.0,29250.0,29250.0
2025-10-03,40200.0,40200.0,44150.0,44150.0,16350.0,14850.0,14050.0,16600.0,15700.0,19450.0,17500.0,62700.0,63550.0,61750.0,44900.0,39550.0,50200.0,40200.0,40200.0,135400.0,139150.0,131650.0,19300.0,19700.0,18900.0,20800.0,20200.0,21300.0,20900.0,29250.0,29250.0
2025-10-06,47300.0,47300.0,44150.0,44150.0,16300.0,14750.0,13900.0,16600.0,15600.0,19450.0,17500.0,66800.0,66050.0,67500.0,45450.0,38800.0,52100.0,39500.0,39500.0,135400.0,139150.0,131650.0,19300.0,19700.0,18900.0,20800.0,20200.0,21300.0,20900.0,30150.0,30150.0
2025-10-07,47300.0,47300.0,44150.0,44150.0,16300.0,14750.0,13900.0,16600.0,15600.0,19450.0,17500.0,66800.0,66050.0,67500.0,45450.0,38800.0,52100.0,39500.0,39500.0,135400.0,139150.0,131650.0,19300.0,19700.0,18900.0,20800.0,20200.0,21300.0,20900.0,30150.0,30150.0
2025-10-08,47300.0,47300.0,44150.0,44150.0,16300.0,14750.0,13900.0,16600.0,15600.0,19450.0,17500.0,66800.0,66050.0,67500.0,45450.0,38800.0,52100.0,39500.0,39500.0,135400.0,139150.0,131650.0,19300.0,19700.0,18900.0,20800.0,20200.0,21300.0,20900.0,30150.0,30150.0
2025-10-09,51450.0,51450.0,44150.0,44150.0,16300.0,14750.0,13900.0,16600.0,15600.0,19450.0,17500.0,67600.0,66050.0,69150.0,45050.0,38800.0,51250.0,39500.0,39500.0,135400.0,139150.0,131650.0,19300.0,19700.0,18900.0,20800.0,20200.0,21300.0,20900.0,30850.0,30850.0
2025-10-10,51450.0,51450.0,44150.0,44150.0,16300.0,14750.0,13900.0,16600.0,15600.0,19450.0,17500.0,67600.0,66050.0,69150.0,45050.0,38800.0,51250.0,39500.0,39500.0,135400.0,139150.0,131650.0,19300.0,19700.0,18900.0,20800.0,20200.0,21300.0,20900.0,30850.0,30850.0
2025-10-13,48250.0,48250.0,43350.0,43350.0,16300.0,14750.0,13900.0,16600.0,15600.0,19450.0,17500.0,68650.0,69650.0,67600.0,44100.0,38800.0,49400.0,40850.0,40850.0,135400.0,139150.0,131650.0,19300.0,19700.0,18900.0,20800.0,20200.0,21300.0,20900.0,31350.0,31350.0
2025-10-14,48250.0,48250.0,43350.0,43350.0,16300.0,14750.0,13900.0,16600.0,15600.0,19450.0,17500.0,68650.0,69650.0,67600.0,44100.0,38800.0,49400.0,41350.0,41350.0,135400.0,139150.0,131650.0,19300.0,19700.0,18900.0,20800.0,20200.0,21300.0,20900.0,31350.0,31350.0
2025-10-15,48250.0,48250.0,43350.0,43350.0,16300.0,14750.0,13900.0,16600.0,15600.0,19450.0,17500.0,68650.0,69650.0,67600.0,44100.0,38800.0,49400.0,41350.0,41350.0,135400.0,139150.0,131650.0,19300.0,19700.0,18900.0,20800.0,20200.0,21300.0,20900.0,31350.0,31350.0
2025-10-16,48250.0,48250.0,43350.0,43350.0,16300.0,14750.0,13900.0,16600.0,15600.0,19450.0,17500.0,68650.0,69650.0,67600.0,44100.0,38800.0,49400.0,41350.0,41350.0,135400.0,139150.0,131650.0,19200.0,19550.0,18900.0,20800.0,20200.0,21300.0,20900.0,31350.0,31350.0
2025-10-17,48250.0,48250.0,43350.0,43350.0,16300.0,14750.0,13900.0,16600.0,15600.0,19450.0,17500.0,65650.0,66200.0,65100.0,42850.0,38000.0,47700.0,41350.0,41350.0,135400.0,139150.0,131650.0,19200.0,19550.0,18900.0,20800.0,20200.0,21300.0,20900.0,31350.0,31350.0
2025-10-20,47400.0,47400.0,43350.0,43350.0,16300.0,14750.0,13900.0,16600.0,15600.0,19450.0,17500.0,63950.0,66200.0,61650.0,41600.0,37150.0,46050.0,41350.0,41350.0,135400.0,139150.0,131650.0,19150.0,19550.0,18700.0,20800.0,20200.0,21300.0,20900.0,31400.0,31400.0
2025-10-21,47400.0,47400.0,43350.0,43350.0,16300.0,14750.0,13900.0,16600.0,15600.0,19450.0,17500.0,63950.0,66200.0,61650.0,41600.0,37150.0,46050.0,41350.0,41350.0,135400.0,139150.0,131650.0,19150.0,19550.0,18700.0,20800.0,20200.0,21300.0,20900.0,31400.0,31400.0
2025-10-22,43450.0,43450.0,43350.0,43350.0,16300.0,14750.0,13900.0,16600.0,15600.0,19450.0,17500.0,63950.0,66200.0,61650.0,41600.0,37150.0,46050.0,41350.0,41350.0,135400.0,139150.0,131650.0,19150.0,19550.0,18700.0,20800.0,20200.0,21300.0,20900.0,31400.0,31400.0
2025-10-23,43450.0,43450.0,43350.0,43350.0,16300.0,14750.0,13900.0,16600.0,15600.0,19450.0,17500.0,63950.0,66200.0,61650.0,42550.0,37150.0,47900.0,41200.0,41200.0,135400.0,139150.0,131650.0,19150.0,19550.0,18700.0,20800.0,20200.0,21300.0,20900.0,31400.0,31400.0
2025-10-24,42600.0,42600.0,43350.0,43350.0,16300.0,14750.0,13900.0,16600.0,15600.0,19300.0,17500.0,63950.0,66200.0,61650.0,42100.0,36300.0,47900.0,41000.0,41000.0,135400.0,139150.0,131650.0,19150.0,19550.0,18700.0,20800.0,20200.0,21300.0,20900.0,31400.0,31400.0
2025-10-27,43350.0,43350.0,43350.0,43350.0,16300.0,14750.0,13900.0,16600.0,15600.0,19300.0,17500.0,65600.0,64400.0,66750.0,41100.0,36300.0,45950.0,40700.0,40700.0,135400.0,139150.0,131650.0,19150.0,19550.0,18700.0,20800.0,20200.0,21300.0,20900.0,31250.0,31250.0
2025-10-28,43350.0,43350.0,43350.0,43350.0,16300.0,14750.0,13900.0,16600.0,15600.0,19300.0,17500.0,65600.0,64400.0,66750.0,41100.0,36300.0,45950.0,40200.0,40200.0,135400.0,139150.0,131650.0,19050.0,19400.0,18700.0,20800.0,20200.0,21300.0,20900.0,30900.0,30900.0
2025-10-29,43350.0,43350.0,43350.0,43350.0,16300.0,14750.0,13900.0,16600.0,15600.0,19300.0,17500.0,65600.0,64400.0,66750.0,41100.0,36300.0,45950.0,40000.0,40000.0,135400.0,139150.0,131650.0,19050.0,19400.0,18700.0,20800.0,20200.0,21300.0,20900.0,30900.0,30900.0
2025-10-30,43350.0,43350.0,42500.0,42500.0,16300.0,14750.0,13900.0,16600.0,15600.0,19300.0,17500.0,64750.0,63550.0,65950.0,40250.0,35450.0,45000.0,39850.0,39850.0,135400.0,139150.0,131650.0,19050.0,19400.0,18700.0,20800.0,20200.0,21300.0,20900.0,30900.0,30900.0
2025-10-31,44150.0,44150.0,42500.0,42500.0,16300.0,14750.0,13900.0,16600.0,15600.0,19300.0,17500.0,65200.0,64400.0,65950.0,40250.0,35450.0,45000.0,39200.0,39200.0,135400.0,139150.0,131650.0,19050.0,19400.0,18700.0,20800.0,20200.0,21300.0,20900.0,30750.0,30750.0
2025-11-03,45000.0,45000.0,43350.0,43350.0,16300.0,14750.0,13900.0,16600.0,15600.0,19300.0,17500.0,70800.0,72150.0,69400.0,37300.0,33800.0,40850.0,38200.0,38200.0,135400.0,139150.0,131650.0,19050.0,19400.0,18700.0,20800.0,20200.0,21300.0,20900.0,30500.0,30500.0
2025-11-04,45000.0,45000.0,43350.0,43350.0,16300.0,14750.0,13900.0,16600.0,15600.0,19300.0,17500.0,71200.0,73000.0,69400.0,37300.0,33800.0,40850.0,38200.0,38200.0,135400.0,139150.0,131650.0,19050.0,19400.0,18700.0,20800.0,20200.0,21300.0,20900.0,30500.0,30500.0
2025-11-05,45000.0,45000.0,43350.0,43350.0,16300.0,14750.0,13900.0,16600.0,15600.0,19300.0,17500.0,71200.0,73000.0,69400.0,37300.0,33800.0,40850.0,38200.0,38200.0,135400.0,139150.0,131650.0,19050.0,19400.0,18700.0,20800.0,20200.0,21300.0,20900.0,30500.0,30500.0
2025-11-06,45000.0,45000.0,42500.0,42500.0,16300.0,14750.0,13900.0,16600.0,15600.0,19300.0,17500.0,72050.0,73000.0,71050.0,37750.0,34650.0,40850.0,38350.0,38350.0,135400.0,139150.0,131650.0,19050.0,19400.0,18700.0,20800.0,20200.0,21300.0,20900.0,30350.0,30350.0
2025-11-07,45750.0,45750.0,43350.0,43350.0,16300.0,14750.0,13900.0,16600.0,15600.0,19300.0,17500.0,78600.0,88700.0,68450.0,38700.0,35450.0,41900.0,38000.0,38000.0,135400.0,139150.0,131650.0,19050.0,19400.0,18700.0,20800.0,20200.0,21300.0,20900.0,30350.0,30350.0
2025-11-10,44900.0,44900.0,43350.0,43350.0,16300.0,14750.0,13900.0,16600.0,15600.0,19300.0,17500.0,80350.0,92150.0,68550.0,40250.0,38800.0,41650.0,36850.0,36850.0,135400.0,139150.0,131650.0,19050.0,19400.0,18700.0,20800.0,20200.0,21300.0,20900.0,30000.0,30000.0
2025-11-11,44900.0,44900.0,43350.0,43350.0,16300.0,14750.0,13900.0,16600.0,15600.0,19300.0,17500.0,80350.0,92150.0,68550.0,40250.0,38800.0,41650.0,36850.0,36850.0,135400.0,139150.0,131650.0,19050.0,19400.0,18700.0,20800.0,20200.0,21300.0,20900.0,30000.0,30000.0
2025-11-12,44900.0,44900.0,43350.0,43350.0,16300.0,14750.0,13900.0,16600.0,15600.0,19300.0,17500.0,80350.0,92150.0,68550.0,40250.0,38800.0,41650.0,36850.0,36850.0,135400.0,139150.0,131650.0,19050.0,19400.0,18700.0,20800.0,20200.0,21300.0,20900.0,29850.0,29850.0
2025-11-13,44900.0,44900.0,43350.0,43350.0,16300.0,14750.0,13900.0,16600.0,15600.0,19300.0,17500.0,77650.0,89350.0,65950.0,40250.0,37950.0,42500.0,37000.0,37000.0,135400.0,139150.0,131650.0,19050.0,19400.0,18700.0,20800.0,20200.0,21300.0,20900.0,29850.0,29850.0
2025-11-14,44900.0,44900.0,43350.0,43350.0,16300.0,14750.0,13900.0,16600.0,15600.0,19300.0,17500.0,77650.0,89350.0,65950.0,40250.0,37950.0,42500.0,37350.0,37350.0,135400.0,139150.0,131650.0,19050.0,19400.0,18700.0,20800.0,20200.0,21300.0,20900.0,29850.0,29850.0
2025-11-17,44900.0,44900.0,43350.0,43350.0,16300.0,14750.0,13900.0,16600.0,15600.0,19300.0,17500.0,79400.0,89350.0,69400.0,44000.0,40450.0,47500.0,38500.0,38500.0,135400.0,139150.0,131650.0,19050.0,19400.0,18700.0,20850.0,20350.0,21300.0,20900.0,29850.0,29850.0
2025-11-18,44050.0,44050.0,43350.0,43350.0,16300.0,14750.0,13900.0,16600.0,15600.0,19300.0,17500.0,77400.0,85400.0,69400.0,51150.0,43700.0,58550.0,38700.0,38700.0,135400.0,139150.0,131650.0,19050.0,19400.0,18700.0,20850.0,20350.0,21300.0,20900.0,29850.0,29850.0
2025-11-19,44050.0,44050.0,43350.0,43350.0,16300.0,14750.0,13900.0,16600.0,15600.0,19300.0,17500.0,77400.0,85400.0,69400.0,52500.0,43700.0,61250.0,38700.0,38700.0,135400.0,139150.0,131650.0,19050.0,19400.0,18700.0,20850.0,20350.0,21300.0,20900.0,29850.0,29850.0
2025-11-20,44050.0,44050.0,43350.0,43350.0,16300.0,14750.0,13900.0,16600.0,15600.0,19300.0,17500.0,77400.0,85400.0,69400.0,52500.0,43700.0,61250.0,38850.0,38850.0,135400.0,139150.0,131650.0,19050.0,19400.0,18700.0,20850.0,20350.0,21300.0,20900.0,29850.0,29850.0
2025-11-21,44050.0,44050.0,43350.0,43350.0,16300.0,14750.0,13900.0,16600.0,15600.0,19300.0,17500.0,77400.0,85400.0,69400.0,52500.0,43700.0,61250.0,38850.0,38850.0,135400.0,139150.0,131650.0,19050.0,19400.0,18700.0,20850.0,20350.0,21300.0,20900.0,30000.0,30000.0
2025-11-24,47300.0,47300.0,43350.0,43350.0,16300.0,14750.0,13900.0,16600.0,15600.0,19450.0,17500.0,75600.0,80300.0,70850.0,57000.0,51100.0,62900.0,39350.0,39350.0,135400.0,139150.0,131650.0,19050.0,19400.0,18700.0,20900.0,20350.0,21300.0,21050.0,30000.0,30000.0
2025-11-25,47300.0,47300.0,43350.0,43350.0,16300.0,14750.0,13900.0,16600.0,15600.0,19450.0,17500.0,75150.0,78650.0,71650.0,57000.0,51100.0,62900.0,39350.0,39350.0,135400.0,139150.0,131650.0,19050.0,19400.0,18700.0,20900.0,20350.0,21300.0,21050.0,30000.0,30000.0
2025-11-26,47300.0,47300.0,43350.0,43350.0,16300.0,14750.0,13900.0,16600.0,15600.0,19450.0,17500.0,75150.0,78650.0,71650.0,56200.0,50300.0,62100.0,39500.0,39500.0,135400.0,139150.0,131650.0,19050.0,19400.0,18700.0,20900.0,20350.0,21300.0,21050.0,30000.0,30000.0
2025-11-27,47300.0,47300.0,43350.0,43350.0,16300.0,14750.0,13900.0,16600.0,15600.0,19450.0,17500.0,73050.0,78650.0,67400.0,54950.0,50300.0,59600.0,39700.0,39700.0,135400.0,139150.0,131650.0,19050.0,19400.0,18700.0,20900.0,20350.0,21300.0,21050.0,30000.0,30000.0
2025-11-28,48150.0,48150.0,43350.0,43350.0,16300.0,14750.0,13900.0,16600.0,15600.0,19450.0,17500.0,71800.0,77800.0,65700.0,55350.0,50300.0,60400.0,39700.0,39700.0,135400.0,139150.0,131650.0,19050.0,19400.0,18700.0,20900.0,20350.0,21300.0,21050.0,30000.0,30000.0
2025-12-01,48950.0,48950.0,44150.0,44150.0,16300.0,14750.0,13900.0,16600.0,15600.0,19450.0,17500.0,73450.0,77000.0,69900.0,68050.0,60300.0,75850.0,40000.0,40000.0,135400.0,139150.0,131650.0,19050.0,19400.0,18700.0,20900.0,20350.0,21300.0,21050.0,30000.0,30000.0
2025-12-02,48950.0,48950.0,44150.0,44150.0,16300.0,14750.0,13900.0,16600.0,15600.0,19550.0,17500.0,75950.0,77000.0,74900.0,73900.0,63600.0,84150.0,40700.0,40700.0,136650.0,140850.0,132500.0,19050.0,19400.0,18700.0,20900.0,20350.0,21300.0,21050.0,29850.0,29850.0
2025-12-03,48950.0,48950.0,44150.0,44150.0,16300.0,14750.0,13900.0,16600.0,15600.0,19550.0,17500.0,71500.0,72850.0,70100.0,79050.0,66850.0,91250.0,40850.0,40850.0,136650.0,140850.0,132500.0,19050.0,19400.0,18700.0,20900.0,20350.0,21300.0,21050.0,29850.0,29850.0
2025-12-04,48150.0,48150.0,44150.0,44150.0,16300.0,14750.0,13900.0,16600.0,15600.0,19550.0,17500.0,69850.0,72850.0,66750.0,83200.0,70200.0,96250.0,41200.0,41200.0,136650.0,140850.0,132500.0,19050.0,19400.0,18700.0,20900.0,20350.0,21300.0,21050.0,29850.0,29850.0
2025-12-05,48950.0,48950.0,44150.0,44150.0,16300.0,14750.0,13900.0,16600.0,15600.0,19550.0,17500.0,69850.0,72850.0,66750.0,83200.0,70200.0,96250.0,41350.0,41350.0,136650.0,140850.0,132500.0,19050.0,19400.0,18700.0,20900.0,20350.0,21300.0,21050.0,29850.0,29850.0
2025-12-08,58500.0,58500.0,44150.0,44150.0,16300.0,14750.0,13900.0,16600.0,15600.0,19550.0,17500.0,69850.0,71200.0,68450.0,86250.0,68500.0,103950.0,42550.0,42550.0,136650.0,140850.0,132500.0,19050.0,19400.0,18700.0,20900.0,20350.0,21300.0,21050.0,30650.0,30650.0
2025-12-09,58500.0,58500.0,44150.0,44150.0,16300.0,14750.0,13900.0,16600.0,15600.0,19550.0,17500.0,69850.0,71200.0,68450.0,86250.0,68500.0,103950.0,42850.0,42850.0,136650.0,140850.0,132500.0,19050.0,19400.0,18700.0,20900.0,20350.0,21300.0,21050.0,30650.0,30650.0
2025-12-10,59350.0,59350.0,44150.0,44150.0,16300.0,14750.0,13900.0,16600.0,15600.0,19550.0,17500.0,69850.0,71200.0,68450.0,87100.0,68500.0,105650.0,42850.0,42850.0,136650.0,140850.0,132500.0,19050.0,19400.0,18700.0,20900.0,20350.0,21300.0,21050.0,30850.0,30850.0
2025-12-11,59350.0,59350.0,44150.0,44150.0,16300.0,14750.0,13900.0,16600.0,15600.0,19550.0,17500.0,69850.0,71200.0,68450.0,87100.0,68500.0,105650.0,42850.0,42850.0,136650.0,140850.0,132500.0,19050.0,19400.0,18700.0,20900.0,20350.0,21300.0,21050.0,31000.0,31000.0
2025-12-12,59350.0,59350.0,44150.0,44150.0,16300.0,14750.0,13900.0,16600.0,15600.0,19550.0,17500.0,69850.0,71200.0,68450.0,87100.0,68500.0,105650.0,43850.0,43850.0,136650.0,140850.0,132500.0,19050.0,19400.0,18700.0,20900.0,20350.0,21300.0,21050.0,31000.0,31000.0
2025-12-15,53700.0,53700.0,44150.0,44150.0,16300.0,14750.0,13900.0,16600.0,15600.0,19550.0,17500.0,69050.0,68700.0,69350.0,87500.0,72700.0,102300.0,44550.0,44550.0,136650.0,140850.0,132500.0,19050.0,19400.0,18700.0,20900.0,20350.0,21300.0,21050.0,31650.0,31650.0
2025-12-16,51200.0,51200.0,44150.0,44150.0,16300.0,14750.0,13900.0,16600.0,15600.0,19550.0,17500.0,68200.0,68700.0,67650.0,87100.0,72700.0,101450.0,44700.0,44700.0,137500.0,141650.0,133350.0,19050.0,19400.0,18700.0,20900.0,20350.0,21300.0,21050.0,31650.0,31650.0
2025-12-17,51200.0,51200.0,44150.0,44150.0,16300.0,14750.0,13900.0,16600.0,15600.0,19550.0,17500.0,63900.0,66050.0,61700.0,82100.0,72700.0,91450.0,44700.0,44700.0,137500.0,141650.0,133350.0,19050.0,19400.0,18700.0,20900.0,20350.0,21300.0,21050.0,31650.0,31650.0
2025-12-18,51200.0,51200.0,44150.0,44150.0,16300.0,14750.0,13900.0,16600.0,15600.0,19550.0,17500.0,62700.0,63650.0,61700.0,79350.0,72700.0,86050.0,44700.0,44700.0,137500.0,141650.0,133350.0,19050.0,19400.0,18700.0,20900.0,20350.0,21300.0,21050.0,31650.0,31650.0
2025-12-19,49700.0,49700.0,44150.0,44150.0,16300.0,14750.0,13900.0,16600.0,15600.0,19550.0,17500.0,62700.0,63650.0,61700.0,78950.0,72700.0,85200.0,44700.0,44700.0,137500.0,141650.0,133350.0,19050.0,19400.0,18700.0,20900.0,20350.0,21300.0,21050.0,31650.0,31650.0
2025-12-22,48150.0,48150.0,44150.0,44150.0,16300.0,14750.0,13900.0,16600.0,15600.0,19550.0,17500.0,55500.0,59250.0,51750.0,76050.0,71000.0,81050.0,44700.0,44700.0,137500.0,141650.0,133350.0,19050.0,19400.0,18700.0,20900.0,20350.0,21300.0,21050.0,31850.0,31850.0
2025-12-23,48150.0,48150.0,44150.0,44150.0,16300.0,14750.0,13900.0,16600.0,15600.0,19550.0,17500.0,55500.0,59250.0,51750.0,74400.0,69450.0,79400.0,44700.0,44700.0,137500.0,141650.0,133350.0,19050.0,19400.0,18700.0,20900.0,20350.0,21300.0,21050.0,31850.0,31850.0
2025-12-24,48150.0,48150.0,44150.0,44150.0,16300.0,14750.0,13900.0,16600.0,15600.0,19550.0,17500.0,55000.0,58300.0,51750.0,74850.0,69450.0,80200.0,44850.0,44850.0,137500.0,141650.0,133350.0,19050.0,19400.0,18700.0,20900.0,20350.0,21300.0,21050.0,31850.0,31850.0
2025-12-25,48150.0,48150.0,44150.0,44150.0,16300.0,14750.0,13900.0,16600.0,15600.0,19550.0,17500.0,55000.0,58300.0,51750.0,74850.0,69450.0,80200.0,44850.0,44850.0,137500.0,141650.0,133350.0,19050.0,19400.0,18700.0,20900.0,20350.0,21300.0,21050.0,31850.0,31850.0
2025-12-26,48150.0,48150.0,44150.0,44150.0,16300.0,14750.0,13900.0,16600.0,15600.0,19550.0,17500.0,55000.0,58300.0,51750.0,74850.0,69450.0,80200.0,44850.0,44850.0,137500.0,141650.0,133350.0,19050.0,19400.0,18700.0,20900.0,20350.0,21300.0,21050.0,31850.0,31850.0
2025-12-29,46550.0,46550.0,45000.0,45000.0,16300.0,14750.0,13900.0,16600.0,15600.0,19550.0,17500.0,51250.0,51600.0,50900.0,74850.0,74450.0,75200.0,44200.0,44200.0,137500.0,141650.0,133350.0,19050.0,19400.0,18700.0,20900.0,20350.0,21300.0,21050.0,31650.0,31650.0
2025-12-30,46550.0,46550.0,45000.0,45000.0,16300.0,14750.0,13900.0,16600.0,15600.0,19550.0,17500.0,49350.0,50100.0,48600.0,73700.0,77600.0,69800.0,44200.0,44200.0,137500.0,141650.0,133350.0,19050.0,19400.0,18700.0,20900.0,20350.0,21300.0,21050.0,31500.0,31500.0
2025-12-31,45750.0,45750.0,45000.0,45000.0,16300.0,14750.0,13900.0,16600.0,15600.0,19550.0,17500.0,48900.0,50100.0,47700.0,65250.0,67600.0,62900.0,44050.0,44050.0,137500.0,141650.0,133350.0,19050.0,19400.0,18700.0,20900.0,20350.0,21300.0,21050.0,31500.0,31500.0
2026-01-01,45750.0,45750.0,45000.0,45000.0,16300.0,14750.0,13900.0,16600.0,15600.0,19550.0,17500.0,48900.0,50100.0,47700.0,65250.0,67600.0,62900.0,44050.0,44050.0,137500.0,141650.0,133350.0,19050.0,19400.0,18700.0,20900.0,20350.0,21300.0,21050.0,31500.0,31500.0
2026-01-02,46550.0,46550.0,45000.0,45000.0,16300.0,14750.0,13900.0,16600.0,15600.0,19550.0,17500.0,48950.0,49250.0,48600.0,76100.0,82600.0,69600.0,42200.0,42200.0,137500.0,141650.0,133350.0,19050.0,19400.0,18700.0,20900.0,20350.0,21300.0,21050.0,31500.0,31500.0
2026-01-05,45750.0,45750.0,45000.0,45000.0,16300.0,14750.0,13900.0,16600.0,15600.0,19550.0,17500.0,46850.0,47600.0,46100.0,72750.0,82600.0,62900.0,42050.0,42050.0,137500.0,141650.0,133350.0,19050.0,19400.0,18700.0,20900.0,20350.0,21300.0,21050.0,31500.0,31500.0
2026-01-06,45750.0,45750.0,45000.0,45000.0,16300.0,14750.0,13900.0,16600.0,15600.0,19550.0,17500.0,46050.0,45950.0,46100.0,72350.0,82600.0,62100.0,41700.0,41700.0,137500.0,141650.0,133350.0,19050.0,19400.0,18700.0,20900.0,20350.0,21300.0,21050.0,30500.0,30500.0
2026-01-07,45750.0,45750.0,45000.0,45000.0,16300.0,14750.0,13900.0,16600.0,15600.0,19550.0,17500.0,46050.0,45950.0,46100.0,71950.0,81750.0,62100.0,41550.0,41550.0,137500.0,141650.0,133350.0,19050.0,19400.0,18700.0,20900.0,20350.0,21300.0,21050.0,30350.0,30350.0
2026-01-08,45750.0,45750.0,45000.0,45000.0,16300.0,14750.0,13900.0,16600.0,15600.0,19550.0,17500.0,46050.0,45950.0,46100.0,69450.0,80100.0,58750.0,41050.0,41050.0,137500.0,141650.0,133350.0,19050.0,19400.0,18700.0,20900.0,20350.0,21300.0,21050.0,30350.0,30350.0
2026-01-09,45750.0,45750.0,45000.0,45000.0,16300.0,14750.0,13900.0,16600.0,15600.0,19550.0,17500.0,46050.0,45950.0,46100.0,68200.0,77700.0,58750.0,40950.0,40950.0,137500.0,141650.0,133350.0,19050.0,19400.0,18700.0,20900.0,20350.0,21300.0,21050.0,30350.0,30350.0
2026-01-12,45000.0,45000.0,45000.0,45000.0,16300.0,14750.0,13900.0,16600.0,15600.0,19550.0,17500.0,46050.0,46750.0,45300.0,61550.0,68500.0,54600.0,39700.0,39700.0,137500.0,141650.0,133350.0,19050.0,19400.0,18700.0,20900.0,20350.0,21300.0,21050.0,29950.0,29950.0
2026-01-13,45000.0,45000.0,45000.0,45000.0,16300.0,14750.0,13900.0,16600.0,15600.0,19550.0,17500.0,43750.0,44450.0,43000.0,60700.0,66850.0,54600.0,39700.0,39700.0,137500.0,141650.0,133350.0,19050.0,19400.0,18700.0,20900.0,20350.0,21300.0,21050.0,29950.0,29950.0
2026-01-14,45000.0,45000.0,45000.0,45000.0,16500.0,14750.0,13900.0,16600.0,15600.0,20600.0,17500.0,43750.0,44450.0,43000.0,59900.0,66850.0,52900.0,39350.0,39350.0,137500.0,141650.0,133350.0,19050.0,19400.0,18700.0,20900.0,20350.0,21300.0,21050.0,29950.0,29950.0
2026-01-15,44250.0,44250.0,44150.0,44150.0,16500.0,14750.0,13900.0,16600.0,15600.0,20600.0,17500.0,41550.0,42650.0,40400.0,57700.0,65200.0,50200.0,39550.0,39550.0,137500.0,141650.0,133350.0,19050.0,19400.0,18700.0,20900.0,20350.0,21300.0,21050.0,29950.0,29950.0
2026-01-16,44250.0,44250.0,44150.0,44150.0,16500.0,14750.0,13900.0,16600.0,15600.0,20600.0,17500.0,41550.0,42650.0,40400.0,57700.0,65200.0,50200.0,39550.0,39550.0,137500.0,141650.0,133350.0,19050.0,19400.0,18700.0,20900.0,20350.0,21300.0,21050.0,29950.0,29950.0
2026-01-19,43450.0,43450.0,44150.0,44150.0,16500.0,14750.0,13900.0,16600.0,15600.0,20600.0,17500.0,41450.0,41750.0,41150.0,59100.0,58600.0,59600.0,38850.0,38850.0,137500.0,141650.0,133350.0,19050.0,19400.0,18700.0,20900.0,20350.0,21300.0,21050.0,29700.0,29700.0
2026-01-20,43450.0,43450.0,44150.0,44150.0,16500.0,14750.0,13900.0,16600.0,15600.0,20600.0,17500.0,41450.0,41750.0,41150.0,59100.0,58600.0,59600.0,39050.0,39050.0,137500.0,141650.0,133350.0,19050.0,19400.0,18700.0,20900.0,20350.0,21300.0,21050.0,29700.0,29700.0
2026-01-21,46650.0,46650.0,44150.0,44150.0,16500.0,14750.0,13900.0,16600.0,15600.0,20600.0,17500.0,41050.0,41750.0,40300.0,58250.0,56950.0,59600.0,39050.0,39050.0,137500.0,141650.0,133350.0,19050.0,19400.0,18700.0,20900.0,20350.0,21300.0,21050.0,29700.0,29700.0
2026-01-22,46650.0,46650.0,44150.0,44150.0,16500.0,14750.0,13900.0,16600.0,15600.0,20600.0,17500.0,41050.0,41750.0,40300.0,58250.0,56950.0,59600.0,39350.0,39350.0,137500.0,141650.0,133350.0,19050.0,19400.0,18700.0,20900.0,20350.0,21300.0,21050.0,29500.0,29500.0
2026-01-23,46650.0,46650.0,44150.0,44150.0,16500.0,14750.0,13900.0,16600.0,15600.0,20600.0,17500.0,41850.0,43400.0,40300.0,59950.0,56950.0,62900.0,39350.0,39350.0,140850.0,145000.0,136650.0,19050.0,19400.0,18700.0,20900.0,20350.0,21300.0,21050.0,29500.0,29500.0
2026-01-26,45850.0,45850.0,44150.0,44150.0,16500.0,14750.0,13900.0,16600.0,15600.0,20750.0,17500.0,41050.0,43400.0,38650.0,57450.0,55300.0,59600.0,40200.0,40200.0,144250.0,148400.0,140050.0,19050.0,19400.0,18700.0,20900.0,20350.0,21300.0,21050.0,29200.0,29200.0
2026-01-27,45850.0,45850.0,44150.0,44150.0,16500.0,14750.0,13900.0,16600.0,15600.0,20750.0,17500.0,41050.0,43400.0,38650.0,57450.0,55300.0,59600.0,40350.0,40350.0,144250.0,148400.0,140050.0,19050.0,19400.0,18700.0,20900.0,20350.0,21300.0,21050.0,29200.0,29200.0
2026-01-28,46550.0,46550.0,43350.0,43350.0,16500.0,14750.0,13900.0,16600.0,15600.0,20750.0,17500.0,41800.0,43400.0,40200.0,58250.0,55300.0,61250.0,40350.0,40350.0,144250.0,148400.0,140050.0,19050.0,19400.0,18700.0,20900.0,20350.0,21300.0,21050.0,29200.0,29200.0
2026-01-29,47300.0,47300.0,43350.0,43350.0,16500.0,14750.0,13900.0,16600.0,15600.0,20750.0,17500.0,42300.0,44350.0,40200.0,61600.0,57800.0,65400.0,40350.0,40350.0,144250.0,148400.0,140050.0,19050.0,19400.0,18700.0,20900.0,20350.0,21300.0,21050.0,29200.0,29200.0
2026-01-30,47300.0,47300.0,43350.0,43350.0,16500.0,14750.0,13900.0,16600.0,15600.0,20750.0,17500.0,42300.0,44350.0,40200.0,61600.0,57800.0,65400.0,40350.0,40350.0,144250.0,148400.0,140050.0,19150.0,19550.0,18700.0,20900.0,20350.0,21300.0,21050.0,29200.0,29200.0
2026-02-02,47400.0,47400.0,43350.0,43350.0,16500.0,14750.0,13900.0,16600.0,15600.0,20750.0,17500.0,40650.0,41050.0,40200.0,67900.0,61850.0,73950.0,39850.0,39850.0,144250.0,148400.0,140050.0,19200.0,19700.0,18700.0,20900.0,20350.0,21300.0,21050.0,28850.0,28850.0
2026-02-03,47400.0,47400.0,43350.0,43350.0,16500.0,14750.0,13900.0,16600.0,15600.0,20750.0,17500.0,41000.0,41750.0,40200.0,71350.0,62700.0,80000.0,39500.0,39500.0,144250.0,148400.0,140050.0,19200.0,19700.0,18700.0,20900.0,20350.0,21300.0,21050.0,28850.0,28850.0
2026-02-04,48250.0,48250.0,43350.0,43350.0,16500.0,14750.0,13900.0,16600.0,15600.0,20750.0,17500.0,41000.0,41750.0,40200.0,74250.0,62700.0,85850.0,39350.0,39350.0,144250.0,148400.0,140050.0,19200.0,19700.0,18700.0,20900.0,20350.0,21300.0,21050.0,28700.0,28700.0
2026-02-05,48250.0,48250.0,43350.0,43350.0,16500.0,14750.0,13900.0,16600.0,15600.0,20750.0,17500.0,41450.0,41750.0,41100.0,76850.0,61000.0,92700.0,39350.0,39350.0,144250.0,148400.0,140050.0,19200.0,19700.0,18700.0,20900.0,20350.0,21300.0,21050.0,28850.0,28850.0
2026-02-06,48250.0,48250.0,43350.0,43350.0,16500.0,14750.0,13900.0,16600.0,15600.0,20750.0,17500.0,41450.0,41750.0,41100.0,78650.0,61000.0,96250.0,39500.0,39500.0,144250.0,148400.0,140050.0,19200.0,19700.0,18700.0,20900.0,20350.0,21300.0,21050.0,28850.0,28850.0
2026-02-09,49050.0,49050.0,44150.0,44150.0,16550.0,14750.0,13950.0,16600.0,15600.0,20850.0,17500.0,44400.0,43450.0,45350.0,79450.0,62700.0,96250.0,40850.0,40850.0,144250.0,148400.0,140050.0,19200.0,19700.0,18700.0,20900.0,20350.0,21300.0,21050.0,30650.0,30650.0
2026-02-10,49050.0,49050.0,44150.0,44150.0,16550.0,14750.0,13950.0,16600.0,15600.0,20850.0,17500.0,44400.0,43450.0,45350.0,79450.0,62700.0,96250.0,41350.0,41350.0,144250.0,148400.0,140050.0,19200.0,19700.0,18700.0,20900.0,20350.0,21300.0,21050.0,31150.0,31150.0
2026-02-11,49050.0,49050.0,44150.0,44150.0,16550.0,14750.0,13950.0,16600.0,15600.0,20850.0,17500.0,46100.0,43450.0,48800.0,79450.0,62700.0,96250.0,42700.0,42700.0,144250.0,148400.0,140050.0,19200.0,19700.0,18700.0,20900.0,20350.0,21300.0,21050.0,31150.0,31150.0
2026-02-12,49050.0,49050.0,44150.0,44150.0,16550.0,14750.0,13950.0,16600.0,15600.0,20850.0,17500.0,47350.0,45100.0,49600.0,82400.0,62700.0,102100.0,42850.0,42850.0,144250.0,148400.0,140050.0,19200.0,19700.0,18700.0,20900.0,20350.0,21300.0,21050.0,31150.0,31150.0
2026-02-13,49050.0,49050.0,44150.0,44150.0,16550.0,14750.0,13950.0,16600.0,15600.0,20850.0,17500.0,49050.0,46750.0,51300.0,82500.0,61000.0,103950.0,43050.0,43050.0,144250.0,148400.0,140050.0,19200.0,19700.0,18700.0,20900.0,20350.0,21300.0,21050.0,31150.0,31150.0
2026-02-16,49050.0,49050.0,44150.0,44150.0,16550.0,14750.0,13950.0,16600.0,15600.0,20850.0,17500.0,49050.0,46750.0,51300.0,82500.0,61000.0,103950.0,43050.0,43050.0,144250.0,148400.0,140050.0,19200.0,19700.0,18700.0,20900.0,20350.0,21300.0,21050.0,31150.0,31150.0
2026-02-17,49050.0,49050.0,44150.0,44150.0,16550.0,14750.0,13950.0,16600.0,15600.0,20850.0,17500.0,49050.0,46750.0,51300.0,82500.0,61000.0,103950.0,43050.0,43050.0,144250.0,148400.0,140050.0,19200.0,19700.0,18700.0,20900.0,20350.0,21300.0,21050.0,31150.0,31150.0
2026-02-18,49900.0,49900.0,44150.0,44150.0,16550.0,14750.0,13950.0,16600.0,15600.0,20850.0,17500.0,50400.0,50350.0,50450.0,85500.0,57050.0,113950.0,45900.0,45900.0,144250.0,148400.0,140050.0,19200.0,19700.0,18700.0,21200.0,20850.0,21450.0,21400.0,32500.0,32500.0
2026-02-19,49900.0,49900.0,44150.0,44150.0,16550.0,14750.0,13950.0,16600.0,15600.0,20850.0,17500.0,50400.0,50350.0,50450.0,85500.0,57050.0,113950.0,45900.0,45900.0,144250.0,148400.0,140050.0,19200.0,19700.0,18700.0,21200.0,20850.0,21450.0,21400.0,32500.0,32500.0
2026-02-20,51550.0,51550.0,44150.0,44150.0,16550.0,14750.0,13950.0,16600.0,15600.0,20850.0,17500.0,55450.0,52000.0,58900.0,93400.0,64550.0,122300.0,45550.0,45550.0,144250.0,148400.0,140050.0,19200.0,19700.0,18700.0,21200.0,20850.0,21450.0,21400.0,32500.0,32500.0
2026-02-23,49050.0,49050.0,43350.0,43350.0,16600.0,14750.0,14050.0,16600.0,15650.0,21000.0,17500.0,54150.0,55350.0,52900.0,84750.0,58700.0,110850.0,44550.0,44550.0,146300.0,150050.0,142550.0,19200.0,19700.0,18700.0,21250.0,21000.0,21450.0,21400.0,32000.0,32000.0
2026-02-24,49050.0,49050.0,43350.0,43350.0,16600.0,14750.0,14050.0,16600.0,15650.0,21000.0,17500.0,52450.0,53700.0,51250.0,82150.0,57050.0,107300.0,44550.0,44550.0,146300.0,150050.0,142550.0,19200.0,19700.0,18700.0,21250.0,21000.0,21450.0,21400.0,32000.0,32000.0
2026-02-25,49900.0,49900.0,43350.0,43350.0,16600.0,14750.0,14050.0,16600.0,15650.0,21000.0,17500.0,49500.0,52000.0,46950.0,80100.0,57850.0,102300.0,43850.0,43850.0,145400.0,149150.0,141650.0,19200.0,19700.0,18700.0,21250.0,21000.0,21450.0,21400.0,31850.0,31850.0
2026-02-26,49050.0,49050.0,43350.0,43350.0,16600.0,14750.0,14050.0,16600.0,15650.0,21000.0,17500.0,49050.0,52000.0,46100.0,78850.0,57050.0,100650.0,43850.0,43850.0,145400.0,149150.0,141650.0,19200.0,19700.0,18700.0,21250.0,21000.0,21450.0,21400.0,31850.0,31850.0
2026-02-27,50550.0,50550.0,44150.0,44150.0,16600.0,14750.0,14050.0,16600.0,15650.0,21000.0,17500.0,49050.0,52000.0,46100.0,82150.0,58600.0,105650.0,43550.0,43550.0,145400.0,149150.0,141650.0,19200.0,19700.0,18700.0,21250.0,21000.0,21450.0,21400.0,31850.0,31850.0
2026-03-02,50550.0,50550.0,44150.0,44150.0,16600.0,14750.0,14050.0,16600.0,15650.0,21000.0,17500.0,47000.0,50350.0,43600.0,76650.0,53700.0,99600.0,43350.0,43350.0,145400.0,149150.0,141650.0,19400.0,19700.0,19050.0,21250.0,21150.0,21300.0,21400.0,31650.0,31650.0
2026-03-03,50550.0,50550.0,44150.0,44150.0,16600.0,14750.0,14050.0,16600.0,15650.0,21000.0,17500.0,47000.0,50350.0,43600.0,76650.0,53700.0,99600.0,43350.0,43350.0,145400.0,149150.0,141650.0,19400.0,19700.0,19050.0,21250.0,21150.0,21300.0,21400.0,31650.0,31650.0
2026-03-04,49050.0,49050.0,44150.0,44150.0,16800.0,14950.0,14250.0,16800.0,15900.0,21350.0,17550.0,47400.0,50350.0,44450.0,84650.0,53700.0,115650.0,43350.0,43350.0,145400.0,149150.0,141650.0,19400.0,19700.0,19050.0,21250.0,21150.0,21300.0,21400.0,31650.0,31650.0
2026-03-05,49050.0,49050.0,44150.0,44150.0,16800.0,14950.0,14250.0,16800.0,15900.0,21350.0,17550.0,48250.0,50350.0,46100.0,86350.0,53700.0,118950.0,43700.0,43700.0,145400.0,149150.0,141650.0,19400.0,19700.0,19050.0,21250.0,21150.0,21300.0,21400.0,31650.0,31650.0
2026-03-06,49050.0,49050.0,44150.0,44150.0,16800.0,14950.0,14250.0,16800.0,15900.0,21350.0,17550.0,48250.0,50350.0,46100.0,86350.0,53700.0,118950.0,43700.0,43700.0,145400.0,149150.0,141650.0,19400.0,19700.0,19050.0,21250.0,21150.0,21300.0,21400.0,31650.0,31650.0
2026-03-09,45850.0,45850.0,44150.0,44150.0,16800.0,14950.0,14250.0,16800.0,15900.0,21350.0,17550.0,47800.0,50350.0,45300.0,83000.0,55350.0,110650.0,43550.0,43550.0,145400.0,149150.0,141650.0,19400.0,19700.0,19050.0,21250.0,21150.0,21300.0,21400.0,31650.0,31650.0
2026-03-10,45850.0,45850.0,44150.0,44150.0,16800.0,14950.0,14250.0,16800.0,15900.0,21350.0,17550.0,47800.0,50350.0,45300.0,84650.0,55350.0,113950.0,43550.0,43550.0,145400.0,149150.0,141650.0,19400.0,19700.0,19050.0,21250.0,21150.0,21300.0,21400.0,31650.0,31650.0
2026-03-11,45850.0,45850.0,44150.0,44150.0,16800.0,14950.0,14250.0,16800.0,15900.0,21350.0,17550.0,47800.0,50350.0,45300.0,84650.0,55350.0,113950.0,43550.0,43550.0,145400.0,149150.0,141650.0,19400.0,19700.0,19050.0,21250.0,21150.0,21300.0,21400.0,31650.0,31650.0
2026-03-12,45850.0,45850.0,44150.0,44150.0,16800.0,14950.0,14250.0,16800.0,15900.0,21350.0,17550.0,48650.0,50350.0,46950.0,84650.0,55350.0,113950.0,43200.0,43200.0,145400.0,149150.0,141650.0,19400.0,19700.0,19050.0,21250.0,21150.0,21300.0,21400.0,31650.0,31650.0
2026-03-13,48250.0,48250.0,44150.0,44150.0,16800.0,14950.0,14250.0,16800.0,15900.0,21350.0,17550.0,53850.0,57250.0,50400.0,85600.0,55350.0,115850.0,43200.0,43200.0,145400.0,149150.0,141650.0,19400.0,19700.0,19050.0,21250.0,21150.0,21300.0,21400.0,31650.0,31650.0
2026-03-16,54600.0,54600.0,44150.0,44150.0,16800.0,14950.0,14250.0,16800.0,15900.0,21350.0,17550.0,60750.0,65500.0,56000.0,86300.0,58600.0,113950.0,44550.0,44550.0,150400.0,155000.0,145850.0,19450.0,19900.0,19050.0,21850.0,22150.0,21600.0,21700.0,31650.0,31650.0
2026-03-17,54600.0,54600.0,44150.0,44150.0,16800.0,14950.0,14250.0,16800.0,15900.0,21350.0,17550.0,64100.0,68850.0,59350.0,89000.0,58600.0,119400.0,45050.0,45050.0,150400.0,155000.0,145850.0,19450.0,19900.0,19050.0,22500.0,24100.0,21600.0,21700.0,31650.0,31650.0
2026-03-18,54600.0,54600.0,44150.0,44150.0,16800.0,14950.0,14250.0,16800.0,15900.0,21350.0,17550.0,64100.0,68850.0,59350.0,89000.0,58600.0,119400.0,45050.0,45050.0,150400.0,155000.0,145850.0,19450.0,19900.0,19050.0,22500.0,24100.0,21600.0,21700.0,31650.0,31650.0
2026-03-19,54600.0,54600.0,44150.0,44150.0,16800.0,14950.0,14250.0,16800.0,15900.0,21350.0,17550.0,64100.0,68850.0,59350.0,89000.0,58600.0,119400.0,45050.0,45050.0,150400.0,155000.0,145850.0,19450.0,19900.0,19050.0,22500.0,24100.0,21600.0,21700.0,31650.0,31650.0
2026-03-20,54600.0,54600.0,44150.0,44150.0,16800.0,14950.0,14250.0,16800.0,15900.0,21350.0,17550.0,64100.0,68850.0,59350.0,89000.0,58600.0,119400.0,45050.0,45050.0,150400.0,155000.0,145850.0,19450.0,19900.0,19050.0,22500.0,24100.0,21600.0,21700.0,31650.0,31650.0
2026-03-23,54600.0,54600.0,44150.0,44150.0,16800.0,14950.0,14250.0,16800.0,15900.0,21350.0,17550.0,64100.0,68850.0,59350.0,89000.0,58600.0,119400.0,45050.0,45050.0,150400.0,155000.0,145850.0,19450.0,19900.0,19050.0,22500.0,24100.0,21600.0,21700.0,31650.0,31650.0
2026-03-24,54600.0,54600.0,44150.0,44150.0,16800.0,14950.0,14250.0,16800.0,15900.0,21350.0,17550.0,64100.0,68850.0,59350.0,89000.0,58600.0,119400.0,45050.0,45050.0,150400.0,155000.0,145850.0,19450.0,19900.0,19050.0,22500.0,24100.0,21600.0,21700.0,31650.0,31650.0
2026-03-25,55450.0,55450.0,44150.0,44150.0,16800.0,14950.0,14250.0,16800.0,15900.0,21400.0,17550.0,61750.0,70600.0,52900.0,74900.0,61600.0,88150.0,45200.0,45200.0,154800.0,158550.0,151050.0,19450.0,19900.0,19050.0,22600.0,24250.0,21600.0,21850.0,32500.0,32500.0
2026-03-26,56150.0,56150.0,44150.0,44150.0,16800.0,14950.0,14250.0,16800.0,15900.0,21400.0,17550.0,59450.0,67600.0,51250.0,71800.0,60600.0,83000.0,45200.0,45200.0,154800.0,158550.0,151050.0,19450.0,19900.0,19050.0,22600.0,24250.0,21600.0,21850.0,32500.0,32500.0
2026-03-27,56150.0,56150.0,44150.0,44150.0,16800.0,14950.0,14250.0,16800.0,15900.0,21400.0,17550.0,59450.0,67600.0,51250.0,69300.0,60600.0,78000.0,45200.0,45200.0,154800.0,158550.0,151050.0,19450.0,19900.0,19050.0,22600.0,24250.0,21600.0,21850.0,32500.0,32500.0
2026-03-30,48750.0,48750.0,44150.0,44150.0,16800.0,14950.0,14250.0,16800.0,15900.0,21400.0,17550.0,54000.0,63550.0,44450.0,69650.0,53600.0,85650.0,43050.0,43050.0,149700.0,154300.0,145100.0,19450.0,19900.0,19050.0,22700.0,24250.0,21800.0,22050.0,31800.0,31800.0
2026-03-31,48750.0,48750.0,44150.0,44150.0,16800.0,14950.0,14250.0,16800.0,15900.0,21400.0,17550.0,54000.0,63550.0,44450.0,71300.0,53600.0,89000.0,43050.0,43050.0,149700.0,154300.0,145100.0,19450.0,19900.0,19050.0,22700.0,24250.0,21800.0,22050.0,31350.0,31350.0
2026-04-01,47300.0,47300.0,44150.0,44150.0,16800.0,14950.0,14250.0,16800.0,15900.0,21400.0,17550.0,53300.0,62100.0,44450.0,72400.0,51200.0,93600.0,42750.0,42750.0,149700.0,154300.0,145100.0,19550.0,20050.0,19050.0,22700.0,24250.0,21800.0,22050.0,31350.0,31350.0
2026-04-02,47300.0,47300.0,44150.0,44150.0,16800.0,14950.0,14250.0,16800.0,15900.0,21400.0,17550.0,53300.0,62100.0,44450.0,72400.0,51200.0,93600.0,42550.0,42550.0,149700.0,154300.0,145100.0,19550.0,20050.0,19050.0,22700.0,24250.0,21800.0,22050.0,31350.0,31350.0
2026-04-03,47300.0,47300.0,44150.0,44150.0,16800.0,14950.0,14250.0,16800.0,15900.0,21400.0,17550.0,53300.0,62100.0,44450.0,72400.0,51200.0,93600.0,42550.0,42550.0,149700.0,154300.0,145100.0,19550.0,20050.0,19050.0,22700.0,24250.0,21800.0,22050.0,31350.0,31350.0
2026-04-06,46550.0,46550.0,44150.0,44150.0,16800.0,14950.0,14250.0,16800.0,15900.0,21250.0,17550.0,48250.0,52000.0,44450.0,68200.0,47850.0,88550.0,41700.0,41700.0,149700.0,154300.0,145100.0,19550.0,20050.0,19050.0,22400.0,23750.0,21600.0,21850.0,31000.0,31000.0
2026-04-07,46550.0,46550.0,44150.0,44150.0,16800.0,14950.0,14250.0,16800.0,15900.0,21250.0,17550.0,48250.0,52000.0,44450.0,68200.0,47850.0,88550.0,41850.0,41850.0,147900.0,152500.0,143350.0,19550.0,20050.0,19050.0,22400.0,23750.0,21600.0,21850.0,30650.0,30650.0
2026-04-08,46550.0,46550.0,43350.0,43350.0,16800.0,14950.0,14250.0,16800.0,15900.0,21250.0,17550.0,49000.0,53500.0,44450.0,68200.0,47850.0,88550.0,41550.0,41550.0,147900.0,152500.0,143350.0,19650.0,20050.0,19200.0,22850.0,23750.0,22300.0,22550.0,30850.0,30850.0
2026-04-09,46550.0,46550.0,43350.0,43350.0,16800.0,14950.0,14250.0,16800.0,15900.0,21250.0,17550.0,49000.0,53500.0,44450.0,67800.0,47050.0,88550.0,41350.0,41350.0,147900.0,152500.0,143350.0,19650.0,20050.0,19200.0,22850.0,23750.0,22300.0,22550.0,30500.0,30500.0
2026-04-10,46550.0,46550.0,43350.0,43350.0,16800.0,14950.0,14250.0,16800.0,15900.0,21250.0,17550.0,49000.0,53500.0,44450.0,67800.0,47050.0,88550.0,41350.0,41350.0,147900.0,152500.0,143350.0,19650.0,20050.0,19200.0,22850.0,23750.0,22300.0,22550.0,30200.0,30200.0
2026-04-13,48150.0,48150.0,44150.0,44150.0,16800.0,14950.0,14250.0,16800.0,15900.0,21250.0,17550.0,50750.0,56200.0,45350.0,65300.0,49550.0,81050.0,40850.0,40850.0,147900.0,152500.0,143350.0,20150.0,20550.0,19700.0,22850.0,23750.0,22300.0,22550.0,29500.0,29500.0
2026-04-14,48150.0,48150.0,44150.0,44150.0,16800.0,14950.0,14250.0,16800.0,15900.0,21250.0,17550.0,50750.0,56200.0,45350.0,64350.0,49550.0,79150.0,40700.0,40700.0,147900.0,152500.0,143350.0,20150.0,20550.0,19700.0,22850.0,23750.0,22300.0,22550.0,29500.0,29500.0
2026-04-15,48150.0,48150.0,44150.0,44150.0,16800.0,14950.0,14250.0,16800.0,15900.0,21250.0,17550.0,51200.0,57000.0,45350.0,63950.0,49550.0,78350.0,40700.0,40700.0,147900.0,152500.0,143350.0,20150.0,20550.0,19700.0,22850.0,23750.0,22300.0,22550.0,29700.0,29700.0
2026-04-16,47300.0,47300.0,44150.0,44150.0,16800.0,14950.0,14250.0,16800.0,15900.0,21250.0,17550.0,51200.0,57000.0,45350.0,63950.0,49550.0,78350.0,40350.0,40350.0,147900.0,152500.0,143350.0,20150.0,20550.0,19700.0,22850.0,23750.0,22300.0,22550.0,29500.0,29500.0
2026-04-17,47300.0,47300.0,44150.0,44150.0,16800.0,14950.0,14250.0,16800.0,15900.0,21250.0,17550.0,51200.0,57000.0,45350.0,63950.0,49550.0,78350.0,40350.0,40350.0,147900.0,152500.0,143350.0,20150.0,20550.0,19700.0,22850.0,23750.0,22300.0,22550.0,29500.0,29500.0
2026-04-20,49800.0,49800.0,43350.0,43350.0,16800.0,14950.0,14250.0,16800.0,15900.0,21250.0,17550.0,55500.0,61450.0,49550.0,66000.0,59450.0,72500.0,39550.0,39550.0,147900.0,152500.0,143350.0,20150.0,20550.0,19700.0,23250.0,23750.0,22900.0,23050.0,29700.0,29700.0
2026-04-21,49800.0,49800.0,43350.0,43350.0,16800.0,14950.0,14250.0,16800.0,15900.0,21250.0,17550.0,55500.0,61450.0,49550.0,66000.0,59450.0,72500.0,39350.0,39350.0,147900.0,152500.0,143350.0,20150.0,20550.0,19700.0,23250.0,23750.0,22900.0,23050.0,29700.0,29700.0
2026-04-22,48250.0,48250.0,43350.0,43350.0,16800.0,14950.0,14250.0,16800.0,15900.0,21250.0,17550.0,56350.0,63100.0,49550.0,62950.0,59450.0,66450.0,39350.0,39350.0,147900.0,152500.0,143350.0,20150.0,20550.0,19700.0,23250.0,23750.0,22900.0,23050.0,29700.0,29700.0
2026-04-23,48250.0,48250.0,43350.0,43350.0,16800.0,14950.0,14250.0,16800.0,15900.0,21250.0,17550.0,57100.0,64600.0,49550.0,62150.0,57850.0,66450.0,39350.0,39350.0,147900.0,152500.0,143350.0,20150.0,20550.0,19700.0,23250.0,23750.0,22900.0,23050.0,29700.0,29700.0
2026-04-24,48250.0,48250.0,43350.0,43350.0,16800.0,14950.0,14250.0,16800.0,15900.0,21250.0,17550.0,57500.0,64600.0,50400.0,62150.0,57850.0,66450.0,39350.0,39350.0,147900.0,152500.0,143350.0,20150.0,20550.0,19700.0,23300.0,23750.0,22900.0,23200.0,29000.0,29000.0
