Tanggal,Bawang Merah,Bawang Merah Ukuran Sedang,Bawang Putih,Bawang Putih Ukuran Sedang,Beras,Beras Kualitas Bawah I,Beras Kualitas Bawah II,Beras Kualitas Medium I,Beras Kualitas Medium II,Beras Kualitas Super I,Beras Kualitas Super II,Cabai Merah,Cabai Merah Besar,Cabai Merah Keriting ,Cabai Rawit,Cabai Rawit Hijau,Cabai Rawit Merah,Daging Ayam,Daging Ayam Ras Segar,Daging Sapi,Daging Sapi Kualitas 1,Daging Sapi Kualitas 2,Gula Pasir,Gula Pasir Kualitas Premium,Gula Pasir Lokal,Minyak Goreng,Minyak Goreng Curah,Minyak Goreng Kemasan Bermerk 1,Minyak Goreng Kemasan Bermerk 2,Telur Ayam,Telur Ayam Ras Segar
2021-01-01,-,-,-,-,-,-,-,-,-,-,-,-,-,-,-,-,-,-,-,-,-,-,-,-,-,-,-,-,-,-,-
2021-01-04,"35,000","35,000","35,850","35,850","13,450","12,150","11,300","13,950","12,750","16,350","14,200","69,150","69,150","69,150","81,250","71,650","90,850","37,750","37,750","130,000","136,650","123,350","15,100","15,500","14,650","14,950","14,850","15,000","15,000","25,650","25,650"
2021-01-05,"35,000","35,000","35,850","35,850","13,450","12,150","11,300","13,950","12,750","16,350","14,200","69,150","69,150","69,150","82,900","71,650","94,150","37,750","37,750","130,000","136,650","123,350","15,100","15,500","14,650","14,950","14,850","15,000","15,000","25,650","25,650"
2021-01-06,"33,350","33,350","35,850","35,850","13,450","12,150","11,300","13,950","12,750","16,350","14,200","70,400","70,000","70,850","84,150","71,650","96,650","37,750","37,750","130,000","136,650","123,350","15,100","15,500","14,650","14,950","14,850","15,000","15,000","25,500","25,500"
2021-01-07,"33,350","33,350","35,850","35,850","13,450","12,150","11,300","13,950","12,750","16,350","14,200","70,400","70,000","70,850","87,500","76,650","98,350","37,900","37,900","129,150","135,850","122,500","15,000","15,350","14,650","14,950","14,850","15,000","15,000","25,350","25,350"
2021-01-08,"33,350","33,350","35,850","35,850","13,450","12,150","11,300","13,950","12,750","16,350","14,200","65,850","65,000","66,650","84,150","71,650","96,650","38,400","38,400","129,150","135,850","122,500","14,900","15,150","14,650","14,950","14,850","15,000","15,000","25,350","25,350"
2021-01-11,"34,150","34,150","35,000","35,000","13,450","12,150","11,300","13,950","12,750","16,350","14,200","61,250","61,650","60,850","80,850","68,350","93,350","38,250","38,250","129,150","135,850","122,500","14,900","15,150","14,650","14,950","14,850","15,000","15,000","25,000","25,000"
2021-01-12,"34,150","34,150","35,000","35,000","13,450","12,150","11,300","13,950","12,750","16,350","14,200","61,250","61,650","60,850","80,850","68,350","93,350","38,500","38,500","129,150","135,850","122,500","15,000","15,350","14,650","14,950","14,850","15,000","15,000","25,000","25,000"
2021-01-13,"34,150","34,150","35,000","35,000","13,450","12,150","11,300","13,950","12,750","16,350","14,200","60,850","60,000","61,650","81,650","70,000","93,350","38,600","38,600","129,150","135,850","122,500","15,000","15,350","14,650","14,950","14,850","15,000","15,000","24,850","24,850"
2021-01-14,"35,000","35,000","35,000","35,000","13,450","12,150","11,300","13,950","12,750","16,350","14,200","60,850","60,000","61,650","85,400","77,500","93,350","38,600","38,600","129,150","135,850","122,500","15,000","15,350","14,650","14,950","14,850","15,000","15,000","24,500","24,500"
2021-01-15,"35,000","35,000","35,000","35,000","13,450","12,150","11,300","13,950","12,750","16,350","14,200","61,650","61,650","61,650","84,600","77,500","91,650","38,600","38,600","129,150","135,850","122,500","15,000","15,350","14,650","14,950","14,850","15,000","15,000","24,150","24,150"
2021-01-18,"34,150","34,150","35,850","35,850","13,450","12,150","11,300","13,950","12,750","16,350","14,200","59,600","58,350","60,850","81,650","80,000","83,350","38,600","38,600","129,150","135,850","122,500","15,000","15,350","14,650","14,950","14,850","15,000","15,000","24,000","24,000"
2021-01-19,"34,150","34,150","35,850","35,850","13,450","12,150","11,300","13,950","12,750","16,350","14,200","59,600","58,350","60,850","82,500","80,000","85,000","38,500","38,500","129,150","135,850","122,500","14,900","15,350","14,500","14,950","14,850","15,000","15,000","23,500","23,500"
2021-01-20,"34,150","34,150","35,850","35,850","13,450","12,150","11,300","13,950","12,750","16,350","14,200","59,600","58,350","60,850","85,000","80,000","90,000","38,350","38,350","129,150","135,850","122,500","14,900","15,350","14,500","14,950","14,850","15,000","15,000","23,500","23,500"
2021-01-21,"34,150","34,150","35,850","35,850","13,450","12,150","11,300","13,950","12,750","16,350","14,200","59,600","58,350","60,850","85,000","80,000","90,000","38,350","38,350","129,150","135,850","122,500","14,900","15,350","14,500","14,950","14,850","15,000","15,000","23,350","23,350"
2021-01-22,"34,150","34,150","36,150","36,150","13,450","12,150","11,300","13,950","12,750","16,350","14,200","56,250","56,650","55,850","81,250","75,850","86,650","38,350","38,350","129,150","135,850","122,500","14,900","15,350","14,500","14,950","14,850","15,000","15,000","23,000","23,000"
2021-01-25,"35,000","35,000","36,150","36,150","13,450","12,150","11,300","13,950","12,750","16,350","14,200","55,850","56,650","55,000","81,250","80,000","82,500","37,850","37,850","133,350","139,150","127,500","14,750","15,150","14,350","14,950","14,850","15,000","15,000","22,850","22,850"
2021-01-26,"35,000","35,000","36,150","36,150","13,450","12,150","11,300","13,950","12,750","16,350","14,200","55,850","56,650","55,000","82,500","82,500","82,500","37,500","37,500","133,350","139,150","127,500","14,750","15,150","14,350","14,950","14,850","15,000","15,000","22,850","22,850"
2021-01-27,"35,000","35,000","36,150","36,150","13,450","12,150","11,300","13,950","12,750","16,350","14,200","55,850","56,650","55,000","85,000","85,850","84,150","37,150","37,150","133,350","139,150","127,500","14,750","15,150","14,350","14,950","14,850","15,000","15,000","22,850","22,850"
2021-01-28,"35,000","35,000","36,150","36,150","13,450","12,150","11,300","13,950","12,750","16,350","14,200","56,650","56,650","56,650","86,250","85,850","86,650","37,150","37,150","133,350","139,150","127,500","14,750","15,150","14,350","14,950","14,850","15,000","15,000","22,850","22,850"
2021-01-29,"35,000","35,000","36,150","36,150","13,450","12,150","11,300","13,950","12,750","16,350","14,200","56,650","56,650","56,650","87,100","85,850","88,350","36,350","36,350","130,850","136,650","125,000","14,750","15,150","14,350","14,950","14,850","15,000","15,000","22,850","22,850"
2021-02-01,"35,850","35,850","36,150","36,150","13,450","12,150","11,300","13,950","12,750","16,350","14,200","67,100","64,150","70,000","88,750","84,150","93,350","35,000","35,000","130,850","136,650","125,000","14,750","15,150","14,350","14,950","14,850","15,000","15,000","22,150","22,150"
2021-02-02,"35,850","35,850","36,150","36,150","13,450","12,150","11,300","13,950","12,750","16,350","14,200","67,100","64,150","70,000","90,400","84,150","96,650","35,000","35,000","130,850","136,650","125,000","14,750","15,150","14,350","14,950","14,850","15,000","15,000","22,150","22,150"
2021-02-03,"35,850","35,850","36,150","36,150","13,450","12,150","11,300","13,950","12,750","16,350","14,200","67,100","64,150","70,000","91,250","84,150","98,350","34,850","34,850","130,850","136,650","125,000","14,750","15,150","14,350","14,950","14,850","15,000","15,000","22,000","22,000"
2021-02-04,"35,850","35,850","36,150","36,150","13,450","12,150","11,300","13,950","12,750","16,350","14,200","67,900","65,850","70,000","90,400","84,150","96,650","35,000","35,000","130,850","136,650","125,000","14,750","15,150","14,350","14,950","14,850","15,000","15,000","22,500","22,500"
2021-02-05,"37,000","37,000","35,350","35,350","13,450","12,150","11,300","13,950","12,750","16,350","14,200","69,600","65,850","73,350","87,900","84,150","91,650","35,250","35,250","130,850","136,650","125,000","14,750","15,150","14,350","14,950","14,850","15,000","15,000","23,650","23,650"
2021-02-08,"39,150","39,150","35,350","35,350","13,450","12,150","11,300","13,950","12,750","16,350","14,200","72,100","67,500","76,650","86,250","83,350","89,150","35,850","35,850","129,150","135,000","123,350","14,750","15,150","14,350","14,950","14,850","15,000","15,000","24,150","24,150"
2021-02-09,"39,150","39,150","35,350","35,350","13,450","12,150","11,300","13,950","12,750","16,350","14,200","71,250","67,500","75,000","85,400","83,350","87,500","35,850","35,850","128,750","135,000","122,500","14,750","15,150","14,350","14,950","14,850","15,000","15,000","24,500","24,500"
2021-02-10,"40,850","40,850","35,350","35,350","13,450","12,150","11,300","13,950","12,750","16,350","14,200","71,250","67,500","75,000","85,400","83,350","87,500","36,250","36,250","128,750","135,000","122,500","14,750","15,150","14,350","14,950","14,850","15,000","15,000","24,500","24,500"
2021-02-11,"40,850","40,850","37,150","37,150","13,450","12,150","11,300","13,950","12,750","16,350","14,200","71,250","67,500","75,000","85,400","83,350","87,500","36,350","36,350","128,750","135,000","122,500","14,750","15,150","14,350","14,900","14,650","15,000","15,000","24,650","24,650"
2021-02-12,-,-,-,-,-,-,-,-,-,-,-,-,-,-,-,-,-,-,-,-,-,-,-,-,-,-,-,-,-,-,-
2021-02-15,"41,650","41,650","35,850","35,850","13,450","12,150","11,300","13,950","12,750","16,350","14,200","65,400","61,650","69,150","90,000","81,650","98,350","36,000","36,000","128,750","135,000","122,500","14,750","15,150","14,350","14,900","14,650","15,000","15,000","25,000","25,000"
2021-02-16,"41,650","41,650","35,350","35,350","13,450","12,150","11,300","13,950","12,750","16,350","14,200","65,400","61,650","69,150","90,000","81,650","98,350","36,000","36,000","128,750","135,000","122,500","14,750","15,150","14,350","14,900","14,650","15,000","15,000","25,150","25,150"
2021-02-17,"41,650","41,650","35,350","35,350","13,450","12,150","11,300","13,950","12,750","16,350","14,200","64,600","61,650","67,500","88,350","80,000","96,650","36,000","36,000","128,750","135,000","122,500","14,750","15,150","14,350","14,950","14,850","15,000","15,000","25,350","25,350"
2021-02-18,"41,650","41,650","35,350","35,350","13,450","12,150","11,300","13,950","12,750","16,350","14,200","63,750","60,850","66,650","95,850","80,000","111,650","35,650","35,650","128,750","135,000","122,500","14,750","15,150","14,350","14,950","14,850","15,000","15,000","25,350","25,350"
2021-02-19,"41,650","41,650","35,350","35,350","13,450","12,150","11,300","13,950","12,750","16,350","14,200","62,500","60,000","65,000","95,850","80,000","111,650","35,650","35,650","128,750","135,000","122,500","14,750","15,150","14,350","14,950","14,850","15,000","15,000","25,350","25,350"
2021-02-22,"42,150","42,150","35,850","35,850","13,450","12,150","11,300","13,950","12,750","16,350","14,200","62,100","59,150","65,000","97,500","76,650","118,350","34,900","34,900","128,750","135,000","122,500","14,750","15,150","14,350","14,950","14,850","15,000","15,000","24,650","24,650"
2021-02-23,"42,150","42,150","35,850","35,850","13,450","12,150","11,300","13,950","12,750","16,250","14,200","61,250","57,500","65,000","96,650","76,650","116,650","34,900","34,900","128,750","135,000","122,500","14,750","15,150","14,350","14,950","14,850","15,000","15,000","24,650","24,650"
2021-02-24,"42,150","42,150","35,850","35,850","13,450","12,150","11,300","13,950","12,750","16,250","14,200","61,650","58,350","65,000","97,500","78,350","116,650","34,900","34,900","128,750","135,000","122,500","14,750","15,150","14,350","14,950","14,850","15,000","15,000","24,650","24,650"
2021-02-25,"42,150","42,150","35,850","35,850","13,450","12,150","11,300","13,950","12,750","16,250","14,200","60,400","55,850","65,000","99,150","78,350","120,000","35,000","35,000","128,750","135,000","122,500","14,750","15,150","14,350","14,950","14,850","15,000","15,000","24,650","24,650"
2021-02-26,"42,150","42,150","35,850","35,850","13,450","12,150","11,300","13,950","12,750","16,250","14,200","60,400","55,850","65,000","99,150","78,350","120,000","35,600","35,600","128,750","135,000","122,500","14,750","15,150","14,350","14,950","14,850","15,000","15,000","24,500","24,500"
2021-03-01,"45,000","45,000","36,650","36,650","13,450","12,150","11,300","13,950","12,750","16,250","14,200","62,500","56,650","68,350","102,500","76,650","128,350","36,400","36,400","128,750","135,000","122,500","14,750","15,150","14,350","14,950","14,850","15,000","15,000","24,350","24,350"
2021-03-02,"45,000","45,000","36,650","36,650","13,450","12,150","11,250","13,950","12,750","16,250","14,200","62,900","56,650","69,150","108,350","76,650","140,000","37,150","37,150","128,750","135,000","122,500","14,750","15,150","14,350","14,950","14,850","15,000","15,000","24,350","24,350"
2021-03-03,"45,000","45,000","36,650","36,650","13,450","12,150","11,250","13,950","12,750","16,250","14,200","62,100","56,650","67,500","109,150","75,000","143,350","37,150","37,150","128,750","135,000","122,500","14,750","15,150","14,350","14,950","14,850","15,000","15,000","24,500","24,500"
2021-03-04,"45,000","45,000","36,650","36,650","13,450","12,150","11,250","13,950","12,750","16,250","14,200","60,400","56,650","64,150","103,350","75,000","131,650","37,150","37,150","128,750","135,000","122,500","14,750","15,150","14,350","14,950","14,850","15,000","15,000","24,350","24,350"
2021-03-05,"44,150","44,150","36,650","36,650","13,450","12,150","11,250","13,950","12,750","16,250","14,200","60,400","56,650","64,150","101,650","75,000","128,350","37,600","37,600","128,750","135,000","122,500","14,750","15,150","14,350","14,950","14,850","15,000","15,000","24,350","24,350"
2021-03-08,"43,850","43,850","35,850","35,850","13,450","12,150","11,250","13,950","12,750","16,250","14,200","60,000","58,350","61,650","101,650","73,350","130,000","37,500","37,500","128,750","135,000","122,500","14,750","15,150","14,350","15,000","15,000","15,000","15,000","24,350","24,350"
2021-03-09,"43,850","43,850","35,850","35,850","13,450","12,150","11,250","13,950","12,750","16,250","14,200","60,000","58,350","61,650","101,650","73,350","130,000","37,500","37,500","128,750","135,000","122,500","14,750","15,150","14,350","15,000","15,000","15,000","15,000","24,350","24,350"
2021-03-10,"43,850","43,850","35,850","35,850","13,450","12,150","11,250","13,950","12,750","16,250","14,200","60,000","58,350","61,650","100,850","71,650","130,000","37,500","37,500","128,750","135,000","122,500","14,750","15,150","14,350","15,000","15,000","15,000","15,000","24,500","24,500"
2021-03-11,-,-,-,-,-,-,-,-,-,-,-,-,-,-,-,-,-,-,-,-,-,-,-,-,-,-,-,-,-,-,-
2021-03-12,"43,850","43,850","35,850","35,850","13,400","12,150","11,250","13,950","12,750","16,100","14,200","58,750","58,350","59,150","97,500","66,650","128,350","37,150","37,150","128,750","135,000","122,500","14,750","15,150","14,350","15,000","15,000","15,000","15,000","24,350","24,350"
2021-03-15,"42,150","42,150","35,850","35,850","13,400","12,150","11,250","13,950","12,750","16,100","14,200","59,600","57,500","61,650","98,750","64,150","133,350","37,650","37,650","126,650","133,350","120,000","14,750","15,150","14,350","15,000","15,000","15,000","15,000","24,000","24,000"
2021-03-16,"41,650","41,650","35,850","35,850","13,400","12,150","11,250","13,950","12,750","16,100","14,200","57,900","55,850","60,000","98,750","64,150","133,350","37,650","37,650","126,650","133,350","120,000","14,750","15,150","14,350","15,000","15,000","15,000","15,000","23,650","23,650"
2021-03-17,"41,650","41,650","35,850","35,850","13,400","12,150","11,250","13,950","12,750","16,100","14,200","57,900","55,850","60,000","98,350","63,350","133,350","37,850","37,850","126,650","133,350","120,000","14,750","15,150","14,350","15,400","15,150","15,500","15,500","23,500","23,500"
2021-03-18,"41,650","41,650","35,850","35,850","13,400","12,150","11,250","13,950","12,750","16,100","14,200","57,900","55,850","60,000","98,350","63,350","133,350","37,850","37,850","126,650","133,350","120,000","14,750","15,150","14,350","15,400","15,150","15,500","15,500","23,350","23,350"
2021-03-19,"41,650","41,650","35,850","35,850","13,400","12,100","11,250","13,950","12,750","16,100","14,200","57,900","55,850","60,000","99,150","63,350","135,000","37,650","37,650","126,650","133,350","120,000","14,750","15,150","14,350","15,400","15,150","15,500","15,500","23,150","23,150"
2021-03-22,"40,850","40,850","35,850","35,850","13,400","12,100","11,250","13,950","12,750","16,100","14,200","56,650","53,350","60,000","93,350","61,650","125,000","36,850","36,850","126,650","133,350","120,000","14,750","15,150","14,350","15,400","15,150","15,500","15,500","23,000","23,000"
2021-03-23,"40,000","40,000","35,850","35,850","13,400","12,100","11,250","13,950","12,750","16,100","14,200","56,650","53,350","60,000","93,350","61,650","125,000","36,900","36,900","126,650","133,350","120,000","14,750","15,150","14,350","15,400","15,150","15,500","15,500","23,000","23,000"
2021-03-24,"39,150","39,150","35,850","35,850","13,400","12,100","11,250","13,950","12,750","16,100","14,200","56,650","53,350","60,000","93,350","61,650","125,000","36,900","36,900","126,650","133,350","120,000","14,750","15,150","14,350","15,400","15,150","15,500","15,500","23,000","23,000"
2021-03-25,"39,150","39,150","35,850","35,850","13,400","12,100","11,250","13,950","12,750","16,100","14,200","56,650","53,350","60,000","93,350","61,650","125,000","37,400","37,400","126,650","133,350","120,000","14,750","15,150","14,350","15,400","15,150","15,500","15,500","23,000","23,000"
2021-03-26,"39,150","39,150","35,850","35,850","13,400","12,100","11,250","13,950","12,750","16,100","14,200","59,600","57,500","61,650","94,150","63,350","125,000","37,400","37,400","126,650","133,350","120,000","14,750","15,150","14,350","15,400","15,150","15,500","15,500","22,850","22,850"
2021-03-29,"38,350","38,350","35,850","35,850","13,400","12,100","11,250","13,950","12,750","16,100","14,200","57,500","55,850","59,150","90,850","63,350","118,350","37,500","37,500","126,650","133,350","120,000","14,750","15,150","14,350","15,400","15,150","15,500","15,500","22,150","22,150"
2021-03-30,"38,350","38,350","35,850","35,850","13,400","12,100","11,250","13,950","12,750","16,100","14,200","57,500","55,850","59,150","88,350","63,350","113,350","38,100","38,100","126,650","133,350","120,000","14,750","15,150","14,350","15,400","15,150","15,500","15,500","22,000","22,000"
2021-03-31,"38,350","38,350","35,850","35,850","13,350","12,100","11,200","13,900","12,750","16,050","14,150","57,500","56,650","58,350","84,150","65,000","103,350","38,100","38,100","126,650","133,350","120,000","14,600","15,000","14,150","15,550","15,350","15,850","15,500","21,650","21,650"
2021-04-01,"38,350","38,350","35,850","35,850","13,350","12,100","11,200","13,900","12,750","16,050","14,150","58,350","58,350","58,350","84,150","65,000","103,350","38,500","38,500","126,650","133,350","120,000","14,600","15,000","14,150","15,550","15,350","15,850","15,500","21,650","21,650"
2021-04-02,-,-,-,-,-,-,-,-,-,-,-,-,-,-,-,-,-,-,-,-,-,-,-,-,-,-,-,-,-,-,-
2021-04-05,"36,650","36,650","35,000","35,000","13,350","12,100","11,200","13,900","12,750","16,050","14,150","59,150","61,650","56,650","77,500","60,000","95,000","39,250","39,250","126,650","133,350","120,000","14,600","15,000","14,150","15,550","15,350","15,850","15,500","22,400","22,400"
2021-04-06,"36,650","36,650","35,000","35,000","13,350","12,100","11,200","13,900","12,750","16,050","14,150","59,150","61,650","56,650","76,650","60,000","93,350","39,250","39,250","126,650","133,350","120,000","14,600","15,000","14,150","15,550","15,350","15,850","15,500","22,400","22,400"
2021-04-07,"36,650","36,650","35,850","35,850","13,350","12,100","11,200","13,900","12,750","16,050","14,150","59,150","63,350","55,000","73,350","60,000","86,650","40,600","40,600","126,650","133,350","120,000","14,600","15,000","14,150","15,550","15,350","15,850","15,500","23,500","23,500"
2021-04-08,"36,650","36,650","35,850","35,850","13,350","12,100","11,200","13,900","12,750","16,050","14,150","61,650","65,000","58,350","72,500","60,000","85,000","40,850","40,850","126,650","133,350","120,000","14,600","15,000","14,150","15,550","15,350","15,850","15,500","24,000","24,000"
2021-04-09,"36,650","36,650","35,850","35,850","13,350","12,100","11,200","13,900","12,750","16,050","14,150","60,850","63,350","58,350","72,500","60,000","85,000","41,250","41,250","126,650","133,350","120,000","14,600","15,000","14,150","15,550","15,350","15,850","15,500","24,000","24,000"
2021-04-12,"40,000","40,000","37,500","37,500","13,350","12,100","11,200","13,900","12,750","16,050","14,150","59,150","65,000","53,350","66,650","53,350","80,000","42,100","42,100","134,150","140,850","127,500","14,600","15,000","14,150","15,550","15,350","15,850","15,500","24,850","24,850"
2021-04-13,"39,150","39,150","37,500","37,500","13,350","12,100","11,200","13,900","12,750","16,050","14,150","59,150","65,000","53,350","65,850","53,350","78,350","42,100","42,100","134,150","140,850","127,500","14,600","15,000","14,150","15,550","15,350","15,850","15,500","25,650","25,650"
2021-04-14,"40,000","40,000","37,500","37,500","13,450","12,100","11,200","14,050","12,850","16,200","14,150","59,150","65,000","53,350","65,850","53,350","78,350","42,100","42,100","137,100","143,350","130,850","14,400","14,850","14,000","15,250","15,100","15,500","15,150","25,650","25,650"
2021-04-15,"40,000","40,000","37,500","37,500","13,450","12,100","11,200","14,050","12,850","16,200","14,150","65,000","70,000","60,000","68,350","55,000","81,650","42,000","42,000","137,100","143,350","130,850","14,400","14,850","14,000","15,250","15,100","15,500","15,150","25,650","25,650"
2021-04-16,"40,000","40,000","37,500","37,500","13,450","12,100","11,200","14,050","12,850","16,200","14,150","66,650","71,650","61,650","68,350","55,000","81,650","41,650","41,650","137,100","143,350","130,850","14,400","14,850","14,000","15,250","15,100","15,500","15,150","25,650","25,650"
2021-04-19,"40,000","40,000","38,350","38,350","13,450","12,100","11,200","14,050","12,850","16,200","14,150","60,850","66,650","55,000","61,650","53,350","70,000","41,500","41,500","137,100","143,350","130,850","14,400","14,850","14,000","15,250","15,100","15,500","15,150","25,500","25,500"
2021-04-20,"39,150","39,150","37,500","37,500","13,450","12,100","11,200","14,050","12,850","16,200","14,150","60,850","66,650","55,000","60,850","53,350","68,350","40,350","40,350","137,100","143,350","130,850","14,400","14,850","14,000","15,250","15,100","15,500","15,150","25,500","25,500"
2021-04-21,"39,150","39,150","37,500","37,500","13,450","12,100","11,200","14,050","12,850","16,200","14,150","60,850","66,650","55,000","60,850","53,350","68,350","39,600","39,600","136,650","143,350","130,000","14,400","14,850","14,000","15,400","15,150","15,650","15,350","25,500","25,500"
2021-04-22,"37,500","37,500","37,500","37,500","13,450","12,100","11,200","14,050","12,850","16,200","14,150","58,350","63,350","53,350","57,500","50,000","65,000","38,900","38,900","136,650","143,350","130,000","14,400","14,850","14,000","15,400","15,150","15,650","15,350","25,350","25,350"
2021-04-23,"37,500","37,500","37,500","37,500","13,450","12,100","11,200","14,050","12,850","16,200","14,150","58,350","63,350","53,350","57,500","50,000","65,000","38,750","38,750","136,650","143,350","130,000","14,400","14,850","14,000","15,400","15,150","15,650","15,350","25,000","25,000"
2021-04-26,"36,350","36,350","37,500","37,500","13,450","12,100","11,200","14,050","12,850","16,200","14,150","52,100","60,000","44,150","53,350","45,000","61,650","37,600","37,600","136,650","143,350","130,000","14,400","14,850","14,000","15,400","15,150","15,650","15,350","24,150","24,150"
2021-04-27,"36,350","36,350","37,500","37,500","13,450","12,100","11,200","14,050","12,850","16,200","14,150","52,100","60,000","44,150","53,350","45,000","61,650","37,500","37,500","136,650","143,350","130,000","14,400","14,850","14,000","15,400","15,150","15,650","15,350","24,150","24,150"
2021-04-28,"36,350","36,350","37,500","37,500","13,450","12,100","11,200","14,050","12,850","16,200","14,150","50,850","58,350","43,350","55,000","45,000","65,000","37,400","37,400","136,650","143,350","130,000","14,400","14,850","14,000","15,400","15,150","15,650","15,350","24,150","24,150"
2021-04-29,"36,350","36,350","37,500","37,500","13,400","12,050","11,150","14,000","12,800","16,200","14,150","50,850","59,450","42,200","55,000","45,000","65,000","37,850","37,850","136,650","143,350","130,000","14,400","14,850","14,000","15,400","15,150","15,650","15,350","24,150","24,150"
2021-04-30,"36,350","36,350","35,850","35,850","13,400","12,050","11,150","14,000","12,800","16,200","14,150","50,850","60,000","41,650","54,150","45,000","63,350","39,100","39,100","136,650","143,350","130,000","14,400","14,850","14,000","15,400","15,150","15,650","15,350","23,850","23,850"
2021-05-03,"37,150","37,150","35,850","35,850","13,400","12,050","11,150","14,000","12,800","16,200","14,150","55,000","63,350","46,650","55,000","45,000","65,000","39,650","39,650","140,000","146,650","133,350","14,400","14,850","14,000","15,400","15,150","15,650","15,350","23,850","23,850"
2021-05-04,"36,350","36,350","35,850","35,850","13,400","12,050","11,150","14,000","12,800","16,200","14,150","55,000","63,350","46,650","60,850","45,000","76,650","39,650","39,650","141,650","148,350","135,000","14,400","14,850","14,000","15,400","15,150","15,650","15,350","23,850","23,850"
2021-05-05,"36,350","36,350","35,850","35,850","13,400","12,050","11,150","14,000","12,800","16,200","14,150","55,000","63,350","46,650","60,850","45,000","76,650","39,750","39,750","141,650","148,350","135,000","14,400","14,850","14,000","15,400","15,150","15,650","15,350","23,850","23,850"
2021-05-06,"36,350","36,350","35,850","35,850","13,400","12,050","11,150","14,000","12,800","16,200","14,150","55,000","63,350","46,650","60,000","45,000","75,000","40,250","40,250","146,650","153,350","140,000","14,400","14,850","14,000","15,400","15,150","15,650","15,350","23,500","23,500"
2021-05-07,"36,350","36,350","35,850","35,850","13,400","12,050","11,150","14,000","12,800","16,200","14,150","55,850","63,350","48,350","60,000","45,000","75,000","40,250","40,250","146,650","153,350","140,000","14,400","14,850","14,000","15,400","15,150","15,650","15,350","23,500","23,500"
2021-05-10,"40,850","40,850","36,650","36,650","13,400","12,050","11,150","14,000","12,800","16,200","14,150","65,000","73,350","56,650","62,500","45,000","80,000","40,600","40,600","150,000","155,000","145,000","14,400","14,850","14,000","15,450","15,350","15,650","15,350","23,350","23,350"
2021-05-11,"41,650","41,650","38,350","38,350","13,400","12,050","11,150","14,000","12,800","16,200","14,150","68,750","80,000","57,500","63,750","47,500","80,000","40,900","40,900","153,350","158,350","148,350","14,400","14,850","14,000","15,600","15,850","15,650","15,350","23,350","23,350"
2021-05-12,-,-,-,-,-,-,-,-,-,-,-,-,-,-,-,-,-,-,-,-,-,-,-,-,-,-,-,-,-,-,-
2021-05-13,-,-,-,-,-,-,-,-,-,-,-,-,-,-,-,-,-,-,-,-,-,-,-,-,-,-,-,-,-,-,-
2021-05-14,-,-,-,-,-,-,-,-,-,-,-,-,-,-,-,-,-,-,-,-,-,-,-,-,-,-,-,-,-,-,-
2021-05-17,"37,500","37,500","35,850","35,850","13,400","12,050","11,150","14,000","12,800","16,200","14,150","50,850","61,650","40,000","49,600","36,650","62,500","40,650","40,650","150,000","155,000","145,000","14,400","14,850","14,000","15,600","15,850","15,650","15,350","23,850","23,850"
2021-05-18,"37,500","37,500","35,850","35,850","13,400","12,050","11,150","14,000","12,800","16,200","14,150","50,850","60,000","41,650","49,600","36,650","62,500","40,500","40,500","148,350","153,350","143,350","14,400","14,850","14,000","15,600","15,850","15,650","15,350","23,900","23,900"
2021-05-19,"37,500","37,500","35,850","35,850","13,400","12,050","11,150","14,000","12,800","16,200","14,150","50,850","60,000","41,650","49,600","36,650","62,500","40,000","40,000","148,350","153,350","143,350","14,400","14,850","14,000","15,600","15,850","15,650","15,350","24,100","24,100"
2021-05-20,"37,500","37,500","35,850","35,850","13,400","12,050","11,150","14,000","12,800","16,200","14,150","50,000","60,000","40,000","49,600","36,650","62,500","39,000","39,000","148,350","153,350","143,350","14,400","14,850","14,000","15,900","16,000","16,000","15,650","24,250","24,250"
2021-05-21,"37,500","37,500","35,850","35,850","13,400","12,050","11,150","14,000","12,800","16,200","14,150","50,000","60,000","40,000","49,600","36,650","62,500","38,850","38,850","148,350","153,350","143,350","14,400","14,850","14,000","16,050","16,150","16,000","16,000","24,250","24,250"
2021-05-24,"35,000","35,000","35,850","35,850","13,400","12,050","11,150","14,000","12,800","16,200","14,150","41,250","48,350","34,150","42,500","31,650","53,350","38,150","38,150","148,350","153,350","143,350","14,400","14,850","14,000","16,050","16,150","16,000","16,000","24,350","24,350"
2021-05-25,"34,150","34,150","35,850","35,850","13,400","12,050","11,150","14,000","12,800","16,200","14,150","41,250","48,350","34,150","41,650","31,650","51,650","38,350","38,350","148,350","153,350","143,350","14,400","14,850","14,000","16,050","16,150","16,000","16,000","24,350","24,350"
2021-05-26,-,-,-,-,-,-,-,-,-,-,-,-,-,-,-,-,-,-,-,-,-,-,-,-,-,-,-,-,-,-,-
2021-05-27,"34,150","34,150","35,850","35,850","13,400","12,050","11,150","14,000","12,800","16,200","14,150","37,900","43,350","32,500","40,400","30,000","50,850","38,150","38,150","148,350","153,350","143,350","14,400","14,850","14,000","16,050","16,150","16,000","16,000","24,350","24,350"
2021-05-28,"34,150","34,150","35,850","35,850","13,400","12,050","11,150","14,000","12,800","16,200","14,150","37,900","41,650","34,150","39,150","29,150","49,150","38,150","38,150","148,350","153,350","143,350","14,400","14,850","14,000","16,050","16,150","16,000","16,000","24,350","24,350"
2021-05-31,"35,000","35,000","35,000","35,000","13,400","12,050","11,150","14,000","12,800","16,200","14,150","35,400","38,350","32,500","38,750","30,000","47,500","37,350","37,350","148,350","153,350","143,350","14,400","14,850","14,000","16,050","16,150","16,000","16,000","25,350","25,350"
2021-06-01,-,-,-,-,-,-,-,-,-,-,-,-,-,-,-,-,-,-,-,-,-,-,-,-,-,-,-,-,-,-,-
2021-06-02,"35,000","35,000","34,500","34,500","13,400","12,050","11,150","14,000","12,800","16,200","14,150","35,400","38,350","32,500","39,150","30,850","47,500","37,350","37,350","148,350","153,350","143,350","14,400","14,850","14,000","16,050","16,150","16,000","16,000","25,350","25,350"
2021-06-03,"35,000","35,000","34,500","34,500","13,400","12,050","11,150","14,000","12,800","16,200","14,150","35,400","38,350","32,500","39,600","31,650","47,500","36,900","36,900","148,350","153,350","143,350","14,400","14,850","14,000","16,000","16,000","16,000","16,000","25,350","25,350"
2021-06-04,"35,000","35,000","34,500","34,500","13,400","12,050","11,150","14,000","12,800","16,200","14,150","35,400","38,350","32,500","40,000","32,500","47,500","36,900","36,900","148,350","153,350","143,350","14,400","14,850","14,000","16,000","16,000","16,000","16,000","25,350","25,350"
2021-06-07,"35,000","35,000","34,500","34,500","13,400","12,050","11,150","14,000","12,800","16,200","14,150","34,600","38,350","30,850","38,350","30,850","45,850","36,900","36,900","145,000","150,000","140,000","14,500","14,850","14,150","16,000","16,000","16,000","16,000","25,600","25,600"
2021-06-08,"35,000","35,000","34,500","34,500","13,400","12,050","11,150","14,000","12,800","16,200","14,150","34,600","38,350","30,850","37,900","31,650","44,150","37,000","37,000","140,000","145,000","135,000","14,500","14,850","14,150","16,000","16,000","16,000","16,000","25,400","25,400"
2021-06-09,"35,000","35,000","34,500","34,500","13,400","12,050","11,150","14,000","12,800","16,200","14,150","34,600","38,350","30,850","37,900","31,650","44,150","37,150","37,150","138,350","143,350","133,350","14,500","14,850","14,150","16,000","16,000","16,000","16,000","25,400","25,400"
2021-06-10,"35,000","35,000","34,500","34,500","13,400","12,050","11,150","14,000","12,800","16,200","14,150","34,600","38,350","30,850","37,900","31,650","44,150","37,650","37,650","138,350","143,350","133,350","14,500","14,850","14,150","16,000","16,000","16,000","16,000","25,400","25,400"
2021-06-11,"35,000","35,000","34,500","34,500","13,400","12,050","11,150","14,000","12,800","16,200","14,150","34,600","38,350","30,850","37,900","31,650","44,150","38,150","38,150","138,350","143,350","133,350","14,500","14,850","14,150","16,000","16,000","16,000","16,000","25,150","25,150"
2021-06-14,"35,000","35,000","34,500","34,500","13,400","12,050","11,150","14,000","12,800","16,200","14,150","34,600","38,350","30,850","37,900","32,500","43,350","38,000","38,000","138,350","143,350","133,350","14,500","14,850","14,150","16,000","16,000","16,000","16,000","25,150","25,150"
2021-06-15,"35,850","35,850","34,500","34,500","13,400","12,050","11,150","14,000","12,800","16,200","14,150","34,800","38,750","30,850","36,650","32,500","40,850","38,000","38,000","138,350","143,350","133,350","14,500","14,850","14,150","16,000","16,000","16,000","16,000","25,350","25,350"
2021-06-16,"35,850","35,850","34,500","34,500","13,400","12,050","11,150","14,000","12,800","16,200","14,150","32,450","37,400","27,500","36,250","32,500","40,000","37,900","37,900","138,350","143,350","133,350","14,500","14,850","14,150","16,000","16,000","16,000","16,000","25,350","25,350"
2021-06-17,"35,850","35,850","34,500","34,500","13,400","12,050","11,150","14,000","12,800","16,200","14,150","31,650","35,750","27,500","36,650","32,500","40,850","37,500","37,500","138,350","143,350","133,350","14,500","14,850","14,150","16,000","16,000","16,000","16,000","25,350","25,350"
2021-06-18,"35,850","35,850","34,500","34,500","13,400","12,050","11,150","14,000","12,800","16,200","14,150","31,650","35,750","27,500","40,400","33,350","47,500","37,350","37,350","138,350","143,350","133,350","14,500","14,850","14,150","16,000","16,000","16,000","16,000","25,350","25,350"
2021-06-21,"35,000","35,000","34,500","34,500","13,400","12,050","11,150","13,950","12,800","16,200","14,150","33,100","38,650","27,500","44,150","37,500","50,850","37,100","37,100","138,350","143,350","133,350","14,500","14,850","14,150","16,000","16,000","16,000","16,000","25,150","25,150"
2021-06-22,"35,000","35,000","34,500","34,500","13,400","12,050","11,150","13,950","12,800","16,200","14,150","33,100","38,650","27,500","45,000","38,350","51,650","37,100","37,100","138,350","143,350","133,350","14,500","14,850","14,150","16,000","16,000","16,000","16,000","25,150","25,150"
2021-06-23,"35,000","35,000","34,500","34,500","13,400","12,050","11,150","13,950","12,800","16,200","14,150","33,100","38,650","27,500","45,400","39,150","51,650","36,850","36,850","138,350","143,350","133,350","14,500","14,850","14,150","16,000","16,000","16,000","16,000","25,150","25,150"
2021-06-24,"35,850","35,850","34,500","34,500","13,400","12,050","11,150","13,950","12,800","16,200","14,150","33,500","37,000","30,000","48,750","40,000","57,500","36,100","36,100","138,350","143,350","133,350","14,500","14,850","14,150","16,000","16,000","16,000","16,000","24,650","24,650"
2021-06-25,"35,850","35,850","34,500","34,500","13,400","12,050","11,150","13,950","12,800","16,200","14,150","33,500","37,000","30,000","49,600","40,000","59,150","36,100","36,100","138,350","143,350","133,350","14,500","14,850","14,150","16,000","16,000","16,000","16,000","24,650","24,650"
2021-06-28,"35,850","35,850","34,500","34,500","13,400","12,050","11,150","13,950","12,800","16,200","14,150","32,650","35,350","30,000","50,000","40,000","60,000","35,100","35,100","138,350","143,350","133,350","14,500","14,850","14,150","15,950","15,850","16,000","16,000","24,350","24,350"
2021-06-29,"35,850","35,850","34,500","34,500","13,350","12,000","11,100","13,850","12,750","16,200","14,150","33,350","36,650","30,000","50,000","40,000","60,000","34,900","34,900","138,350","143,350","133,350","14,500","14,850","14,150","15,850","15,500","16,000","16,000","24,150","24,150"
2021-06-30,"35,850","35,850","34,500","34,500","13,350","12,000","11,100","13,850","12,750","16,200","14,150","33,750","36,650","30,850","50,000","40,000","60,000","34,900","34,900","138,350","143,350","133,350","14,500","14,850","14,150","15,850","15,500","16,000","16,000","24,150","24,150"
2021-07-01,"35,850","35,850","34,500","34,500","13,350","12,000","11,100","13,850","12,750","16,200","14,150","33,750","36,650","30,850","50,000","40,000","60,000","34,900","34,900","138,350","143,350","133,350","14,500","14,850","14,150","15,850","15,500","16,000","16,000","24,150","24,150"
2021-07-02,"35,850","35,850","34,500","34,500","13,350","12,000","11,100","13,850","12,750","16,200","14,150","32,900","35,000","30,850","50,000","40,000","60,000","34,400","34,400","138,350","143,350","133,350","14,500","14,850","14,150","15,850","15,500","16,000","16,000","24,150","24,150"
2021-07-05,"36,350","36,350","34,500","34,500","13,350","12,000","11,100","13,850","12,750","16,200","14,150","32,500","34,150","30,850","50,400","39,150","61,650","34,750","34,750","138,350","143,350","133,350","14,500","14,850","14,150","15,850","15,500","16,000","16,000","23,850","23,850"
2021-07-06,"36,350","36,350","34,500","34,500","13,350","12,000","11,100","13,850","12,750","16,200","14,150","32,500","34,150","30,850","57,500","39,150","75,850","34,750","34,750","138,350","143,350","133,350","14,500","14,850","14,150","15,850","15,500","16,000","16,000","23,650","23,650"
2021-07-07,"37,150","37,150","34,500","34,500","13,350","12,000","11,100","13,850","12,750","16,200","14,150","32,100","33,350","30,850","58,350","39,150","77,500","34,500","34,500","138,350","143,350","133,350","14,500","14,850","14,150","15,850","15,500","16,000","16,000","23,650","23,650"
2021-07-08,"37,150","37,150","34,500","34,500","13,350","12,000","11,100","13,850","12,750","16,200","14,150","32,100","33,350","30,850","58,350","39,150","77,500","34,500","34,500","138,350","143,350","133,350","14,500","14,850","14,150","15,850","15,500","16,000","16,000","23,500","23,500"
2021-07-09,"37,150","37,150","34,500","34,500","13,350","12,000","11,100","13,850","12,750","16,200","14,150","32,100","33,350","30,850","57,900","39,150","76,650","34,500","34,500","138,350","143,350","133,350","14,500","14,850","14,150","15,800","15,350","16,000","16,000","23,350","23,350"
2021-07-12,"37,500","37,500","34,500","34,500","13,350","12,000","11,100","13,850","12,750","16,200","14,150","32,100","33,350","30,850","57,100","39,150","75,000","34,000","34,000","138,350","143,350","133,350","14,500","14,850","14,150","15,800","15,350","16,000","16,000","23,000","23,000"
2021-07-13,"37,500","37,500","34,500","34,500","13,300","11,950","11,050","13,800","12,700","16,150","14,100","31,650","32,500","30,850","56,250","39,150","73,350","33,750","33,750","138,350","143,350","133,350","14,500","14,850","14,150","15,800","15,350","16,000","16,000","23,350","23,350"
2021-07-14,"36,650","36,650","34,500","34,500","13,300","11,950","11,050","13,800","12,700","16,150","14,100","32,100","32,500","31,650","57,100","39,150","75,000","33,500","33,500","138,350","143,350","133,350","14,500","14,850","14,150","15,800","15,350","16,000","16,000","23,000","23,000"
2021-07-15,"36,650","36,650","34,500","34,500","13,250","11,950","11,050","13,800","12,700","16,000","13,950","32,100","32,500","31,650","56,250","39,150","73,350","33,100","33,100","138,350","143,350","133,350","14,500","14,850","14,150","15,800","15,350","16,000","16,000","23,000","23,000"
2021-07-16,"36,650","36,650","34,500","34,500","13,250","11,950","11,050","13,800","12,700","16,000","13,950","32,100","32,500","31,650","56,250","39,150","73,350","32,900","32,900","138,350","143,350","133,350","14,500","14,850","14,150","15,850","15,500","16,000","16,000","23,150","23,150"
2021-07-19,"40,000","40,000","35,350","35,350","13,250","11,950","11,050","13,800","12,700","16,000","13,950","37,900","38,350","37,500","59,600","40,000","79,150","33,900","33,900","138,350","143,350","133,350","14,500","14,850","14,150","15,850","15,500","16,000","16,000","24,000","24,000"
2021-07-20,-,-,-,-,-,-,-,-,-,-,-,-,-,-,-,-,-,-,-,-,-,-,-,-,-,-,-,-,-,-,-
2021-07-21,"39,150","39,150","35,350","35,350","13,250","11,950","11,050","13,800","12,700","16,000","13,950","37,900","38,350","37,500","59,600","40,000","79,150","33,900","33,900","138,350","143,350","133,350","14,500","14,850","14,150","15,850","15,500","16,000","16,000","24,000","24,000"
2021-07-22,"39,150","39,150","35,350","35,350","13,250","11,950","11,050","13,800","12,700","16,000","13,950","37,500","37,500","37,500","58,750","38,350","79,150","33,600","33,600","138,350","143,350","133,350","14,500","14,850","14,150","15,850","15,500","16,000","16,000","24,000","24,000"
2021-07-23,"39,150","39,150","35,350","35,350","13,250","11,950","11,050","13,800","12,700","16,000","13,950","37,100","36,650","37,500","57,100","37,500","76,650","33,400","33,400","138,350","143,350","133,350","14,500","14,850","14,150","15,850","15,500","16,000","16,000","24,000","24,000"
2021-07-26,"38,350","38,350","34,500","34,500","13,250","11,950","11,050","13,800","12,700","16,000","13,950","34,600","35,850","33,350","49,600","34,150","65,000","32,750","32,750","138,350","143,350","133,350","14,650","15,000","14,350","15,850","15,500","16,000","16,000","24,650","24,650"
2021-07-27,"38,350","38,350","34,500","34,500","13,250","11,950","11,050","13,800","12,700","16,000","13,950","34,150","35,850","32,500","49,150","33,350","65,000","31,600","31,600","138,350","143,350","133,350","14,650","15,000","14,350","15,850","15,500","16,000","16,000","24,850","24,850"
2021-07-28,"38,350","38,350","34,000","34,000","13,250","11,950","11,050","13,800","12,700","16,000","13,950","34,150","35,850","32,500","49,150","33,350","65,000","31,600","31,600","138,350","143,350","133,350","14,650","15,000","14,350","15,950","15,850","16,000","16,000","25,150","25,150"
2021-07-29,"38,350","38,350","34,000","34,000","13,250","11,950","11,050","13,800","12,700","16,000","13,950","34,150","35,850","32,500","46,650","33,350","60,000","31,400","31,400","138,350","143,350","133,350","14,650","15,000","14,350","16,050","16,150","16,000","16,000","25,150","25,150"
2021-07-30,"38,350","38,350","34,000","34,000","13,250","11,950","11,050","13,800","12,700","16,000","13,950","33,350","34,150","32,500","46,250","32,500","60,000","31,100","31,100","138,350","143,350","133,350","14,650","15,000","14,350","16,050","16,150","16,000","16,000","25,150","25,150"
2021-08-02,"36,350","36,350","34,000","34,000","13,250","11,950","11,050","13,800","12,700","16,000","13,950","31,250","31,650","30,850","43,350","32,500","54,150","32,150","32,150","138,350","143,350","133,350","14,650","15,000","14,350","16,450","16,650","16,350","16,350","25,150","25,150"
2021-08-03,"36,350","36,350","34,000","34,000","13,250","11,950","11,050","13,800","12,700","16,000","13,950","31,250","31,650","30,850","43,350","32,500","54,150","32,750","32,750","138,350","143,350","133,350","14,650","15,000","14,350","16,450","16,650","16,350","16,350","25,150","25,150"
2021-08-04,"36,350","36,350","34,000","34,000","13,250","11,950","11,050","13,800","12,700","16,000","13,950","31,250","31,650","30,850","42,900","31,650","54,150","35,000","35,000","138,350","143,350","133,350","14,650","15,000","14,350","16,450","16,650","16,350","16,350","25,150","25,150"
2021-08-05,"36,350","36,350","34,000","34,000","13,250","11,950","11,050","13,800","12,700","16,000","13,950","31,250","31,650","30,850","41,650","29,150","54,150","35,000","35,000","138,350","143,350","133,350","14,650","15,000","14,350","16,450","16,650","16,350","16,350","25,150","25,150"
2021-08-06,"36,350","36,350","34,000","34,000","13,250","11,950","11,050","13,800","12,700","16,000","13,950","31,250","31,650","30,850","40,000","28,350","51,650","35,000","35,000","138,350","143,350","133,350","14,650","15,000","14,350","16,450","16,650","16,350","16,350","25,150","25,150"
2021-08-09,"36,350","36,350","34,000","34,000","13,250","11,950","11,050","13,800","12,700","16,000","13,950","31,650","32,500","30,850","36,650","27,500","45,850","34,000","34,000","138,350","143,350","133,350","14,650","15,000","14,350","16,550","16,900","16,350","16,350","24,650","24,650"
2021-08-10,"36,350","36,350","34,000","34,000","13,250","11,950","11,050","13,800","12,700","16,000","13,950","31,650","32,500","30,850","36,650","27,500","45,850","35,150","35,150","138,350","143,350","133,350","14,650","15,000","14,350","16,550","16,900","16,350","16,350","24,150","24,150"
2021-08-11,-,-,-,-,-,-,-,-,-,-,-,-,-,-,-,-,-,-,-,-,-,-,-,-,-,-,-,-,-,-,-
2021-08-12,"36,350","36,350","34,000","34,000","13,250","11,950","11,050","13,800","12,700","16,000","13,950","31,650","32,500","30,850","34,600","27,500","41,650","35,250","35,250","138,350","143,350","133,350","14,650","15,000","14,350","16,550","16,900","16,350","16,350","24,150","24,150"
2021-08-13,"36,350","36,350","34,000","34,000","13,250","11,950","11,050","13,800","12,700","16,000","13,950","31,650","32,500","30,850","34,600","27,500","41,650","35,250","35,250","138,350","143,350","133,350","14,650","15,000","14,350","16,550","16,900","16,350","16,350","24,000","24,000"
2021-08-16,"37,150","37,150","34,850","34,850","13,250","11,950","11,050","13,800","12,700","16,000","13,950","32,100","33,350","30,850","35,000","28,350","41,650","36,000","36,000","138,350","143,350","133,350","14,650","15,000","14,350","16,550","16,900","16,350","16,350","23,850","23,850"
2021-08-17,-,-,-,-,-,-,-,-,-,-,-,-,-,-,-,-,-,-,-,-,-,-,-,-,-,-,-,-,-,-,-
2021-08-18,"36,350","36,350","34,000","34,000","13,250","11,950","11,050","13,800","12,700","16,000","13,950","32,500","35,000","30,000","34,150","27,500","40,850","36,000","36,000","138,350","143,350","133,350","14,650","15,000","14,350","16,600","17,100","16,350","16,400","23,500","23,500"
2021-08-19,"36,350","36,350","34,000","34,000","13,250","11,950","11,050","13,800","12,700","16,000","13,950","32,500","35,000","30,000","34,150","27,500","40,850","35,100","35,100","138,350","143,350","133,350","14,650","15,000","14,350","16,600","17,100","16,350","16,400","23,350","23,350"
2021-08-20,"36,350","36,350","34,000","34,000","13,250","11,950","11,050","13,800","12,650","16,000","13,950","32,500","35,000","30,000","33,350","27,500","39,150","34,750","34,750","138,350","143,350","133,350","14,650","15,000","14,350","16,600","17,100","16,350","16,400","23,350","23,350"
2021-08-23,"34,150","34,150","34,000","34,000","13,250","11,950","11,050","13,800","12,650","16,000","13,950","30,400","32,500","28,350","30,000","26,650","33,350","35,250","35,250","138,350","143,350","133,350","14,650","15,000","14,350","16,600","17,100","16,350","16,400","22,850","22,850"
2021-08-24,"34,150","34,150","34,000","34,000","13,250","11,950","11,050","13,800","12,650","16,000","13,950","30,000","32,500","27,500","30,000","26,650","33,350","35,250","35,250","138,350","143,350","133,350","14,650","15,000","14,350","16,650","17,250","16,350","16,400","22,500","22,500"
2021-08-25,"34,150","34,150","34,000","34,000","13,250","11,950","11,050","13,800","12,650","16,000","13,950","29,150","30,850","27,500","29,600","26,650","32,500","35,850","35,850","138,350","143,350","133,350","14,600","15,000","14,150","16,650","17,250","16,350","16,400","22,500","22,500"
2021-08-26,"34,150","34,150","34,000","34,000","13,250","11,950","11,050","13,800","12,650","16,000","13,950","29,150","30,850","27,500","29,150","25,850","32,500","36,350","36,350","138,350","143,350","133,350","14,600","15,000","14,150","16,650","17,250","16,350","16,400","22,500","22,500"
2021-08-27,"34,150","34,150","34,000","34,000","13,250","11,950","11,050","13,800","12,650","16,000","13,950","29,150","30,850","27,500","29,150","25,850","32,500","36,150","36,150","138,350","143,350","133,350","14,600","15,000","14,150","16,650","17,250","16,350","16,400","22,350","22,350"
2021-08-30,"32,850","32,850","34,000","34,000","13,250","11,950","11,050","13,800","12,650","16,000","13,950","28,350","30,000","26,650","28,350","25,850","30,850","35,750","35,750","138,350","143,350","133,350","14,600","15,000","14,150","16,650","17,250","16,350","16,400","22,000","22,000"
2021-08-31,"32,850","32,850","34,000","34,000","13,250","11,950","11,050","13,800","12,650","16,000","13,950","28,350","30,000","26,650","27,900","25,000","30,850","35,500","35,500","138,350","143,350","133,350","14,600","15,000","14,150","16,650","17,250","16,350","16,400","22,000","22,000"
2021-09-01,"32,850","32,850","34,000","34,000","13,250","11,950","11,050","13,800","12,650","16,000","13,950","28,350","30,000","26,650","27,900","25,000","30,850","35,650","35,650","138,350","143,350","133,350","14,600","15,000","14,150","16,650","17,250","16,350","16,400","21,850","21,850"
2021-09-02,"32,850","32,850","34,000","34,000","13,250","11,950","11,050","13,800","12,650","16,000","13,950","28,350","30,000","26,650","27,900","25,000","30,850","35,750","35,750","138,350","143,350","133,350","14,600","15,000","14,150","16,650","17,250","16,350","16,400","21,500","21,500"
2021-09-03,"32,850","32,850","34,000","34,000","13,250","11,950","11,050","13,800","12,650","16,000","13,950","28,350","30,000","26,650","27,900","25,000","30,850","35,750","35,750","138,350","143,350","133,350","14,600","15,000","14,150","16,650","17,250","16,350","16,400","21,350","21,350"
2021-09-06,"32,500","32,500","33,650","33,650","13,250","11,950","11,050","13,800","12,650","16,000","13,950","28,750","30,000","27,500","30,850","29,150","32,500","36,500","36,500","138,350","143,350","133,350","14,600","15,000","14,150","16,700","17,350","16,350","16,400","20,650","20,650"
2021-09-07,"32,500","32,500","33,650","33,650","13,250","11,950","11,050","13,800","12,650","16,000","13,950","28,350","30,000","26,650","30,850","29,150","32,500","36,500","36,500","138,350","143,350","133,350","14,600","15,000","14,150","16,700","17,350","16,350","16,400","20,500","20,500"
2021-09-08,"32,500","32,500","33,650","33,650","13,250","11,950","11,050","13,800","12,650","16,000","13,950","28,350","30,000","26,650","30,850","29,150","32,500","36,500","36,500","138,350","143,350","133,350","14,600","15,000","14,150","16,700","17,350","16,350","16,400","20,500","20,500"
2021-09-09,"32,500","32,500","33,650","33,650","13,250","11,950","11,050","13,800","12,650","16,000","13,950","28,750","30,850","26,650","30,850","29,150","32,500","36,500","36,500","138,350","143,350","133,350","14,600","15,000","14,150","16,750","17,500","16,350","16,400","20,500","20,500"
2021-09-10,"31,650","31,650","33,650","33,650","13,250","11,950","11,050","13,800","12,650","16,000","13,950","29,150","32,500","25,850","30,850","29,150","32,500","36,500","36,500","138,350","143,350","133,350","14,600","15,000","14,150","16,750","17,500","16,350","16,400","20,500","20,500"
2021-09-13,"30,850","30,850","33,650","33,650","13,250","11,950","11,050","13,800","12,650","16,000","13,950","28,750","31,650","25,850","30,000","28,350","31,650","36,350","36,350","138,350","143,350","133,350","14,600","15,000","14,150","16,900","17,500","16,500","16,750","20,000","20,000"
2021-09-14,"30,850","30,850","33,650","33,650","13,250","11,950","11,050","13,800","12,650","16,000","13,950","28,750","31,650","25,850","30,000","28,350","31,650","35,750","35,750","138,350","143,350","133,350","14,600","15,000","14,150","16,900","17,500","16,500","16,750","20,000","20,000"
2021-09-15,"30,850","30,850","33,650","33,650","13,250","11,950","11,050","13,800","12,650","16,000","13,950","28,750","31,650","25,850","30,000","28,350","31,650","35,250","35,250","138,350","143,350","133,350","14,600","15,000","14,150","17,100","17,750","16,650","16,900","20,000","20,000"
2021-09-16,"30,850","30,850","33,650","33,650","13,250","11,950","11,050","13,800","12,650","16,000","13,950","28,750","31,650","25,850","30,000","28,350","31,650","35,100","35,100","138,350","143,350","133,350","14,600","15,000","14,150","17,100","17,750","16,650","16,900","19,850","19,850"
2021-09-17,"30,850","30,850","33,650","33,650","13,250","11,950","11,050","13,800","12,650","16,000","13,950","28,750","31,650","25,850","30,000","28,350","31,650","35,000","35,000","138,350","143,350","133,350","14,600","15,000","14,150","17,100","17,750","16,650","16,900","19,500","19,500"
2021-09-20,"32,000","32,000","33,650","33,650","13,250","11,950","11,050","13,800","12,650","16,000","13,950","30,400","31,650","29,150","30,400","29,150","31,650","34,650","34,650","138,350","143,350","133,350","14,600","15,000","14,150","17,100","17,750","16,650","16,900","19,350","19,350"
2021-09-21,"32,000","32,000","33,650","33,650","13,250","11,950","11,050","13,800","12,650","16,000","13,950","30,400","31,650","29,150","30,400","29,150","31,650","34,600","34,600","138,350","143,350","133,350","14,600","15,000","14,150","17,100","17,750","16,650","16,900","19,350","19,350"
2021-09-22,"32,000","32,000","33,650","33,650","13,250","11,950","11,050","13,800","12,650","16,000","13,950","30,400","31,650","29,150","30,000","29,150","30,850","35,400","35,400","138,350","143,350","133,350","14,600","15,000","14,150","17,100","17,750","16,650","16,900","19,350","19,350"
2021-09-23,"32,000","32,000","33,650","33,650","13,250","11,950","11,050","13,800","12,650","16,000","13,950","30,400","31,650","29,150","30,000","29,150","30,850","35,750","35,750","138,350","143,350","133,350","14,600","15,000","14,150","17,100","17,750","16,650","16,900","19,350","19,350"
2021-09-24,"32,000","32,000","33,650","33,650","13,250","11,950","11,050","13,800","12,650","16,000","13,950","30,400","31,650","29,150","30,000","29,150","30,850","35,750","35,750","138,350","143,350","133,350","14,600","15,000","14,150","17,100","17,750","16,650","16,900","18,850","18,850"
2021-09-27,"31,150","31,150","33,650","33,650","13,250","11,950","11,050","13,800","12,650","16,000","13,950","31,150","32,000","30,350","29,600","28,350","30,850","35,850","35,850","138,350","143,350","133,350","14,600","15,000","14,150","17,100","17,750","16,650","16,900","18,850","18,850"
2021-09-28,"31,150","31,150","33,650","33,650","13,250","11,950","11,050","13,800","12,650","16,000","13,950","31,600","32,000","31,150","29,600","28,350","30,850","35,000","35,000","138,350","143,350","133,350","14,600","15,000","14,150","17,100","17,750","16,650","16,900","19,350","19,350"
2021-09-29,"31,150","31,150","33,650","33,650","13,250","11,950","11,050","13,800","12,650","16,000","13,950","31,600","32,000","31,150","29,600","28,350","30,850","35,000","35,000","138,350","143,350","133,350","14,600","15,000","14,150","17,100","17,750","16,650","16,900","19,350","19,350"
2021-09-30,"31,150","31,150","33,650","33,650","13,250","11,950","11,050","13,800","12,650","16,000","13,950","32,000","32,000","32,000","29,600","28,350","30,850","35,250","35,250","138,350","143,350","133,350","14,600","15,000","14,150","17,100","17,750","16,650","16,900","19,350","19,350"
2021-10-01,"31,150","31,150","33,650","33,650","13,250","11,950","11,050","13,800","12,650","16,000","13,950","33,350","34,150","32,500","32,500","30,850","34,150","34,750","34,750","138,350","143,350","133,350","14,600","15,000","14,150","17,100","17,750","16,650","16,900","19,350","19,350"
2021-10-04,"31,150","31,150","34,150","34,150","13,250","11,950","11,050","13,800","12,650","16,000","13,950","37,500","38,350","36,650","31,650","30,850","32,500","34,750","34,750","138,350","143,350","133,350","14,400","14,850","14,000","17,200","17,750","16,700","17,150","19,350","19,350"
2021-10-05,"31,150","31,150","34,150","34,150","13,250","11,950","11,050","13,800","12,650","16,000","13,950","37,500","38,350","36,650","33,350","33,350","33,350","35,150","35,150","138,350","143,350","133,350","14,400","14,850","14,000","17,250","17,750","16,750","17,150","19,350","19,350"
2021-10-06,"31,150","31,150","34,150","34,150","13,250","11,950","11,050","13,800","12,650","16,000","13,950","38,350","38,350","38,350","33,350","33,350","33,350","35,850","35,850","138,350","143,350","133,350","14,400","14,850","14,000","17,250","17,750","16,750","17,150","19,350","19,350"
2021-10-07,"33,650","33,650","34,150","34,150","13,250","11,950","11,050","13,800","12,650","16,000","13,950","39,150","38,350","40,000","34,600","35,000","34,150","36,150","36,150","138,350","143,350","133,350","14,400","14,850","14,000","17,250","17,750","16,750","17,150","19,350","19,350"
2021-10-08,"33,650","33,650","34,150","34,150","13,250","11,950","11,050","13,800","12,650","16,000","13,950","39,150","38,350","40,000","34,600","35,000","34,150","37,000","37,000","138,350","143,350","133,350","14,400","14,850","14,000","17,250","17,750","16,750","17,150","19,350","19,350"
2021-10-11,"33,350","33,350","34,150","34,150","13,250","11,950","11,050","13,800","12,650","16,000","13,950","40,400","40,850","40,000","35,400","36,650","34,150","37,850","37,850","138,350","143,350","133,350","14,400","14,850","14,000","17,400","18,250","16,750","17,150","19,350","19,350"
2021-10-12,"33,350","33,350","34,150","34,150","13,250","11,950","11,050","13,800","12,650","16,000","13,950","40,400","40,850","40,000","35,400","36,650","34,150","37,850","37,850","138,350","143,350","133,350","14,400","14,850","14,000","17,500","18,500","16,750","17,150","19,150","19,150"
2021-10-13,"33,350","33,350","34,150","34,150","13,250","11,950","11,050","13,800","12,650","16,000","13,950","40,850","41,650","40,000","35,400","36,650","34,150","37,650","37,650","138,350","143,350","133,350","14,400","14,850","14,000","17,600","18,650","16,900","17,150","19,000","19,000"
2021-10-14,"33,350","33,350","34,150","34,150","13,250","11,950","11,050","13,800","12,650","16,000","13,950","41,650","43,350","40,000","35,850","36,650","35,000","37,350","37,350","138,350","143,350","133,350","14,400","14,850","14,000","17,600","18,650","16,900","17,150","18,750","18,750"
2021-10-15,"33,350","33,350","34,150","34,150","13,250","11,950","11,050","13,800","12,650","16,000","13,950","41,650","43,350","40,000","37,900","38,350","37,500","36,850","36,850","138,350","143,350","133,350","14,400","14,850","14,000","17,600","18,650","16,900","17,150","18,750","18,750"
2021-10-18,"32,500","32,500","34,150","34,150","13,250","11,950","11,050","13,800","12,650","16,000","13,950","40,000","40,850","39,150","36,650","36,650","36,650","36,350","36,350","138,350","143,350","133,350","14,400","14,850","14,000","17,600","18,650","16,900","17,150","18,750","18,750"
2021-10-19,"32,500","32,500","34,150","34,150","13,250","11,950","11,050","13,800","12,650","16,000","13,950","40,000","40,850","39,150","36,650","36,650","36,650","36,350","36,350","138,350","143,350","133,350","14,400","14,850","14,000","17,600","18,650","16,900","17,150","18,750","18,750"
2021-10-20,-,-,-,-,-,-,-,-,-,-,-,-,-,-,-,-,-,-,-,-,-,-,-,-,-,-,-,-,-,-,-
2021-10-21,"32,500","32,500","34,150","34,150","13,250","11,950","11,050","13,800","12,650","16,000","13,950","40,000","40,850","39,150","36,650","36,650","36,650","36,350","36,350","138,350","143,350","133,350","14,400","14,850","14,000","17,600","18,650","16,900","17,150","18,600","18,600"
2021-10-22,"32,500","32,500","34,150","34,150","13,250","11,950","11,050","13,800","12,650","16,000","13,950","40,000","40,850","39,150","36,650","36,650","36,650","36,850","36,850","138,350","143,350","133,350","14,400","14,850","14,000","17,600","18,650","16,900","17,150","18,600","18,600"
2021-10-25,"32,500","32,500","34,150","34,150","13,250","11,950","11,050","13,800","12,650","16,000","13,950","40,250","40,850","39,650","35,850","35,850","35,850","36,850","36,850","138,350","143,350","133,350","14,400","14,850","14,000","17,950","19,000","17,350","17,500","18,850","18,850"
2021-10-26,"32,500","32,500","34,150","34,150","13,250","11,950","11,050","13,800","12,650","16,000","13,950","40,250","40,850","39,650","35,850","35,850","35,850","36,850","36,850","138,350","143,350","133,350","14,400","14,850","14,000","17,950","19,000","17,350","17,500","19,000","19,000"
2021-10-27,"32,500","32,500","34,150","34,150","13,250","11,950","11,050","13,800","12,650","16,000","13,950","40,250","40,850","39,650","35,000","35,000","35,000","36,850","36,850","138,350","143,350","133,350","14,400","14,850","14,000","17,950","19,000","17,350","17,500","19,150","19,150"
2021-10-28,"32,500","32,500","34,150","34,150","13,250","11,950","11,050","13,800","12,650","16,000","13,950","41,250","40,850","41,650","35,000","35,000","35,000","36,850","36,850","138,350","143,350","133,350","14,400","14,850","14,000","18,000","19,000","17,350","17,650","19,250","19,250"
2021-10-29,"32,500","32,500","34,150","34,150","13,250","11,950","11,050","13,800","12,650","16,000","13,950","41,250","40,850","41,650","35,000","35,000","35,000","36,500","36,500","138,350","143,350","133,350","14,400","14,850","14,000","18,000","19,000","17,350","17,650","19,250","19,250"
2021-11-01,"32,500","32,500","34,150","34,150","13,250","11,950","11,050","13,800","12,650","16,000","13,950","42,900","41,650","44,150","33,350","32,500","34,150","36,250","36,250","138,350","143,350","133,350","14,400","14,850","14,000","18,300","19,350","17,500","18,100","19,400","19,400"
2021-11-02,"32,500","32,500","34,150","34,150","13,250","11,950","11,050","13,800","12,650","16,000","13,950","42,900","41,650","44,150","33,350","32,500","34,150","36,400","36,400","138,350","143,350","133,350","14,400","14,850","14,000","18,350","19,350","17,650","18,100","19,400","19,400"
2021-11-03,"32,500","32,500","34,150","34,150","13,250","11,950","11,050","13,800","12,650","16,000","13,950","44,850","42,500","47,150","33,350","32,500","34,150","36,750","36,750","138,350","143,350","133,350","14,400","14,850","14,000","18,900","19,650","18,350","18,750","20,000","20,000"
2021-11-04,"32,500","32,500","34,150","34,150","13,250","11,950","11,050","13,800","12,650","16,000","13,950","45,650","42,500","48,850","33,350","32,500","34,150","37,250","37,250","138,350","143,350","133,350","14,400","14,850","14,000","18,950","19,850","18,350","18,750","21,000","21,000"
2021-11-05,"32,500","32,500","34,150","34,150","13,250","11,950","11,050","13,800","12,650","16,000","13,950","46,100","43,350","48,850","33,350","32,500","34,150","37,250","37,250","138,350","143,350","133,350","14,400","14,850","14,000","18,950","19,850","18,350","18,750","21,750","21,750"
2021-11-08,"32,500","32,500","34,150","34,150","13,250","11,950","11,050","13,800","12,650","16,000","13,950","50,400","45,000","55,850","31,650","30,850","32,500","37,400","37,400","138,350","143,350","133,350","14,400","14,850","14,000","19,250","19,850","18,850","19,150","23,750","23,750"
2021-11-09,"32,500","32,500","34,150","34,150","13,250","11,950","11,050","13,800","12,650","16,000","13,950","50,000","44,150","55,850","31,650","30,850","32,500","37,600","37,600","138,350","143,350","133,350","14,400","14,850","14,000","19,450","19,850","19,000","19,500","25,100","25,100"
2021-11-10,"32,500","32,500","34,150","34,150","13,250","11,950","11,050","13,800","12,650","16,000","13,950","50,000","44,150","55,850","31,650","30,850","32,500","37,600","37,600","138,350","143,350","133,350","14,400","14,850","14,000","19,450","19,850","19,000","19,500","25,100","25,100"
2021-11-11,"32,500","32,500","34,150","34,150","13,250","11,950","11,050","13,800","12,650","16,000","13,950","50,000","44,150","55,850","31,650","30,850","32,500","37,600","37,600","138,350","143,350","133,350","14,400","14,850","14,000","19,450","19,850","19,000","19,500","25,400","25,400"
2021-11-12,"32,500","32,500","34,150","34,150","13,250","11,950","11,050","13,800","12,650","16,000","13,950","50,000","44,150","55,850","32,100","31,650","32,500","37,600","37,600","138,350","143,350","133,350","14,400","14,850","14,000","19,450","19,850","19,000","19,500","25,400","25,400"
2021-11-15,"32,500","32,500","34,150","34,150","13,250","11,950","11,050","13,800","12,650","16,000","13,950","54,150","51,650","56,650","31,250","30,850","31,650","37,600","37,600","138,350","143,350","133,350","14,400","14,850","14,000","19,550","20,000","19,000","19,650","25,600","25,600"
2021-11-16,"32,500","32,500","34,150","34,150","13,250","11,950","11,050","13,800","12,650","16,000","13,950","54,600","52,500","56,650","31,250","30,850","31,650","36,850","36,850","133,350","138,350","128,350","14,400","14,850","14,000","19,550","20,000","19,000","19,650","25,250","25,250"
2021-11-17,"32,500","32,500","34,150","34,150","13,250","11,950","11,050","13,800","12,650","16,000","13,950","54,150","52,500","55,850","31,250","30,850","31,650","36,500","36,500","128,350","133,350","123,350","14,400","14,850","14,000","19,500","20,000","19,000","19,500","25,100","25,100"
2021-11-18,"31,650","31,650","34,150","34,150","13,250","11,950","11,050","13,800","12,650","16,000","13,950","52,500","52,500","52,500","31,250","30,850","31,650","36,500","36,500","128,350","133,350","123,350","14,400","14,850","14,000","19,550","20,000","19,150","19,500","25,100","25,100"
2021-11-19,"31,650","31,650","34,150","34,150","13,250","12,000","11,100","13,800","12,650","16,000","13,950","52,500","52,500","52,500","31,250","30,850","31,650","36,500","36,500","128,350","133,350","123,350","14,400","14,850","14,000","19,550","20,000","19,150","19,500","24,900","24,900"
2021-11-22,"27,500","27,500","34,150","34,150","13,250","12,000","11,100","13,800","12,650","16,000","13,950","49,150","48,350","50,000","32,000","31,150","32,850","36,650","36,650","128,350","133,350","123,350","14,350","14,650","14,000","19,650","20,000","19,500","19,500","24,750","24,750"
2021-11-23,"26,650","26,650","34,150","34,150","13,300","12,000","11,100","13,800","12,700","16,050","14,000","49,150","48,350","50,000","35,850","35,850","35,850","37,000","37,000","128,350","133,350","123,350","14,350","14,650","14,000","19,650","20,000","19,500","19,500","24,600","24,600"
2021-11-24,"26,650","26,650","34,150","34,150","13,300","12,050","11,150","13,800","12,700","16,050","14,000","49,150","48,350","50,000","36,250","36,650","35,850","37,000","37,000","128,350","133,350","123,350","14,350","14,650","14,000","19,650","20,000","19,500","19,500","24,150","24,150"
2021-11-25,"26,650","26,650","34,150","34,150","13,300","12,050","11,150","13,800","12,700","16,050","14,000","49,150","48,350","50,000","36,650","37,500","35,850","37,100","37,100","128,350","133,350","123,350","14,350","14,650","14,000","19,650","20,000","19,500","19,500","24,000","24,000"
2021-11-26,"26,650","26,650","34,150","34,150","13,300","12,050","11,150","13,800","12,700","16,050","14,000","48,750","48,350","49,150","41,650","40,000","43,350","37,100","37,100","128,350","133,350","123,350","14,350","14,650","14,000","19,750","20,000","19,650","19,500","23,850","23,850"
2021-11-29,"28,350","28,350","34,150","34,150","13,300","12,050","11,150","13,800","12,700","16,050","14,000","50,850","51,650","50,000","43,350","42,500","44,150","37,100","37,100","128,350","133,350","123,350","14,350","14,650","14,000","20,050","20,150","19,900","20,100","23,150","23,150"
2021-11-30,"28,350","28,350","34,150","34,150","13,350","12,100","11,200","13,850","12,750","16,050","14,000","50,850","51,650","50,000","44,600","42,500","46,650","37,350","37,350","128,350","133,350","123,350","14,350","14,650","14,000","20,050","20,150","19,900","20,100","23,000","23,000"
2021-12-01,"27,500","27,500","34,150","34,150","13,350","12,100","11,200","13,850","12,750","16,050","14,000","50,850","51,650","50,000","49,150","45,000","53,350","37,350","37,350","128,350","133,350","123,350","14,250","14,650","13,850","20,100","20,150","19,900","20,250","22,650","22,650"
2021-12-02,"27,150","27,150","34,500","34,500","13,350","12,100","11,200","13,850","12,750","16,050","14,000","50,850","51,650","50,000","51,650","47,500","55,850","37,650","37,650","128,350","133,350","123,350","14,250","14,650","13,850","20,100","20,150","19,900","20,250","22,650","22,650"
2021-12-03,"27,500","27,500","34,500","34,500","13,350","12,100","11,200","13,850","12,750","16,050","14,000","50,850","51,650","50,000","52,500","47,500","57,500","37,650","37,650","128,350","133,350","123,350","14,250","14,650","13,850","20,100","20,150","19,900","20,250","22,650","22,650"
2021-12-06,"29,650","29,650","34,500","34,500","13,350","12,100","11,200","13,850","12,750","16,050","14,000","57,500","60,000","55,000","65,850","60,000","71,650","37,850","37,850","128,350","133,350","123,350","14,250","14,650","13,850","20,100","20,000","20,100","20,250","22,150","22,150"
2021-12-07,"29,650","29,650","34,500","34,500","13,350","12,100","11,200","13,900","12,750","16,100","14,050","57,500","60,000","55,000","65,850","60,000","71,650","37,850","37,850","128,350","133,350","123,350","14,250","14,650","13,850","20,100","20,000","20,100","20,250","22,150","22,150"
2021-12-08,"29,650","29,650","34,500","34,500","13,400","12,150","11,250","13,900","12,750","16,100","14,050","57,500","60,000","55,000","66,250","60,000","72,500","38,250","38,250","128,350","133,350","123,350","14,250","14,650","13,850","20,100","20,000","20,100","20,250","22,350","22,350"
2021-12-09,"30,000","30,000","34,500","34,500","13,400","12,200","11,300","13,900","12,800","16,100","14,050","58,350","61,650","55,000","67,100","60,000","74,150","38,750","38,750","128,350","133,350","123,350","14,250","14,650","13,850","20,150","20,000","20,150","20,350","22,150","22,150"
2021-12-10,"30,350","30,350","34,500","34,500","13,400","12,200","11,300","13,900","12,800","16,100","14,050","58,350","61,650","55,000","68,350","60,000","76,650","38,750","38,750","128,350","133,350","123,350","14,250","14,650","13,850","20,150","20,000","20,150","20,350","22,150","22,150"
2021-12-13,"30,350","30,350","34,500","34,500","13,450","12,250","11,350","13,900","12,850","16,100","14,050","57,500","61,650","53,350","69,600","60,000","79,150","39,000","39,000","128,350","133,350","123,350","14,350","14,650","14,000","20,150","20,000","20,150","20,350","23,500","23,500"
2021-12-14,"30,350","30,350","34,500","34,500","13,450","12,250","11,350","13,900","12,850","16,100","14,050","57,500","61,650","53,350","70,850","60,000","81,650","39,150","39,150","128,350","133,350","123,350","14,350","14,650","14,000","20,150","20,000","20,150","20,350","23,850","23,850"
2021-12-15,"30,350","30,350","34,500","34,500","13,450","12,250","11,350","13,900","12,850","16,100","14,050","57,500","61,650","53,350","73,350","60,000","86,650","39,350","39,350","128,350","133,350","123,350","14,350","14,650","14,000","20,350","20,150","20,350","20,500","25,650","25,650"
2021-12-16,"30,350","30,350","34,500","34,500","13,450","12,250","11,350","13,900","12,850","16,100","14,050","57,500","61,650","53,350","75,400","60,000","90,850","39,350","39,350","128,350","133,350","123,350","14,350","14,650","14,000","20,350","20,150","20,350","20,500","25,850","25,850"
2021-12-17,"31,150","31,150","34,500","34,500","13,450","12,250","11,350","13,900","12,850","16,100","14,050","57,500","61,650","53,350","78,350","60,000","96,650","39,350","39,350","128,350","133,350","123,350","14,350","14,650","14,000","20,350","20,150","20,350","20,500","26,150","26,150"
2021-12-20,"32,000","32,000","34,500","34,500","13,450","12,250","11,350","13,900","12,850","16,100","14,050","57,100","61,650","52,500","80,000","60,000","100,000","39,500","39,500","128,350","133,350","123,350","14,350","14,650","14,000","20,400","20,350","20,350","20,500","26,650","26,650"
2021-12-21,"32,850","32,850","34,500","34,500","13,450","12,250","11,350","13,900","12,850","16,100","14,050","55,400","60,000","50,850","80,000","60,000","100,000","39,850","39,850","128,350","133,350","123,350","14,350","14,650","14,000","20,400","20,350","20,350","20,500","26,650","26,650"
2021-12-22,"34,150","34,150","34,500","34,500","13,450","12,300","11,400","13,950","12,900","16,150","14,100","55,400","60,000","50,850","80,850","60,000","101,650","40,150","40,150","128,350","133,350","123,350","14,350","14,650","14,000","20,400","20,350","20,350","20,500","27,500","27,500"
2021-12-23,"34,150","34,150","34,500","34,500","13,450","12,300","11,400","13,950","12,900","16,150","14,100","55,400","60,000","50,850","80,850","60,000","101,650","40,150","40,150","128,350","133,350","123,350","14,350","14,650","14,000","20,400","20,350","20,350","20,500","29,350","29,350"
2021-12-24,"34,150","34,150","34,500","34,500","13,450","12,300","11,400","13,950","12,900","16,150","14,100","55,400","60,000","50,850","89,150","60,000","118,350","40,350","40,350","128,350","133,350","123,350","14,350","14,650","14,000","20,400","20,350","20,350","20,500","31,150","31,150"
2021-12-27,"34,150","34,150","34,500","34,500","13,550","12,400","11,450","14,000","12,950","16,200","14,100","54,150","56,650","51,650","89,150","60,000","118,350","40,500","40,500","128,350","133,350","123,350","14,350","14,650","14,000","20,600","20,500","20,500","20,850","32,000","32,000"
2021-12-28,"34,150","34,150","34,500","34,500","13,550","12,350","11,450","14,000","12,950","16,200","14,100","54,150","56,650","51,650","89,150","60,000","118,350","40,500","40,500","128,350","133,350","123,350","14,350","14,650","14,000","20,450","20,500","20,350","20,500","32,000","32,000"
2021-12-29,"34,150","34,150","34,500","34,500","13,550","12,350","11,450","14,000","12,950","16,200","14,100","54,150","56,650","51,650","89,150","60,000","118,350","40,500","40,500","128,350","133,350","123,350","14,350","14,650","14,000","20,450","20,500","20,350","20,500","31,850","31,850"
2021-12-30,"33,350","33,350","34,500","34,500","13,550","12,400","11,500","14,000","12,950","16,200","14,100","53,350","55,000","51,650","85,850","61,650","110,000","40,600","40,600","128,350","133,350","123,350","14,350","14,650","14,000","20,550","20,500","20,500","20,650","31,650","31,650"
2021-12-31,"34,150","34,150","34,500","34,500","13,550","12,400","11,500","14,000","12,950","16,200","14,100","52,500","55,000","50,000","81,650","61,650","101,650","40,600","40,600","128,350","133,350","123,350","14,350","14,650","14,000","20,550","20,500","20,500","20,650","30,850","30,850"
2022-01-03,"32,500","32,500","34,500","34,500","13,550","12,400","11,500","14,000","12,950","16,200","14,100","49,150","50,000","48,350","78,750","60,850","96,650","40,600","40,600","128,350","133,350","123,350","14,350","14,650","14,000","20,650","20,650","20,650","20,650","30,000","30,000"
2022-01-04,"32,500","32,500","34,500","34,500","13,550","12,400","11,500","14,000","12,950","16,200","14,100","49,150","50,000","48,350","78,750","60,850","96,650","40,100","40,100","128,350","133,350","123,350","14,350","14,650","14,000","20,650","20,650","20,650","20,650","29,350","29,350"
2022-01-05,"32,500","32,500","34,500","34,500","13,550","12,400","11,500","14,000","12,950","16,200","14,100","46,250","45,850","46,650","75,400","59,150","91,650","39,850","39,850","128,350","133,350","123,350","14,400","14,650","14,150","20,650","20,650","20,650","20,650","28,650","28,650"
2022-01-06,"32,500","32,500","34,500","34,500","13,550","12,400","11,500","14,000","12,950","16,200","14,100","45,400","45,850","45,000","75,400","59,150","91,650","39,750","39,750","128,350","133,350","123,350","14,400","14,650","14,150","20,650","20,650","20,650","20,650","28,500","28,500"
2022-01-07,"32,500","32,500","34,500","34,500","13,550","12,400","11,500","14,000","12,950","16,200","14,100","41,650","45,000","38,350","70,000","59,150","80,850","39,750","39,750","128,350","133,350","123,350","14,400","14,650","14,150","20,650","20,650","20,650","20,650","28,350","28,350"
2022-01-10,"31,250","31,250","35,000","35,000","12,600","11,300","10,450","12,800","11,800","15,300","13,800","36,900","40,000","33,750","64,400","65,000","63,750","44,500","44,500","125,000","130,000","120,000","14,400","14,500","14,250","20,850","20,750","20,750","21,000","26,500","26,500"
2022-01-11,"30,850","30,850","34,500","34,500","13,550","12,400","11,500","14,050","13,000","16,200","14,150","35,400","39,150","31,650","63,750","64,150","63,350","41,000","41,000","128,350","133,350","123,350","14,750","15,000","14,500","20,700","20,650","20,650","20,850","26,500","26,500"
2022-01-12,"30,850","30,850","34,500","34,500","13,600","12,450","11,550","14,050","13,000","16,250","14,150","35,400","39,150","31,650","63,750","64,150","63,350","41,250","41,250","128,350","133,350","123,350","14,750","15,000","14,500","20,700","20,650","20,650","20,850","26,000","26,000"
2022-01-13,"30,850","30,850","34,500","34,500","13,600","12,450","11,550","14,050","13,000","16,250","14,150","35,400","39,150","31,650","63,750","64,150","63,350","42,100","42,100","128,350","133,350","123,350","14,750","15,000","14,500","20,700","20,650","20,650","20,850","26,000","26,000"
2022-01-14,"30,850","30,850","34,500","34,500","13,600","12,450","11,550","14,050","13,000","16,250","14,150","35,400","39,150","31,650","63,750","64,150","63,350","42,100","42,100","128,350","133,350","123,350","14,750","15,000","14,500","20,700","20,650","20,650","20,850","25,150","25,150"
2022-01-17,"31,650","31,650","34,500","34,500","13,550","12,400","11,500","14,050","13,000","16,250","14,150","41,650","40,000","43,350","63,750","63,350","64,150","41,900","41,900","128,350","133,350","123,350","14,750","15,000","14,500","20,700","20,650","20,650","20,850","24,000","24,000"
2022-01-18,"31,650","31,650","34,500","34,500","13,550","12,400","11,500","14,050","13,000","16,250","14,150","40,000","38,350","41,650","63,350","63,350","63,350","41,900","41,900","128,350","133,350","123,350","14,750","15,000","14,500","20,700","20,650","20,650","20,850","23,650","23,650"
2022-01-19,"31,650","31,650","34,500","34,500","13,550","12,400","11,500","14,050","13,000","16,250","14,150","40,000","38,350","41,650","63,350","63,350","63,350","41,900","41,900","128,350","133,350","123,350","14,750","15,000","14,500","20,700","20,650","20,650","20,850","23,350","23,350"
2022-01-20,"31,650","31,650","34,500","34,500","13,550","12,400","11,500","14,050","13,000","16,250","14,150","42,500","41,650","43,350","62,500","63,350","61,650","41,900","41,900","128,350","133,350","123,350","14,750","15,000","14,500","20,700","20,650","20,650","20,850","23,150","23,150"
2022-01-21,"31,650","31,650","34,500","34,500","13,550","12,400","11,500","14,050","13,000","16,250","14,150","40,850","40,000","41,650","62,500","63,350","61,650","41,900","41,900","128,350","133,350","123,350","14,750","15,000","14,500","20,700","20,650","20,650","20,850","23,000","23,000"
2022-01-24,"31,650","31,650","34,500","34,500","13,550","12,400","11,500","14,050","13,000","16,250","14,150","37,900","37,500","38,350","55,000","56,650","53,350","41,000","41,000","128,350","133,350","123,350","14,750","15,000","14,500","20,700","20,650","20,650","20,850","22,150","22,150"
2022-01-25,"31,650","31,650","34,500","34,500","13,550","12,400","11,500","14,000","12,950","16,200","14,150","36,650","37,500","35,850","51,650","53,350","50,000","40,000","40,000","128,350","133,350","123,350","14,750","15,000","14,500","20,700","20,650","20,650","20,850","22,150","22,150"
2022-01-26,"31,650","31,650","34,500","34,500","13,550","12,400","11,500","14,000","12,950","16,200","14,150","36,650","37,500","35,850","51,650","53,350","50,000","39,500","39,500","128,350","133,350","123,350","14,750","15,000","14,500","20,700","20,650","20,650","20,850","22,150","22,150"
2022-01-27,"31,650","31,650","34,500","34,500","13,550","12,400","11,500","14,000","12,950","16,200","14,150","36,650","37,500","35,850","50,850","53,350","48,350","39,500","39,500","128,350","133,350","123,350","14,750","15,000","14,500","20,700","20,650","20,650","20,850","22,150","22,150"
2022-01-28,"31,650","31,650","34,500","34,500","13,550","12,400","11,500","14,000","12,950","16,200","14,150","36,650","37,500","35,850","50,000","53,350","46,650","38,850","38,850","128,350","133,350","123,350","14,750","15,000","14,500","20,450","20,650","20,350","20,350","22,000","22,000"
2022-01-31,"33,350","33,350","35,000","35,000","13,550","12,350","11,450","14,000","12,950","16,200","14,150","36,250","36,650","35,850","45,000","46,650","43,350","38,150","38,150","128,350","133,350","123,350","14,600","14,850","14,350","20,300","20,500","20,150","20,150","21,000","21,000"
2022-02-01,-,-,-,-,-,-,-,-,-,-,-,-,-,-,-,-,-,-,-,-,-,-,-,-,-,-,-,-,-,-,-
2022-02-02,"34,150","34,150","35,000","35,000","13,550","12,350","11,450","14,000","12,950","16,200","14,150","36,250","36,650","35,850","44,150","45,000","43,350","38,150","38,150","128,350","133,350","123,350","14,600","14,850","14,350","20,300","20,500","20,150","20,150","20,850","20,850"
2022-02-03,"35,000","35,000","35,000","35,000","13,550","12,350","11,450","14,000","12,950","16,200","14,150","36,250","36,650","35,850","45,000","45,000","45,000","37,250","37,250","128,350","133,350","123,350","14,600","14,850","14,350","20,300","20,500","20,150","20,150","20,850","20,850"
2022-02-04,"35,000","35,000","35,000","35,000","13,550","12,350","11,450","14,000","12,950","16,200","14,150","36,250","36,650","35,850","44,600","44,150","45,000","37,150","37,150","128,350","133,350","123,350","14,600","14,850","14,350","20,300","20,500","20,150","20,150","20,650","20,650"
2022-02-07,"35,850","35,850","35,000","35,000","13,500","12,350","11,450","14,000","12,950","16,200","14,100","39,600","40,000","39,150","45,000","43,350","46,650","35,650","35,650","128,350","133,350","123,350","14,600","14,850","14,350","19,850","20,150","19,650","19,650","20,500","20,500"
2022-02-08,"35,850","35,850","35,000","35,000","13,500","12,350","11,450","14,000","12,950","16,200","14,100","39,600","40,000","39,150","45,400","43,350","47,500","35,500","35,500","128,350","133,350","123,350","14,600","14,850","14,350","18,900","19,350","18,650","18,650","20,500","20,500"
2022-02-09,"36,650","36,650","35,000","35,000","13,500","12,350","11,450","14,000","12,950","16,200","14,100","42,500","42,500","42,500","48,350","45,850","50,850","35,000","35,000","128,350","133,350","123,350","14,600","14,850","14,350","18,900","19,350","18,650","18,650","20,500","20,500"
2022-02-10,"40,000","40,000","35,000","35,000","13,450","12,300","11,400","13,950","12,900","16,150","14,100","42,500","42,500","42,500","48,750","45,850","51,650","35,000","35,000","128,350","133,350","123,350","14,600","14,850","14,350","18,900","19,350","18,650","18,650","20,500","20,500"
2022-02-11,"40,000","40,000","35,000","35,000","13,450","12,300","11,400","13,950","12,900","16,150","14,100","42,500","42,500","42,500","49,150","45,850","52,500","35,000","35,000","128,350","133,350","123,350","14,600","14,850","14,350","18,900","19,350","18,650","18,650","20,500","20,500"
2022-02-14,"44,150","44,150","35,000","35,000","13,450","12,300","11,400","13,950","12,900","16,150","14,100","41,250","42,500","40,000","47,100","44,150","50,000","35,100","35,100","130,000","135,000","125,000","14,600","14,850","14,350","18,750","19,150","18,500","18,650","20,500","20,500"
2022-02-15,"44,150","44,150","35,000","35,000","13,450","12,300","11,400","13,950","12,900","16,150","14,100","41,250","42,500","40,000","47,100","44,150","50,000","35,100","35,100","130,850","135,850","125,850","14,400","14,650","14,150","18,750","19,150","18,500","18,650","20,500","20,500"
2022-02-16,"44,150","44,150","35,000","35,000","13,450","12,300","11,400","13,950","12,900","16,150","14,100","41,250","42,500","40,000","47,100","44,150","50,000","34,600","34,600","130,850","135,850","125,850","14,400","14,650","14,150","18,750","19,150","18,500","18,650","20,850","20,850"
2022-02-17,"44,150","44,150","35,000","35,000","13,450","12,300","11,400","13,950","12,900","16,150","14,100","41,650","42,500","40,850","46,650","41,650","51,650","34,650","34,650","130,850","135,850","125,850","14,400","14,650","14,150","19,100","19,850","18,500","19,000","20,850","20,850"
2022-02-18,"44,150","44,150","35,000","35,000","13,450","12,300","11,400","13,950","12,900","16,150","14,100","41,650","42,500","40,850","46,650","41,650","51,650","34,650","34,650","133,350","138,350","128,350","14,400","14,650","14,150","19,100","19,850","18,500","19,000","20,850","20,850"
2022-02-21,"43,350","43,350","35,000","35,000","13,450","12,300","11,400","13,950","12,900","16,150","14,100","44,150","44,150","44,150","47,900","40,000","55,850","34,650","34,650","134,150","139,150","129,150","14,400","14,650","14,150","19,050","19,650","18,500","19,000","21,150","21,150"
2022-02-22,"43,350","43,350","35,000","35,000","13,450","12,300","11,400","13,950","12,900","16,150","14,100","44,600","44,150","45,000","50,000","40,000","60,000","34,650","34,650","134,150","139,150","129,150","14,400","14,650","14,150","18,950","19,350","18,500","19,000","21,650","21,650"
2022-02-23,"45,000","45,000","35,000","35,000","13,450","12,300","11,400","13,950","12,900","16,150","14,100","54,600","51,650","57,500","56,650","41,650","71,650","34,850","34,850","135,850","140,850","130,850","14,600","15,000","14,150","18,950","19,350","18,500","19,000","21,850","21,850"
2022-02-24,"42,500","42,500","35,000","35,000","13,450","12,300","11,400","13,950","12,900","16,150","14,100","51,650","50,000","53,350","55,000","40,000","70,000","35,150","35,150","135,850","140,850","130,850","14,600","15,000","14,150","18,950","19,350","18,500","19,000","21,850","21,850"
2022-02-25,"42,500","42,500","35,000","35,000","13,450","12,300","11,400","13,950","12,900","16,150","14,100","48,350","48,350","48,350","50,850","40,000","61,650","35,500","35,500","140,000","145,000","135,000","14,600","15,000","14,150","18,950","19,350","18,500","19,000","22,000","22,000"
2022-02-28,-,-,-,-,-,-,-,-,-,-,-,-,-,-,-,-,-,-,-,-,-,-,-,-,-,-,-,-,-,-,-
2022-03-01,"43,350","43,350","35,000","35,000","13,450","12,300","11,400","13,950","12,900","16,150","14,100","52,100","56,650","47,500","54,600","40,000","69,150","35,650","35,650","140,000","145,000","135,000","14,600","15,000","14,150","19,000","19,500","18,500","19,000","22,000","22,000"
2022-03-02,"43,350","43,350","35,000","35,000","13,450","12,300","11,400","13,950","12,900","16,150","14,100","52,100","56,650","47,500","56,650","40,850","72,500","35,650","35,650","140,000","145,000","135,000","14,600","15,000","14,150","18,900","19,150","18,500","19,000","22,650","22,650"
2022-03-03,-,-,-,-,-,-,-,-,-,-,-,-,-,-,-,-,-,-,-,-,-,-,-,-,-,-,-,-,-,-,-
2022-03-04,"42,500","42,500","35,000","35,000","13,450","12,300","11,400","13,950","12,900","16,150","14,100","54,150","60,000","48,350","57,900","43,350","72,500","36,000","36,000","140,000","145,000","135,000","14,600","15,000","14,150","18,900","19,150","18,500","19,000","23,350","23,350"
2022-03-07,"41,650","41,650","35,000","35,000","13,450","12,300","11,400","13,950","12,900","16,150","14,100","57,100","60,850","53,350","61,650","41,650","81,650","36,350","36,350","140,000","145,000","135,000","14,600","15,000","14,150","18,900","19,150","18,500","19,000","24,500","24,500"
2022-03-08,"41,650","41,650","35,000","35,000","13,450","12,300","11,400","13,950","12,900","16,150","14,100","57,900","60,850","55,000","62,100","41,650","82,500","36,600","36,600","140,000","145,000","135,000","14,600","15,000","14,150","18,800","18,750","18,550","18,850","24,500","24,500"
2022-03-09,"41,650","41,650","35,000","35,000","13,450","12,300","11,400","13,950","12,900","16,150","14,100","57,900","60,850","55,000","62,100","41,650","82,500","36,850","36,850","140,000","145,000","135,000","14,600","15,000","14,150","18,900","18,750","18,750","19,000","24,650","24,650"
2022-03-10,"38,350","38,350","35,000","35,000","13,450","12,300","11,400","13,950","12,900","16,150","14,100","57,100","60,850","53,350","61,250","41,650","80,850","36,850","36,850","140,000","145,000","135,000","14,600","15,000","14,150","19,100","18,650","20,000","19,750","24,650","24,650"
2022-03-11,"38,350","38,350","35,000","35,000","13,450","12,300","11,400","13,950","12,900","16,150","14,100","57,100","60,850","53,350","61,250","41,650","80,850","36,650","36,650","140,000","145,000","135,000","14,600","15,000","14,150","18,850","18,650","18,750","19,000","24,850","24,850"
2022-03-14,"38,350","38,350","36,650","36,650","13,450","12,300","11,400","13,950","12,900","16,150","14,100","57,500","61,650","53,350","58,350","42,500","74,150","36,850","36,850","141,500","145,850","137,150","14,600","15,000","14,150","18,700","18,000","20,000","19,750","24,650","24,650"
2022-03-15,"38,350","38,350","36,650","36,650","13,450","12,300","11,400","13,950","12,900","16,150","14,100","57,500","61,650","53,350","57,100","40,850","73,350","36,850","36,850","140,850","145,850","135,850","14,600","15,000","14,150","18,850","18,150","20,000","19,750","24,850","24,850"
2022-03-16,"37,500","37,500","36,650","36,650","13,450","12,300","11,400","13,950","12,900","16,150","14,100","55,000","58,350","51,650","56,650","40,850","72,500","36,850","36,850","140,850","145,850","135,850","14,600","15,000","14,150","18,850","18,150","20,000","19,750","24,850","24,850"
2022-03-17,"37,500","37,500","36,650","36,650","13,450","12,300","11,400","13,950","12,900","16,150","14,100","55,000","58,350","51,650","56,650","40,850","72,500","36,850","36,850","140,850","145,850","135,850","14,600","15,000","14,150","19,100","18,850","20,000","19,750","24,850","24,850"
2022-03-18,"37,500","37,500","36,650","36,650","13,450","12,300","11,400","13,950","12,900","16,150","14,100","55,000","58,350","51,650","56,650","40,850","72,500","36,650","36,650","140,850","145,850","135,850","14,600","15,000","14,150","19,850","20,000","20,000","19,750","24,850","24,850"
2022-03-21,"37,500","37,500","36,650","36,650","13,450","12,300","11,400","13,950","12,900","16,150","14,100","53,750","58,350","49,150","52,100","40,000","64,150","36,650","36,650","140,850","145,850","135,850","14,600","15,000","14,150","20,650","20,650","20,000","20,000","25,000","25,000"
2022-03-22,"37,500","37,500","37,150","37,150","13,450","12,300","11,400","13,950","12,900","16,150","14,100","55,400","60,000","50,850","52,100","40,000","64,150","36,650","36,650","140,850","145,850","135,850","14,600","15,000","14,150","21,000","21,000","20,000","20,000","25,000","25,000"
2022-03-23,"37,500","37,500","37,150","37,150","13,450","12,300","11,400","13,950","12,900","16,150","14,100","55,400","60,000","50,850","52,100","40,000","64,150","37,000","37,000","140,850","145,850","135,850","14,600","15,000","14,150","21,000","21,000","20,000","20,000","25,000","25,000"
2022-03-24,"36,650","36,650","37,150","37,150","13,450","12,300","11,400","13,950","12,900","16,150","14,100","55,400","60,000","50,850","51,250","40,000","62,500","37,150","37,150","140,850","145,850","135,850","14,600","15,000","14,150","21,400","21,500","20,000","20,000","25,000","25,000"
2022-03-25,"36,650","36,650","37,150","37,150","13,450","12,300","11,400","13,950","12,900","16,150","14,100","55,400","60,000","50,850","51,250","40,000","62,500","37,150","37,150","140,850","145,850","135,850","14,600","15,000","14,150","21,500","21,850","20,000","20,000","25,000","25,000"
2022-03-28,"36,650","36,650","38,500","38,500","13,450","12,300","11,400","13,950","12,900","16,150","14,100","50,850","56,650","45,000","51,250","40,850","61,650","37,750","37,750","140,850","145,850","135,850","14,750","15,150","14,350","21,500","21,850","20,000","20,000","25,150","25,150"
2022-03-29,"36,650","36,650","38,500","38,500","13,450","12,300","11,400","13,950","12,900","16,150","14,100","50,850","56,650","45,000","51,250","40,850","61,650","38,250","38,250","140,850","145,850","135,850","14,750","15,150","14,350","21,500","21,850","20,000","20,000","25,350","25,350"
2022-03-30,"36,650","36,650","38,500","38,500","13,450","12,300","11,400","13,950","12,900","16,150","14,100","50,850","56,650","45,000","51,250","40,850","61,650","39,100","39,100","140,850","145,850","135,850","14,750","15,150","14,350","22,150","22,500","20,000","20,000","25,350","25,350"
2022-03-31,"37,500","37,500","38,500","38,500","13,450","12,300","11,400","13,950","12,900","16,150","14,100","51,250","56,650","45,850","49,600","39,150","60,000","39,500","39,500","140,850","145,850","135,850","14,750","15,150","14,350","22,150","22,500","20,000","20,000","25,350","25,350"
2022-04-01,"37,500","37,500","38,500","38,500","13,450","12,300","11,400","13,950","12,900","16,150","14,100","51,250","56,650","45,850","49,600","39,150","60,000","40,000","40,000","140,850","145,850","135,850","14,750","15,150","14,350","22,150","22,500","20,000","20,000","25,350","25,350"
2022-04-04,"38,350","38,350","39,000","39,000","13,450","12,300","11,400","13,950","12,900","16,150","14,100","58,750","63,350","54,150","50,850","39,150","62,500","40,150","40,150","144,150","149,150","139,150","15,150","15,500","14,850","23,350","23,350","23,000","23,000","25,350","25,350"
2022-04-05,"39,150","39,150","39,350","39,350","13,450","12,300","11,400","13,950","12,900","16,150","14,100","58,350","63,350","53,350","55,400","47,500","63,350","40,100","40,100","144,150","149,150","139,150","15,150","15,500","14,850","22,850","22,850","23,000","23,000","25,350","25,350"
2022-04-06,"39,150","39,150","39,350","39,350","13,450","12,300","11,400","13,950","12,900","16,150","14,100","58,350","63,350","53,350","60,400","57,500","63,350","40,150","40,150","144,150","149,150","139,150","15,150","15,500","14,850","23,500","22,850","26,000","26,000","25,150","25,150"
2022-04-07,"39,150","39,150","39,350","39,350","13,450","12,300","11,400","13,950","12,900","16,150","14,100","58,350","65,000","51,650","61,250","59,150","63,350","40,150","40,150","144,150","149,150","139,150","15,250","15,650","14,850","23,650","23,000","26,000","26,000","25,150","25,150"
2022-04-08,"36,650","36,650","39,350","39,350","13,450","12,300","11,400","13,950","12,900","16,150","14,100","53,350","60,000","46,650","54,600","50,850","58,350","40,150","40,150","144,150","149,150","139,150","15,250","15,650","14,850","23,500","22,850","26,000","26,000","25,150","25,150"
2022-04-11,"36,350","36,350","39,350","39,350","13,450","12,300","11,400","13,950","12,900","16,150","14,100","48,750","56,650","40,850","44,150","40,000","48,350","39,350","39,350","144,150","149,150","139,150","15,250","15,650","14,850","23,950","22,650","26,000","26,000","25,000","25,000"
2022-04-12,"36,350","36,350","39,350","39,350","13,450","12,300","11,400","13,950","12,900","16,150","14,100","48,750","56,650","40,850","44,150","40,000","48,350","39,350","39,350","146,650","152,500","140,850","15,100","16,000","14,850","23,950","22,650","26,000","26,000","25,000","25,000"
2022-04-13,"37,150","37,150","39,650","39,650","13,450","12,300","11,400","13,950","12,900","16,150","14,100","47,100","53,350","40,850","41,250","38,350","44,150","39,000","39,000","146,650","152,500","140,850","15,250","16,000","15,000","23,950","22,650","26,000","26,000","24,500","24,500"
2022-04-14,"38,000","38,000","39,650","39,650","13,450","12,300","11,400","13,950","12,900","16,150","14,100","46,250","51,650","40,850","40,850","37,500","44,150","39,100","39,100","146,650","152,500","140,850","15,250","16,000","15,000","23,650","21,850","26,000","26,000","24,350","24,350"
2022-04-15,-,-,-,-,-,-,-,-,-,-,-,-,-,-,-,-,-,-,-,-,-,-,-,-,-,-,-,-,-,-,-
2022-04-18,"39,650","39,650","41,350","41,350","13,450","12,300","11,400","13,950","12,900","16,150","14,100","44,600","50,000","39,150","40,000","39,150","40,850","38,750","38,750","146,650","152,500","140,850","15,350","16,500","15,000","23,550","21,500","26,000","26,000","24,350","24,350"
2022-04-19,"39,650","39,650","41,350","41,350","13,450","12,300","11,400","13,950","12,900","16,150","14,100","45,400","50,000","40,850","40,000","39,150","40,850","38,600","38,600","146,650","152,500","140,850","15,350","16,500","15,000","23,550","21,500","26,000","26,000","24,650","24,650"
2022-04-20,"39,650","39,650","41,350","41,350","13,450","12,300","11,400","13,950","12,900","16,150","14,100","45,400","50,000","40,850","40,000","39,150","40,850","38,600","38,600","146,650","152,500","140,850","15,350","16,500","15,000","23,550","21,500","26,000","26,000","25,350","25,350"
2022-04-21,"39,650","39,650","41,350","41,350","13,450","12,300","11,400","13,950","12,900","16,150","14,100","44,600","50,000","39,150","40,000","39,150","40,850","38,600","38,600","146,650","152,500","140,850","15,350","16,500","15,000","23,550","21,500","26,000","26,000","25,500","25,500"
2022-04-22,"39,650","39,650","41,350","41,350","13,450","12,300","11,400","13,950","12,900","16,150","14,100","44,600","50,000","39,150","40,000","39,150","40,850","39,000","39,000","146,650","152,500","140,850","15,350","16,500","15,000","23,550","21,500","26,000","26,000","25,500","25,500"
2022-04-25,"45,000","45,000","41,650","41,650","13,450","12,300","11,400","13,950","12,900","16,150","14,100","48,350","51,650","45,000","44,250","42,650","45,850","40,350","40,350","150,000","155,850","144,150","15,650","16,250","15,350","23,600","21,150","26,500","26,000","26,000","26,000"
2022-04-26,"46,650","46,650","41,650","41,650","13,450","12,300","11,400","13,950","12,900","16,150","14,100","57,100","65,850","48,350","44,650","42,650","46,650","41,500","41,500","150,000","155,850","144,150","15,750","16,500","15,350","24,100","21,150","26,500","25,650","26,150","26,150"
2022-04-27,"45,850","45,850","42,500","42,500","13,450","12,300","11,400","13,950","12,900","16,150","14,100","58,350","69,150","47,500","46,750","42,650","50,850","41,500","41,500","150,000","155,850","144,150","15,350","15,500","15,350","24,300","21,350","27,000","25,650","26,350","26,350"
2022-04-28,"45,850","45,850","43,350","43,350","13,450","12,300","11,400","13,950","12,900","16,150","14,100","58,750","70,000","47,500","46,750","42,650","50,850","42,850","42,850","150,000","155,850","144,150","15,600","16,250","15,350","24,300","21,350","27,000","25,650","26,500","26,500"
2022-04-29,-,-,-,-,-,-,-,-,-,-,-,-,-,-,-,-,-,-,-,-,-,-,-,-,-,-,-,-,-,-,-
2022-05-02,-,-,-,-,-,-,-,-,-,-,-,-,-,-,-,-,-,-,-,-,-,-,-,-,-,-,-,-,-,-,-
2022-05-03,-,-,-,-,-,-,-,-,-,-,-,-,-,-,-,-,-,-,-,-,-,-,-,-,-,-,-,-,-,-,-
2022-05-04,-,-,-,-,-,-,-,-,-,-,-,-,-,-,-,-,-,-,-,-,-,-,-,-,-,-,-,-,-,-,-
2022-05-05,-,-,-,-,-,-,-,-,-,-,-,-,-,-,-,-,-,-,-,-,-,-,-,-,-,-,-,-,-,-,-
2022-05-06,-,-,-,-,-,-,-,-,-,-,-,-,-,-,-,-,-,-,-,-,-,-,-,-,-,-,-,-,-,-,-
2022-05-09,"40,000","40,000","42,500","42,500","13,450","12,300","11,400","13,950","12,900","16,150","14,100","50,400","57,500","43,350","41,250","39,150","43,350","41,850","41,850","146,650","152,500","140,850","15,650","16,000","15,350","23,900","20,850","25,750","26,150","26,850","26,850"
2022-05-10,"40,000","40,000","40,850","40,850","13,450","12,300","11,400","13,950","12,900","16,150","14,100","45,850","50,850","40,850","40,000","38,350","41,650","40,650","40,650","146,650","152,500","140,850","15,650","16,000","15,350","24,150","20,850","25,500","26,150","26,850","26,850"
2022-05-11,"40,000","40,000","40,850","40,850","13,450","12,300","11,400","13,950","12,900","16,150","14,100","45,850","50,850","40,850","40,000","38,350","41,650","40,100","40,100","146,650","152,500","140,850","15,650","16,000","15,350","23,900","20,850","25,750","26,150","26,500","26,500"
2022-05-12,"45,000","45,000","42,850","42,850","13,450","12,300","11,400","13,950","12,900","16,150","14,100","45,850","50,850","40,850","39,150","37,500","40,850","39,750","39,750","146,650","152,500","140,850","15,650","16,000","15,350","23,900","20,850","25,750","26,150","26,500","26,500"
2022-05-13,"47,500","47,500","42,850","42,850","13,400","12,250","11,350","13,900","12,850","16,100","14,050","46,650","52,500","40,850","39,150","37,500","40,850","39,400","39,400","146,650","152,500","140,850","15,650","16,000","15,350","23,900","20,850","26,500","26,150","26,500","26,500"
2022-05-16,-,-,-,-,-,-,-,-,-,-,-,-,-,-,-,-,-,-,-,-,-,-,-,-,-,-,-,-,-,-,-
2022-05-17,"50,850","50,850","40,350","40,350","13,400","12,250","11,350","13,900","12,850","16,100","14,050","53,350","62,500","44,150","42,100","39,150","45,000","37,650","37,650","146,650","152,500","140,850","15,650","16,000","15,350","24,100","20,650","25,750","26,150","26,650","26,650"
2022-05-18,"50,850","50,850","40,350","40,350","13,400","12,250","11,350","13,900","12,850","16,100","14,050","54,600","62,500","46,650","46,650","43,350","50,000","36,850","36,850","146,650","152,500","140,850","15,650","16,000","15,350","24,100","20,650","25,750","26,150","26,850","26,850"
2022-05-19,"50,850","50,850","40,350","40,350","13,400","12,200","11,300","13,900","12,850","16,100","14,000","56,250","62,500","50,000","53,750","47,500","60,000","36,850","36,850","146,650","152,500","140,850","15,650","16,000","15,350","24,100","20,650","25,750","26,150","27,500","27,500"
2022-05-20,"50,850","50,850","40,350","40,350","13,400","12,200","11,300","13,900","12,850","16,100","14,000","56,250","62,500","50,000","54,600","49,150","60,000","36,850","36,850","146,650","152,500","140,850","15,650","16,000","15,350","24,100","20,650","25,750","26,150","27,500","27,500"
2022-05-23,"52,500","52,500","41,150","41,150","13,400","12,200","11,300","13,900","12,850","16,100","14,000","57,900","65,850","50,000","57,500","55,000","60,000","36,000","36,000","146,650","152,500","140,850","15,650","16,000","15,350","23,350","19,850","25,750","25,500","27,850","27,850"
2022-05-24,"51,650","51,650","41,150","41,150","13,400","12,200","11,300","13,900","12,850","16,100","14,000","59,150","65,000","53,350","59,600","55,000","64,150","35,850","35,850","146,650","152,500","140,850","15,650","16,000","15,350","23,600","19,850","25,500","25,500","28,000","28,000"
2022-05-25,"51,650","51,650","41,150","41,150","13,400","12,200","11,300","13,900","12,850","16,100","14,000","60,400","65,000","55,850","63,750","57,500","70,000","35,850","35,850","146,650","152,500","140,850","15,650","16,000","15,350","23,600","19,850","25,500","25,500","28,000","28,000"
2022-05-26,-,-,-,-,-,-,-,-,-,-,-,-,-,-,-,-,-,-,-,-,-,-,-,-,-,-,-,-,-,-,-
2022-05-27,"51,650","51,650","41,150","41,150","13,400","12,200","11,300","13,900","12,850","16,100","14,000","60,400","66,650","54,150","62,500","55,000","70,000","36,350","36,350","146,650","152,500","140,850","15,650","16,000","15,350","23,700","19,850","25,500","25,850","28,150","28,150"
2022-05-30,"50,850","50,850","40,850","40,850","13,400","12,200","11,300","13,900","12,850","16,100","14,000","64,600","71,650","57,500","65,000","58,350","71,650","37,850","37,850","146,650","152,500","140,850","15,650","16,000","15,350","23,450","18,700","25,850","25,850","28,350","28,350"
2022-05-31,"50,850","50,850","40,500","40,500","13,400","12,200","11,300","13,900","12,850","16,100","14,000","65,400","71,650","59,150","65,850","58,350","73,350","38,150","38,150","146,650","152,500","140,850","15,650","16,000","15,350","23,450","18,700","25,850","25,850","28,650","28,650"
2022-06-01,-,-,-,-,-,-,-,-,-,-,-,-,-,-,-,-,-,-,-,-,-,-,-,-,-,-,-,-,-,-,-
2022-06-02,"50,850","50,850","40,500","40,500","13,400","12,200","11,300","13,900","12,850","16,100","14,050","65,400","71,650","59,150","66,650","60,000","73,350","38,500","38,500","146,650","152,500","140,850","15,650","16,000","15,350","23,350","18,400","25,850","25,850","28,850","28,850"
2022-06-03,"50,850","50,850","40,500","40,500","13,400","12,200","11,300","13,900","12,850","16,100","14,050","66,250","71,650","60,850","68,750","60,000","77,500","37,850","37,850","146,650","152,500","140,850","15,650","16,000","15,350","23,350","18,400","25,850","25,850","28,450","28,450"
2022-06-06,"55,000","55,000","40,500","40,500","13,400","12,200","11,300","13,900","12,850","16,100","14,050","72,500","75,850","69,150","86,650","73,350","100,000","38,500","38,500","146,650","152,500","140,850","15,650","16,000","15,350","23,250","18,050","25,850","25,850","29,500","29,500"
2022-06-07,"56,650","56,650","40,500","40,500","13,400","12,200","11,300","13,900","12,850","16,100","14,050","76,650","77,500","75,850","90,000","76,650","103,350","39,500","39,500","146,650","152,500","140,850","15,650","16,000","15,350","23,250","18,050","25,850","25,850","29,500","29,500"
2022-06-08,"57,500","57,500","40,500","40,500","13,400","12,200","11,300","13,900","12,850","16,100","14,050","77,900","79,150","76,650","90,000","76,650","103,350","40,350","40,350","146,650","152,500","140,850","15,650","16,000","15,350","23,250","18,050","25,850","25,850","29,250","29,250"
2022-06-09,"57,500","57,500","40,500","40,500","13,400","12,200","11,300","13,900","12,850","16,100","14,050","77,900","79,150","76,650","90,000","76,650","103,350","40,650","40,650","146,650","152,500","140,850","15,650","16,000","15,350","23,250","18,050","25,850","25,850","29,250","29,250"
2022-06-10,"57,500","57,500","40,500","40,500","13,400","12,200","11,300","13,900","12,850","16,100","14,050","77,100","77,500","76,650","87,500","76,650","98,350","40,650","40,650","146,650","152,500","140,850","15,650","16,000","15,350","23,200","17,900","25,850","25,850","29,100","29,100"
2022-06-13,"58,350","58,350","40,500","40,500","13,400","12,200","11,300","13,900","12,850","16,100","14,050","83,750","79,150","88,350","93,350","80,000","106,650","40,350","40,350","146,650","152,500","140,850","15,650","16,000","15,350","23,150","17,900","25,850","25,650","28,850","28,850"
2022-06-14,"59,150","59,150","40,500","40,500","13,400","12,200","11,300","13,900","12,850","16,100","14,050","88,350","86,650","90,000","99,150","81,650","116,650","40,350","40,350","146,650","152,500","140,850","15,650","16,000","15,350","23,050","17,650","25,850","25,650","29,000","29,000"
2022-06-15,"59,150","59,150","40,500","40,500","13,400","12,200","11,300","13,900","12,850","16,100","14,050","88,350","86,650","90,000","99,150","81,650","116,650","40,150","40,150","146,650","152,500","140,850","15,650","16,000","15,350","21,000","17,650","25,750","25,500","29,000","29,000"
2022-06-16,"60,850","60,850","40,000","40,000","13,400","12,200","11,300","13,900","12,850","16,100","14,050","88,350","86,650","90,000","99,150","81,650","116,650","40,150","40,150","146,650","152,500","140,850","15,650","16,000","15,350","20,650","17,300","25,750","25,500","29,000","29,000"
2022-06-17,"60,850","60,850","40,000","40,000","13,400","12,200","11,300","13,900","12,850","16,100","14,050","90,000","86,650","93,350","99,150","81,650","116,650","39,850","39,850","146,650","152,500","140,850","15,650","16,000","15,350","22,200","17,300","25,750","25,350","28,850","28,850"
2022-06-20,"60,850","60,850","40,000","40,000","13,400","12,200","11,300","13,900","12,850","16,100","14,050","89,150","85,000","93,350","98,350","80,000","116,650","38,750","38,750","146,650","152,500","140,850","15,650","16,000","15,350","20,600","17,150","25,750","25,500","28,900","28,900"
2022-06-21,"60,850","60,850","40,000","40,000","13,100","11,800","10,900","13,500","12,450","15,850","14,050","89,150","85,000","93,350","99,150","80,000","118,350","39,850","39,850","145,850","151,400","140,300","15,750","16,150","15,300","20,400","16,950","25,500","25,100","28,650","28,650"
2022-06-22,"60,850","60,850","39,150","39,150","13,400","12,200","11,300","13,900","12,850","16,100","14,050","89,150","85,000","93,350","98,350","78,350","118,350","38,500","38,500","146,650","152,500","140,850","15,650","16,000","15,350","20,600","17,150","25,750","25,500","28,650","28,650"
2022-06-23,"60,850","60,850","39,150","39,150","13,400","12,200","11,300","13,900","12,850","16,100","14,050","89,150","85,000","93,350","99,150","78,350","120,000","38,350","38,350","146,650","152,500","140,850","15,650","16,000","15,350","20,600","17,150","25,750","25,500","28,500","28,500"
2022-06-24,"60,850","60,850","39,150","39,150","13,400","12,200","11,300","13,900","12,850","16,100","14,050","89,150","85,000","93,350","99,150","78,350","120,000","38,850","38,850","146,650","152,500","140,850","15,650","16,000","15,350","20,600","17,150","25,750","25,500","28,350","28,350"
2022-06-27,"60,850","60,850","39,150","39,150","13,400","12,200","11,300","13,900","12,850","16,100","14,050","91,250","85,000","97,500","101,650","83,350","120,000","38,850","38,850","146,650","152,500","140,850","15,500","15,650","15,350","22,100","16,950","25,750","25,350","28,100","28,100"
2022-06-28,"68,350","68,350","39,150","39,150","13,400","12,200","11,300","13,900","12,850","16,100","14,050","91,250","85,000","97,500","101,650","83,350","120,000","38,850","38,850","146,650","152,500","140,850","15,500","15,650","15,350","22,100","16,950","25,750","25,350","28,100","28,100"
2022-06-29,"75,000","75,000","39,150","39,150","13,400","12,200","11,300","13,900","12,850","16,100","14,050","90,400","85,000","95,850","101,650","83,350","120,000","39,000","39,000","146,650","152,500","140,850","15,500","15,650","15,350","22,100","16,950","25,750","25,350","28,100","28,100"
2022-06-30,"75,000","75,000","39,150","39,150","13,400","12,150","11,250","13,850","12,800","16,100","14,050","90,400","85,000","95,850","101,650","83,350","120,000","39,000","39,000","146,650","152,500","140,850","15,500","15,650","15,350","22,100","16,950","25,750","25,350","28,100","28,100"
2022-07-01,"75,000","75,000","39,150","39,150","13,400","12,150","11,250","13,850","12,800","16,100","14,050","92,900","86,650","99,150","102,500","85,000","120,000","39,000","39,000","146,650","152,500","140,850","15,500","15,650","15,350","22,100","16,950","25,750","25,350","27,750","27,750"
2022-07-04,"81,650","81,650","38,350","38,350","13,400","12,150","11,250","13,850","12,800","16,100","14,050","100,850","96,650","105,000","105,000","90,000","120,000","38,100","38,100","145,850","151,650","140,000","15,150","15,150","15,150","20,200","16,250","25,750","25,250","27,850","27,850"
2022-07-05,"81,650","81,650","38,350","38,350","13,400","12,150","11,250","13,850","12,800","16,100","14,050","100,850","96,650","105,000","105,000","90,000","120,000","38,150","38,150","145,850","151,650","140,000","15,150","15,150","15,150","21,750","16,250","25,750","25,150","27,850","27,850"
2022-07-06,"80,850","80,850","38,350","38,350","13,400","12,150","11,250","13,850","12,800","16,100","14,050","101,650","96,650","106,650","107,100","93,350","120,850","38,150","38,150","145,850","151,650","140,000","15,150","15,150","15,150","21,750","16,250","25,750","25,150","27,850","27,850"
2022-07-07,"77,150","77,150","38,700","38,700","13,400","12,200","11,250","13,950","12,900","15,950","14,000","97,900","95,000","100,850","106,400","92,000","120,850","38,150","38,150","146,400","152,200","140,550","15,150","15,150","15,150","21,900","16,550","25,750","25,150","27,700","27,700"
2022-07-08,"80,850","80,850","38,350","38,350","13,400","12,150","11,250","13,850","12,800","16,100","14,050","99,600","96,650","102,500","107,900","95,000","120,850","39,250","39,250","145,850","151,650","140,000","15,150","15,150","15,150","21,750","16,250","25,750","25,150","27,850","27,850"
2022-07-11,"76,650","76,650","38,350","38,350","13,400","12,150","11,250","13,850","12,800","16,100","14,050","132,500","126,650","138,350","113,750","98,350","129,150","39,250","39,250","145,850","151,650","140,000","15,150","15,150","15,150","21,500","15,750","25,750","25,000","28,350","28,350"
2022-07-12,"77,200","77,200","38,000","38,000","13,900","12,800","11,900","14,500","13,400","16,650","14,200","131,400","131,650","131,100","114,850","97,200","132,500","38,200","38,200","147,100","153,350","140,850","15,100","15,150","15,050","21,700","15,700","26,250","25,200","28,350","28,350"
2022-07-13,"75,000","75,000","38,350","38,350","13,400","12,150","11,250","13,850","12,800","16,100","14,050","131,650","135,000","128,350","113,350","98,350","128,350","39,650","39,650","145,850","151,650","140,000","15,150","15,150","15,150","21,500","15,750","25,750","25,000","28,350","28,350"
2022-07-14,"75,000","75,000","37,500","37,500","13,400","12,150","11,250","13,850","12,800","16,100","14,050","110,000","111,650","108,350","104,150","98,350","110,000","39,150","39,150","145,850","151,650","140,000","15,150","15,150","15,150","21,500","15,750","25,750","25,000","28,650","28,650"
2022-07-15,"73,750","73,750","37,450","37,450","13,950","12,850","11,900","14,600","13,500","16,550","14,300","106,450","108,350","104,600","103,750","96,650","110,850","38,400","38,400","147,850","154,000","141,650","15,300","15,350","15,250","22,400","16,200","25,850","25,250","28,750","28,750"
2022-07-18,"73,350","73,350","37,500","37,500","13,400","12,150","11,250","13,850","12,800","16,100","14,050","111,650","106,650","116,650","95,000","85,000","105,000","38,850","38,850","145,850","151,650","140,000","15,150","15,150","15,150","21,450","15,600","25,750","25,000","28,500","28,500"
2022-07-19,"70,850","70,850","36,650","36,650","13,400","12,150","11,250","13,850","12,800","16,100","14,050","110,000","106,650","113,350","92,900","85,000","100,850","38,850","38,850","145,850","151,650","140,000","15,150","15,150","15,150","21,450","15,600","25,750","25,000","28,500","28,500"
2022-07-20,"70,850","70,850","36,650","36,650","13,400","12,150","11,250","13,850","12,800","16,100","14,050","110,000","106,650","113,350","91,250","81,650","100,850","38,850","38,850","145,850","151,650","140,000","15,150","15,150","15,150","21,450","15,600","25,750","25,000","28,500","28,500"
2022-07-21,"66,650","66,650","36,650","36,650","13,400","12,150","11,250","13,850","12,800","16,100","14,050","110,000","106,650","113,350","86,250","73,350","99,150","38,750","38,750","145,850","151,650","140,000","15,150","15,150","15,150","21,450","15,600","25,750","25,000","28,500","28,500"
2022-07-22,"65,850","65,850","36,650","36,650","13,400","12,150","11,250","13,850","12,800","16,100","14,050","109,150","106,650","111,650","82,900","71,650","94,150","38,750","38,750","145,850","151,650","140,000","15,150","15,150","15,150","21,450","15,600","25,750","25,000","28,500","28,500"
2022-07-25,"50,850","50,850","36,650","36,650","13,400","12,150","11,250","13,850","12,800","16,100","14,050","96,650","100,000","93,350","73,350","61,650","85,000","38,850","38,850","145,850","151,650","140,000","15,150","15,150","15,150","21,450","15,600","25,750","25,000","28,350","28,350"
2022-07-26,"50,850","50,850","36,650","36,650","13,400","12,150","11,250","13,850","12,800","16,100","14,050","95,850","98,350","93,350","72,500","61,650","83,350","39,150","39,150","145,850","151,650","140,000","15,150","15,150","15,150","21,450","15,600","25,750","25,000","28,350","28,350"
2022-07-27,"50,850","50,850","36,650","36,650","13,400","12,150","11,250","13,850","12,800","16,100","14,050","95,850","98,350","93,350","72,100","60,850","83,350","39,150","39,150","145,850","151,650","140,000","15,150","15,150","15,150","21,450","15,600","25,750","25,000","28,350","28,350"
2022-07-28,"49,150","49,150","36,650","36,650","13,400","12,150","11,250","13,850","12,800","16,100","14,050","95,000","96,650","93,350","70,400","59,150","81,650","39,150","39,150","145,850","151,650","140,000","15,150","15,150","15,150","21,450","15,600","25,750","25,000","28,350","28,350"
2022-07-29,"49,150","49,150","36,650","36,650","13,400","12,150","11,250","13,850","12,800","16,100","14,050","95,000","96,650","93,350","69,600","57,500","81,650","39,250","39,250","145,850","151,650","140,000","15,150","15,150","15,150","21,450","15,600","25,750","25,000","28,350","28,350"
2022-08-01,"47,500","47,500","37,500","37,500","13,400","12,150","11,250","13,850","12,800","16,100","14,050","88,750","90,850","86,650","69,150","59,150","79,150","38,750","38,750","145,850","151,650","140,000","15,150","15,150","15,150","21,200","15,400","25,250","24,650","28,000","28,000"
2022-08-02,"47,500","47,500","37,500","37,500","13,400","12,150","11,250","13,850","12,800","16,100","14,050","88,750","90,850","86,650","69,150","59,150","79,150","38,750","38,750","145,850","151,650","140,000","15,150","15,150","15,150","20,550","15,400","23,250","24,000","28,000","28,000"
2022-08-03,"47,500","47,500","37,500","37,500","13,400","12,150","11,250","13,850","12,800","16,100","14,050","87,100","87,500","86,650","69,150","59,150","79,150","38,150","38,150","145,850","151,650","140,000","15,150","15,150","15,150","19,600","15,400","22,300","22,200","28,000","28,000"
2022-08-04,"47,500","47,500","37,500","37,500","13,400","12,150","11,250","13,850","12,800","16,100","14,050","87,100","87,500","86,650","69,150","59,150","79,150","37,900","37,900","145,850","151,650","140,000","15,150","15,150","15,150","19,600","15,400","22,300","22,200","28,000","28,000"
2022-08-05,"47,500","47,500","37,500","37,500","13,400","12,150","11,250","13,850","12,800","16,100","14,050","87,100","87,500","86,650","69,150","59,150","79,150","37,350","37,350","145,850","151,650","140,000","15,150","15,150","15,150","19,600","15,400","22,300","22,200","27,850","27,850"
2022-08-08,"45,000","45,000","37,500","37,500","13,400","12,200","11,300","13,900","12,850","16,150","14,100","85,000","85,850","84,150","69,150","59,150","79,150","36,350","36,350","145,850","151,650","140,000","15,150","15,150","15,150","19,400","15,250","22,300","21,850","27,650","27,650"
2022-08-09,"44,700","44,700","37,500","37,500","12,650","11,350","10,450","13,000","11,950","15,450","13,800","86,550","88,600","84,450","67,800","58,050","77,500","38,750","38,750","143,750","149,150","138,350","15,050","15,050","15,050","19,200","15,300","21,850","21,550","27,550","27,550"
2022-08-10,"45,000","45,000","37,500","37,500","13,400","12,200","11,300","13,900","12,850","16,150","14,100","83,750","83,350","84,150","67,100","59,150","75,000","35,850","35,850","145,850","151,650","140,000","15,150","15,150","15,150","19,400","15,250","22,300","21,850","28,000","28,000"
2022-08-11,"42,500","42,500","37,500","37,500","13,400","12,200","11,300","13,900","12,850","16,150","14,100","80,400","80,000","80,850","64,600","59,150","70,000","35,850","35,850","145,850","151,650","140,000","15,150","15,150","15,150","19,400","15,250","22,300","21,850","28,150","28,150"
2022-08-12,"41,650","41,650","37,500","37,500","13,400","12,200","11,300","13,900","12,850","16,150","14,100","79,600","80,000","79,150","63,750","59,150","68,350","35,850","35,850","145,850","151,650","140,000","15,150","15,150","15,150","19,400","15,250","22,300","21,850","29,350","29,350"
2022-08-15,"39,150","39,150","37,500","37,500","13,450","12,250","11,350","13,950","12,900","16,200","14,150","78,350","80,850","75,850","60,000","57,500","62,500","36,350","36,350","145,850","151,650","140,000","15,150","15,150","15,150","19,400","15,250","22,300","21,850","29,850","29,850"
2022-08-16,"39,150","39,150","37,500","37,500","13,500","12,300","11,400","13,950","12,900","16,200","14,150","78,350","80,850","75,850","59,150","57,500","60,850","36,850","36,850","145,850","151,650","140,000","15,150","15,150","15,150","19,400","15,250","22,300","21,850","30,150","30,150"
2022-08-17,-,-,-,-,-,-,-,-,-,-,-,-,-,-,-,-,-,-,-,-,-,-,-,-,-,-,-,-,-,-,-
2022-08-18,"39,150","39,150","37,500","37,500","13,600","12,400","11,500","14,050","13,000","16,300","14,250","78,350","80,850","75,850","57,900","55,000","60,850","37,350","37,350","145,850","151,650","140,000","15,150","15,150","15,150","19,400","15,250","22,300","21,850","31,000","31,000"
2022-08-19,"39,150","39,150","37,500","37,500","13,600","12,400","11,500","14,050","13,000","16,300","14,250","79,150","80,850","77,500","57,900","55,000","60,850","37,500","37,500","145,850","151,650","140,000","15,150","15,150","15,150","19,750","15,250","22,200","21,850","31,000","31,000"
2022-08-22,"38,350","38,350","37,500","37,500","13,600","12,400","11,500","14,050","13,000","16,300","14,250","76,650","76,650","76,650","57,500","55,000","60,000","37,600","37,600","145,850","151,650","140,000","15,150","15,150","15,150","19,750","15,250","22,200","21,850","31,350","31,350"
2022-08-23,"41,000","41,000","36,250","36,250","13,550","12,550","11,500","14,000","13,350","16,000","14,000","73,850","74,650","73,000","60,000","59,000","61,000","37,150","37,150","146,650","152,350","141,000","15,100","15,150","15,000","19,800","15,250","22,200","21,950","30,850","30,850"
2022-08-24,"38,350","38,350","37,500","37,500","13,600","12,400","11,500","14,100","13,050","16,300","14,300","74,150","75,000","73,350","56,650","55,000","58,350","37,400","37,400","145,850","151,650","140,000","15,150","15,150","15,150","19,750","15,250","22,200","21,850","31,350","31,350"
2022-08-25,"37,500","37,500","37,500","37,500","13,650","12,450","11,550","14,100","13,050","16,350","14,300","72,500","71,650","73,350","55,850","55,000","56,650","37,400","37,400","145,850","151,650","140,000","15,150","15,150","15,150","19,750","15,250","22,200","21,850","31,350","31,350"
2022-08-26,"38,250","38,250","35,500","35,500","13,700","12,550","11,650","14,250","13,200","16,150","14,300","71,350","70,550","72,100","57,600","57,100","58,050","36,200","36,200","146,400","152,150","140,650","15,150","15,200","15,100","19,900","15,200","22,600","21,850","30,800","30,800"
2022-08-29,"37,500","37,500","37,500","37,500","13,650","12,450","11,550","14,100","13,050","16,350","14,300","71,250","70,850","71,650","57,500","55,000","60,000","35,650","35,650","145,850","151,650","140,000","15,150","15,150","15,150","19,750","15,250","22,200","21,850","31,000","31,000"
2022-08-30,"37,500","37,500","37,500","37,500","13,650","12,500","11,600","14,150","13,100","16,400","14,350","70,400","70,850","70,000","57,500","55,000","60,000","34,850","34,850","145,850","151,650","140,000","15,150","15,150","15,150","19,750","15,250","22,200","21,850","30,850","30,850"
2022-08-31,"39,150","39,150","37,500","37,500","13,650","12,500","11,600","14,150","13,100","16,400","14,350","70,850","70,850","70,850","57,500","55,000","60,000","34,650","34,650","145,850","151,650","140,000","15,150","15,150","15,150","19,750","15,250","22,200","21,850","30,650","30,650"
2022-09-01,"39,150","39,150","37,500","37,500","13,650","12,500","11,600","14,150","13,100","16,400","14,350","73,350","71,650","75,000","58,350","56,650","60,000","34,150","34,150","145,850","151,650","140,000","15,150","15,150","15,150","19,750","15,250","22,200","21,850","30,500","30,500"
2022-09-02,"39,150","39,150","37,500","37,500","13,650","12,500","11,600","14,150","13,100","16,400","14,350","74,150","73,350","75,000","59,150","56,650","61,650","34,150","34,150","145,850","151,650","140,000","15,150","15,150","15,150","19,750","15,250","22,200","21,850","30,000","30,000"
2022-09-05,"40,850","40,850","37,500","37,500","13,650","12,500","11,600","14,150","13,100","16,400","14,350","82,900","79,150","86,650","59,600","56,650","62,500","35,000","35,000","145,850","151,650","140,000","15,150","15,150","15,150","19,750","15,250","22,200","21,850","29,850","29,850"
2022-09-06,"39,900","39,900","36,450","36,450","12,650","11,300","10,450","12,900","11,900","15,450","13,900","81,900","80,850","82,900","60,000","55,400","64,600","36,350","36,350","142,600","147,700","137,500","14,850","14,900","14,800","19,300","15,000","21,900","21,100","29,150","29,150"
2022-09-07,"41,650","41,650","37,500","37,500","13,650","12,500","11,600","14,150","13,100","16,400","14,350","83,350","79,150","87,500","64,600","60,000","69,150","35,350","35,350","145,850","151,650","140,000","15,150","15,150","15,150","19,750","15,250","22,200","21,850","29,150","29,150"
2022-09-08,"41,650","41,650","37,500","37,500","13,650","12,500","11,600","14,150","13,100","16,400","14,350","83,350","79,150","87,500","64,600","60,000","69,150","35,350","35,350","145,850","151,650","140,000","15,150","15,150","15,150","19,700","15,100","22,200","21,850","29,150","29,150"
2022-09-09,"41,650","41,650","37,500","37,500","13,750","12,550","11,650","14,200","13,150","16,500","14,500","83,350","79,150","87,500","64,600","60,000","69,150","35,400","35,400","145,850","151,650","140,000","15,150","15,150","15,150","19,700","15,100","22,200","21,850","29,000","29,000"
2022-09-12,"39,150","39,150","38,350","38,350","13,750","12,550","11,650","14,200","13,150","16,500","14,500","80,850","80,000","81,650","59,600","51,650","67,500","34,250","34,250","145,850","151,650","140,000","15,150","15,150","15,150","19,700","15,100","22,200","21,850","28,850","28,850"
2022-09-13,"44,150","44,150","37,900","37,900","13,450","12,250","11,450","13,750","12,800","16,350","14,200","85,000","83,350","86,650","65,650","56,650","74,600","35,000","35,000","144,500","150,350","138,650","15,000","15,050","15,000","19,900","14,800","22,500","22,400","28,750","28,750"
2022-09-14,"39,150","39,150","38,350","38,350","13,750","12,550","11,650","14,200","13,150","16,500","14,500","78,750","77,500","80,000","61,650","53,350","70,000","34,600","34,600","145,850","151,650","140,000","15,150","15,150","15,150","19,800","15,100","22,500","21,850","28,650","28,650"
2022-09-15,"39,150","39,150","38,350","38,350","13,750","12,550","11,650","14,200","13,150","16,500","14,500","78,750","77,500","80,000","61,650","53,350","70,000","35,000","35,000","145,850","151,650","140,000","15,150","15,150","15,150","19,800","15,100","22,500","21,850","28,650","28,650"
2022-09-16,"38,000","38,000","38,350","38,350","13,750","12,550","11,650","14,200","13,150","16,500","14,500","75,400","74,150","76,650","61,650","53,350","70,000","35,000","35,000","145,850","151,650","140,000","15,150","15,150","15,150","19,700","15,100","22,200","21,850","28,500","28,500"
2022-09-19,"38,850","38,850","38,000","38,000","13,750","12,550","11,650","14,200","13,150","16,500","14,500","74,600","74,150","75,000","65,400","53,350","77,500","35,000","35,000","145,850","151,650","140,000","15,150","15,150","15,150","19,600","14,900","21,950","21,850","27,350","27,350"
2022-09-20,"38,200","38,200","36,900","36,900","12,900","11,550","10,700","13,100","12,150","15,750","14,050","78,200","78,350","78,050","64,450","51,650","77,200","35,900","35,900","142,850","148,000","137,650","14,950","14,950","14,900","19,300","14,650","21,750","21,550","27,500","27,500"
2022-09-21,"38,850","38,850","38,000","38,000","13,750","12,550","11,650","14,200","13,150","16,550","14,500","75,000","75,000","75,000","65,400","51,650","79,150","35,000","35,000","145,850","151,650","140,000","15,150","15,150","15,150","19,500","14,750","21,950","21,850","27,000","27,000"
2022-09-22,"38,850","38,850","38,000","38,000","13,750","12,550","11,650","14,200","13,150","16,550","14,500","75,000","75,000","75,000","65,400","51,650","79,150","35,000","35,000","145,850","151,650","140,000","15,150","15,150","15,150","19,500","14,750","21,950","21,850","26,650","26,650"
2022-09-23,"38,850","38,850","38,000","38,000","13,750","12,550","11,650","14,200","13,150","16,550","14,500","75,000","75,000","75,000","64,150","50,000","78,350","34,850","34,850","145,850","151,650","140,000","15,150","15,150","15,150","19,500","14,750","21,950","21,850","26,500","26,500"
2022-09-26,"38,350","38,350","37,150","37,150","13,750","12,550","11,650","14,200","13,150","16,550","14,500","68,750","69,150","68,350","57,900","45,000","70,850","35,000","35,000","145,850","151,650","140,000","15,150","15,150","15,150","19,500","14,750","21,950","21,850","25,650","25,650"
2022-09-27,"40,850","40,850","37,350","37,350","13,000","11,650","10,800","13,300","12,250","15,850","14,150","75,350","75,000","75,650","60,400","48,000","72,850","37,250","37,250","145,000","150,550","139,450","15,100","15,100","15,100","19,600","14,900","22,000","21,950","26,050","26,050"
2022-09-28,"38,350","38,350","37,150","37,150","13,750","12,550","11,650","14,200","13,150","16,550","14,500","67,100","67,500","66,650","55,400","43,350","67,500","35,000","35,000","145,850","151,650","140,000","15,150","15,150","15,150","19,500","14,750","21,850","21,850","25,650","25,650"
2022-09-29,"37,500","37,500","36,350","36,350","13,750","12,550","11,650","14,200","13,150","16,550","14,500","67,900","67,500","68,350","55,400","42,500","68,350","34,850","34,850","145,850","151,650","140,000","15,150","15,150","15,150","19,500","14,750","21,850","21,850","25,150","25,150"
2022-09-30,"37,500","37,500","36,350","36,350","13,750","12,550","11,650","14,200","13,150","16,550","14,500","67,900","67,500","68,350","55,400","42,500","68,350","34,650","34,650","145,850","151,650","140,000","15,150","15,150","15,150","19,500","14,750","21,850","21,850","25,000","25,000"
2022-10-03,"38,350","38,350","35,500","35,500","13,750","12,550","11,650","14,200","13,150","16,500","14,450","63,350","63,350","63,350","54,150","43,350","65,000","34,250","34,250","142,500","148,350","136,650","15,150","15,150","15,150","19,050","14,750","21,800","21,850","24,500","24,500"
2022-10-04,"38,350","38,350","35,500","35,500","13,750","12,550","11,650","14,200","13,150","16,500","14,450","63,350","63,350","63,350","54,150","43,350","65,000","34,250","34,250","142,500","148,350","136,650","15,150","15,150","15,150","19,500","14,750","21,850","21,850","24,500","24,500"
2022-10-05,"38,350","38,350","35,500","35,500","13,750","12,550","11,650","14,200","13,150","16,500","14,450","63,350","63,350","63,350","53,350","41,650","65,000","34,400","34,400","142,500","148,350","136,650","15,150","15,150","15,150","19,500","14,750","21,850","21,850","24,150","24,150"
2022-10-06,"38,350","38,350","35,500","35,500","13,750","12,550","11,650","14,200","13,150","16,500","14,450","63,350","63,350","63,350","51,650","40,000","63,350","34,400","34,400","142,500","148,350","136,650","15,150","15,150","15,150","19,500","14,750","21,850","21,850","24,150","24,150"
2022-10-07,"38,350","38,350","35,500","35,500","13,750","12,550","11,650","14,200","13,150","16,500","14,450","63,350","63,350","63,350","52,100","40,850","63,350","34,650","34,650","142,500","148,350","136,650","15,150","15,150","15,150","19,500","14,750","21,850","21,850","24,850","24,850"
2022-10-10,"40,000","40,000","35,500","35,500","13,750","12,550","11,650","14,200","13,150","16,500","14,450","65,000","64,150","65,850","51,250","39,150","63,350","34,850","34,850","142,500","148,350","136,650","15,150","15,150","15,150","19,050","14,750","21,200","21,200","25,650","25,650"
2022-10-11,"40,000","40,000","35,500","35,500","13,750","12,550","11,650","14,200","13,150","16,500","14,450","65,850","64,150","67,500","51,650","39,150","64,150","34,850","34,850","142,500","148,350","136,650","15,150","15,150","15,150","19,050","14,750","21,200","21,200","25,650","25,650"
2022-10-12,"40,000","40,000","35,500","35,500","13,750","12,550","11,650","14,200","13,150","16,500","14,450","68,350","64,150","72,500","52,500","39,150","65,850","34,850","34,850","142,500","148,350","136,650","15,150","15,150","15,150","19,050","14,750","21,200","21,200","25,600","25,600"
2022-10-13,"40,000","40,000","35,500","35,500","13,750","12,550","11,650","14,200","13,150","16,500","14,450","68,350","64,150","72,500","52,500","39,150","65,850","34,850","34,850","142,500","148,350","136,650","15,150","15,150","15,150","19,050","14,750","21,200","21,200","25,750","25,750"
2022-10-14,"40,000","40,000","35,500","35,500","13,750","12,550","11,650","14,200","13,150","16,500","14,450","67,900","64,150","71,650","52,100","39,150","65,000","34,750","34,750","142,500","148,350","136,650","15,150","15,150","15,150","19,050","14,750","21,200","21,200","25,750","25,750"
2022-10-17,"40,000","40,000","35,500","35,500","13,750","12,550","11,650","14,200","13,150","16,500","14,450","61,250","60,000","62,500","51,650","40,850","62,500","34,400","34,400","142,500","148,350","136,650","15,150","15,150","15,150","19,050","14,750","21,200","21,200","26,100","26,100"
2022-10-18,"40,000","40,000","35,500","35,500","13,750","12,550","11,650","14,200","13,150","16,500","14,450","58,350","58,350","58,350","48,350","40,850","55,850","34,100","34,100","142,500","148,350","136,650","15,150","15,150","15,150","19,050","14,750","21,200","21,200","26,250","26,250"
2022-10-19,"39,150","39,150","35,500","35,500","13,750","12,550","11,650","14,200","13,150","16,500","14,450","55,850","56,650","55,000","47,100","38,350","55,850","33,750","33,750","142,500","148,350","136,650","15,150","15,150","15,150","19,150","15,100","21,200","21,200","26,900","26,900"
2022-10-20,"39,150","39,150","35,500","35,500","13,750","12,550","11,650","14,200","13,150","16,500","14,450","57,100","58,350","55,850","47,100","38,350","55,850","33,750","33,750","142,500","148,350","136,650","15,150","15,150","15,150","19,300","15,600","21,200","21,200","27,100","27,100"
2022-10-21,"39,150","39,150","35,500","35,500","13,750","12,550","11,650","14,200","13,150","16,500","14,450","55,400","56,650","54,150","46,250","38,350","54,150","34,250","34,250","142,500","148,350","136,650","15,150","15,150","15,150","19,100","15,600","20,850","20,850","27,100","27,100"
2022-10-24,"38,000","38,000","35,500","35,500","13,750","12,550","11,650","14,200","13,150","16,500","14,450","52,900","54,150","51,650","45,400","37,500","53,350","34,100","34,100","142,500","148,350","136,650","15,150","15,150","15,150","19,100","15,600","20,850","20,850","27,100","27,100"
2022-10-25,"38,000","38,000","35,500","35,500","13,750","12,550","11,650","14,200","13,150","16,500","14,450","52,100","52,500","51,650","44,600","35,850","53,350","34,600","34,600","142,500","148,350","136,650","15,150","15,150","15,150","19,100","15,600","20,850","20,850","27,100","27,100"
2022-10-26,"38,000","38,000","35,500","35,500","13,750","12,550","11,650","14,200","13,150","16,500","14,450","52,100","52,500","51,650","44,600","35,850","53,350","35,100","35,100","142,500","148,350","136,650","15,150","15,150","15,150","19,100","15,600","20,850","20,850","27,100","27,100"
2022-10-27,"38,000","38,000","35,500","35,500","13,750","12,550","11,650","14,200","13,150","16,500","14,450","52,100","52,500","51,650","44,600","35,850","53,350","35,400","35,400","142,500","148,350","136,650","15,150","15,150","15,150","19,100","15,600","20,850","20,850","27,100","27,100"
2022-10-28,"38,000","38,000","35,500","35,500","13,750","12,550","11,650","14,200","13,150","16,500","14,450","52,100","52,500","51,650","44,600","35,850","53,350","35,650","35,650","142,500","148,350","136,650","15,150","15,150","15,150","19,100","15,600","20,850","20,850","26,900","26,900"
2022-10-31,"39,650","39,650","35,000","35,000","13,750","12,550","11,650","14,200","13,150","16,500","14,450","52,100","52,500","51,650","42,900","35,850","50,000","36,150","36,150","142,500","148,350","136,650","15,150","15,150","15,150","19,100","15,600","20,850","20,850","26,850","26,850"
2022-11-01,"39,650","39,650","35,000","35,000","13,750","12,550","11,650","14,200","13,150","16,500","14,450","52,100","52,500","51,650","42,900","35,850","50,000","36,150","36,150","142,500","148,350","136,650","15,150","15,150","15,150","19,100","15,600","20,850","20,850","26,900","26,900"
2022-11-02,"39,650","39,650","35,000","35,000","13,750","12,550","11,650","14,200","13,150","16,500","14,450","52,100","52,500","51,650","42,900","35,850","50,000","36,350","36,350","142,500","148,350","136,650","15,150","15,150","15,150","19,100","15,600","20,850","20,850","26,900","26,900"
2022-11-03,"39,650","39,650","35,000","35,000","13,750","12,550","11,650","14,200","13,150","16,500","14,450","51,650","52,500","50,850","42,500","36,650","48,350","36,350","36,350","142,500","148,350","136,650","15,150","15,150","15,150","19,100","15,600","20,850","20,850","26,900","26,900"
2022-11-04,"39,650","39,650","35,000","35,000","13,750","12,550","11,650","14,200","13,150","16,500","14,450","48,350","50,850","45,850","41,650","36,650","46,650","36,150","36,150","142,500","148,350","136,650","15,150","15,150","15,150","19,100","15,600","20,850","20,850","26,850","26,850"
2022-11-07,"39,650","39,650","35,000","35,000","13,750","12,550","11,650","14,200","13,150","16,500","14,450","47,900","50,000","45,850","40,850","35,850","45,850","36,000","36,000","142,500","148,350","136,650","15,150","15,150","15,150","19,100","15,600","20,850","20,850","27,350","27,350"
2022-11-08,"39,650","39,650","35,000","35,000","13,750","12,550","11,650","14,200","13,150","16,500","14,450","47,100","50,000","44,150","40,400","35,000","45,850","35,650","35,650","142,500","148,350","136,650","15,150","15,150","15,150","19,100","15,600","20,850","20,850","27,500","27,500"
2022-11-09,"39,650","39,650","35,000","35,000","13,800","12,600","11,700","14,250","13,200","16,550","14,500","47,100","50,000","44,150","40,400","35,000","45,850","35,650","35,650","142,500","148,350","136,650","15,150","15,150","15,150","19,100","15,600","20,850","20,850","27,500","27,500"
2022-11-10,"39,650","39,650","35,150","35,150","14,100","12,900","12,050","14,550","13,550","16,900","14,550","52,850","54,350","51,350","42,100","36,650","47,500","35,450","35,450","145,000","151,100","138,900","15,100","15,150","15,050","19,400","15,250","21,550","21,500","28,150","28,150"
2022-11-11,"38,850","38,850","35,000","35,000","13,800","12,600","11,700","14,250","13,200","16,550","14,500","47,100","50,000","44,150","38,750","33,350","44,150","35,500","35,500","142,500","148,350","136,650","15,150","15,150","15,150","19,100","15,600","20,850","20,850","27,500","27,500"
2022-11-14,"37,150","37,150","35,000","35,000","13,800","12,600","11,700","14,250","13,200","16,550","14,500","45,400","47,500","43,350","37,500","33,350","41,650","35,150","35,150","142,500","148,350","136,650","15,150","15,150","15,150","19,000","15,600","20,550","20,850","27,850","27,850"
2022-11-15,"37,150","37,150","35,000","35,000","13,800","12,600","11,700","14,250","13,200","16,550","14,500","45,400","47,500","43,350","37,500","33,350","41,650","35,350","35,350","142,500","148,350","136,650","15,150","15,150","15,150","19,000","15,600","20,550","20,850","28,000","28,000"
2022-11-16,"37,150","37,150","35,000","35,000","13,800","12,600","11,700","14,250","13,200","16,550","14,500","45,400","47,500","43,350","37,900","33,350","42,500","35,650","35,650","142,500","148,350","136,650","15,150","15,150","15,150","19,000","15,600","20,550","20,850","28,000","28,000"
2022-11-17,"37,150","37,150","35,000","35,000","13,800","12,600","11,700","14,250","13,200","16,550","14,500","45,400","47,500","43,350","39,600","33,350","45,850","36,000","36,000","142,500","148,350","136,650","15,150","15,150","15,150","19,000","15,600","20,550","20,850","28,150","28,150"
2022-11-18,"37,150","37,150","35,000","35,000","13,800","12,600","11,700","14,250","13,200","16,550","14,500","45,400","47,500","43,350","40,000","33,350","46,650","36,000","36,000","142,500","148,350","136,650","15,150","15,150","15,150","19,150","16,100","20,550","20,850","28,150","28,150"
2022-11-21,"38,000","38,000","35,000","35,000","13,800","12,600","11,700","14,250","13,200","16,550","14,500","45,400","47,500","43,350","41,250","34,150","48,350","35,850","35,850","142,500","148,350","136,650","15,150","15,150","15,150","19,250","16,250","20,700","20,850","28,350","28,350"
2022-11-22,"38,000","38,000","35,000","35,000","13,850","12,650","11,750","14,300","13,250","16,600","14,550","45,400","47,500","43,350","41,250","34,150","48,350","35,850","35,850","142,500","148,350","136,650","15,150","15,150","15,150","19,050","16,400","20,700","20,050","28,500","28,500"
2022-11-23,"38,000","38,000","35,000","35,000","13,850","12,650","11,750","14,300","13,250","16,600","14,550","45,400","47,500","43,350","40,850","34,150","47,500","35,850","35,850","142,500","148,350","136,650","15,150","15,150","15,150","19,300","16,400","20,700","20,700","28,500","28,500"
2022-11-24,"38,000","38,000","35,000","35,000","13,850","12,650","11,750","14,300","13,250","16,600","14,550","45,400","47,500","43,350","40,850","34,150","47,500","35,650","35,650","142,500","148,350","136,650","15,150","15,150","15,150","19,300","16,400","20,700","20,700","28,500","28,500"
2022-11-25,"37,150","37,150","34,150","34,150","13,850","12,650","11,750","14,300","13,250","16,600","14,550","44,600","45,850","43,350","40,850","34,150","47,500","35,650","35,650","142,500","148,350","136,650","15,150","15,150","15,150","19,300","16,400","20,700","20,700","28,850","28,850"
2022-11-28,"37,150","37,150","34,150","34,150","13,900","12,700","11,800","14,350","13,300","16,600","14,600","43,350","44,150","42,500","40,850","34,150","47,500","35,850","35,850","142,500","148,350","136,650","15,150","15,150","15,150","19,350","16,600","20,700","20,700","29,850","29,850"
2022-11-29,"37,150","37,150","34,150","34,150","13,900","12,700","11,800","14,350","13,300","16,600","14,600","43,350","44,150","42,500","40,850","34,150","47,500","35,350","35,350","142,500","148,350","136,650","15,150","15,150","15,150","19,350","16,600","20,700","20,700","30,150","30,150"
2022-11-30,"37,150","37,150","34,150","34,150","13,900","12,700","11,800","14,350","13,300","16,650","14,600","44,150","44,150","44,150","40,850","34,150","47,500","35,350","35,350","142,500","148,350","136,650","15,150","15,150","15,150","19,350","16,600","20,700","20,700","30,350","30,350"
2022-12-01,"37,150","37,150","34,150","34,150","13,950","12,750","11,850","14,400","13,350","16,700","14,650","44,150","44,150","44,150","41,250","34,150","48,350","35,350","35,350","142,500","148,350","136,650","15,150","15,150","15,150","19,500","17,100","20,700","20,700","30,350","30,350"
2022-12-02,"37,150","37,150","34,150","34,150","14,000","12,800","11,900","14,450","13,400","16,700","14,700","44,150","44,150","44,150","42,100","34,150","50,000","35,350","35,350","142,500","148,350","136,650","15,150","15,150","15,150","19,500","17,100","20,700","20,700","30,500","30,500"
2022-12-05,"37,150","37,150","33,650","33,650","14,000","12,800","11,900","14,450","13,400","16,700","14,700","45,000","45,850","44,150","48,350","43,350","53,350","35,150","35,150","142,500","148,350","136,650","15,150","15,150","15,150","19,600","17,100","20,700","21,050","31,500","31,500"
2022-12-06,"37,150","37,150","33,650","33,650","14,000","12,800","11,900","14,450","13,400","16,700","14,700","45,000","45,850","44,150","51,250","49,150","53,350","35,000","35,000","142,500","148,350","136,650","15,150","15,150","15,150","19,600","17,100","20,700","21,050","31,500","31,500"
2022-12-07,"37,150","37,150","33,650","33,650","14,000","12,800","11,900","14,450","13,400","16,700","14,700","45,850","45,850","45,850","56,250","53,350","59,150","35,000","35,000","142,500","148,350","136,650","15,150","15,150","15,150","19,600","17,100","20,700","21,050","31,650","31,650"
2022-12-08,"37,150","37,150","33,650","33,650","14,000","12,800","11,900","14,450","13,400","16,700","14,700","45,850","45,850","45,850","56,650","53,350","60,000","35,000","35,000","142,500","148,350","136,650","15,150","15,150","15,150","19,600","17,100","20,700","21,050","31,650","31,650"
2022-12-09,"37,150","37,150","33,650","33,650","14,000","12,800","11,900","14,450","13,400","16,750","14,700","45,850","45,850","45,850","57,100","54,150","60,000","35,150","35,150","142,500","148,350","136,650","15,150","15,150","15,150","19,850","17,100","21,350","21,050","31,650","31,650"
2022-12-12,"36,350","36,350","33,650","33,650","14,000","12,800","11,900","14,450","13,400","16,750","14,700","45,000","45,000","45,000","56,650","55,850","57,500","36,150","36,150","142,500","148,350","136,650","15,150","15,150","15,150","19,850","17,100","21,350","21,050","31,650","31,650"
2022-12-13,"36,350","36,350","33,650","33,650","14,000","12,800","11,900","14,450","13,400","16,750","14,700","45,400","45,000","45,850","56,650","55,850","57,500","36,650","36,650","142,500","148,350","136,650","15,150","15,150","15,150","19,850","17,100","21,350","21,050","31,650","31,650"
2022-12-14,"36,350","36,350","33,650","33,650","14,050","12,850","11,950","14,500","13,450","16,800","14,750","45,400","45,000","45,850","54,150","55,850","52,500","36,650","36,650","142,500","148,350","136,650","15,150","15,150","15,150","19,850","17,100","21,350","21,050","31,350","31,350"
2022-12-15,"36,350","36,350","33,650","33,650","14,050","12,850","11,950","14,500","13,450","16,800","14,750","45,400","45,000","45,850","54,600","56,650","52,500","36,850","36,850","142,500","148,350","136,650","15,150","15,150","15,150","19,850","17,100","21,350","21,050","31,350","31,350"
2022-12-16,"36,350","36,350","35,350","35,350","14,050","12,850","11,950","14,500","13,450","16,800","14,750","45,400","45,000","45,850","55,400","58,350","52,500","37,000","37,000","142,500","148,350","136,650","15,150","15,150","15,150","19,850","17,100","21,350","21,050","31,000","31,000"
2022-12-19,"36,650","36,650","35,350","35,350","14,050","12,850","11,950","14,500","13,450","16,800","14,750","44,600","45,000","44,150","55,000","57,500","52,500","37,500","37,500","142,500","148,350","136,650","15,150","15,150","15,150","19,850","17,100","21,350","21,050","30,650","30,650"
2022-12-20,"36,650","36,650","35,350","35,350","14,050","12,850","11,950","14,500","13,450","16,800","14,750","44,600","45,000","44,150","55,000","57,500","52,500","37,650","37,650","142,500","148,350","136,650","15,150","15,150","15,150","19,850","17,100","21,350","21,050","30,350","30,350"
2022-12-21,"36,650","36,650","35,350","35,350","14,050","12,850","11,950","14,500","13,450","16,800","14,750","43,350","44,150","42,500","55,000","57,500","52,500","38,350","38,350","142,500","148,350","136,650","15,150","15,150","15,150","19,800","17,100","21,350","20,850","30,000","30,000"
2022-12-22,"36,650","36,650","35,350","35,350","14,050","12,850","11,950","14,500","13,450","16,800","14,750","43,350","44,150","42,500","55,000","57,500","52,500","38,650","38,650","142,500","148,350","136,650","15,150","15,150","15,150","19,800","17,100","21,350","20,850","30,000","30,000"
2022-12-23,"36,650","36,650","35,350","35,350","14,050","12,850","11,950","14,500","13,450","16,800","14,750","43,350","44,150","42,500","55,000","57,500","52,500","38,850","38,850","142,500","148,350","136,650","15,150","15,150","15,150","19,800","17,100","21,350","20,850","30,000","30,000"
2022-12-26,"36,650","36,650","35,350","35,350","14,050","12,850","11,950","14,500","13,450","16,800","14,750","42,900","43,350","42,500","55,400","57,500","53,350","38,850","38,850","142,500","148,350","136,650","15,150","15,150","15,150","19,900","17,100","21,700","20,850","29,650","29,650"
2022-12-27,"35,400","35,400","34,200","34,200","13,050","11,700","10,850","13,300","12,350","15,900","14,250","40,600","40,950","40,250","50,250","49,400","51,050","38,950","38,950","138,950","144,150","133,750","14,950","14,950","14,950","19,500","17,000","21,100","20,350","29,600","29,600"
2022-12-28,"37,500","37,500","34,850","34,850","14,050","12,850","11,950","14,500","13,450","16,800","14,750","42,900","43,350","42,500","56,250","57,500","55,000","38,500","38,500","142,500","148,350","136,650","15,150","15,150","15,150","19,900","17,100","21,700","20,850","29,000","29,000"
2022-12-29,"37,500","37,500","34,850","34,850","14,050","12,850","11,950","14,500","13,450","16,800","14,750","42,900","43,350","42,500","56,250","57,500","55,000","38,350","38,350","142,500","148,350","136,650","15,150","15,150","15,150","19,900","17,100","21,700","20,850","29,000","29,000"
2022-12-30,"37,500","37,500","34,850","34,850","14,050","12,850","11,950","14,500","13,450","16,800","14,750","42,900","43,350","42,500","57,100","57,500","56,650","38,350","38,350","142,500","148,350","136,650","15,150","15,150","15,150","19,900","17,100","21,700","20,850","29,000","29,000"
2023-01-02,"40,850","40,850","34,850","34,850","14,050","12,850","11,950","14,500","13,450","16,800","14,750","52,500","46,650","58,350","77,500","73,350","81,650","37,850","37,850","142,500","148,350","136,650","15,150","15,150","15,150","19,900","17,100","21,700","20,850","29,000","29,000"
2023-01-03,"41,650","41,650","34,850","34,850","14,050","12,850","11,950","14,500","13,450","16,800","14,750","50,850","46,650","55,000","78,750","73,350","84,150","37,850","37,850","142,500","148,350","136,650","15,150","15,150","15,150","19,850","16,900","21,700","20,850","28,850","28,850"
2023-01-04,"41,650","41,650","34,400","34,400","13,950","12,750","11,850","14,450","13,400","16,550","14,800","50,000","46,250","53,750","75,200","69,600","80,850","37,100","37,100","140,150","146,000","134,350","15,050","15,050","15,000","19,550","16,850","21,150","20,650","28,850","28,850"
2023-01-05,"41,650","41,650","34,850","34,850","14,100","12,900","12,000","14,550","13,500","16,800","14,800","50,000","45,000","55,000","70,000","65,000","75,000","36,150","36,150","140,850","146,650","135,000","15,150","15,150","15,150","19,750","16,750","21,700","20,850","28,500","28,500"
2023-01-06,"43,350","43,350","34,850","34,850","14,100","12,900","12,000","14,550","13,500","16,800","14,800","50,000","45,000","55,000","71,250","65,000","77,500","36,000","36,000","140,850","146,650","135,000","15,150","15,150","15,150","19,750","16,750","21,700","20,850","28,350","28,350"
2023-01-09,"45,000","45,000","34,850","34,850","14,150","12,950","12,050","14,600","13,550","16,900","14,900","52,500","47,500","57,500","72,900","66,650","79,150","35,350","35,350","140,850","146,650","135,000","15,150","15,150","15,150","19,700","16,750","21,700","20,700","28,350","28,350"
2023-01-10,"45,000","45,000","34,850","34,850","14,200","13,000","12,100","14,650","13,600","16,950","14,950","52,500","47,500","57,500","72,900","66,650","79,150","35,350","35,350","140,850","146,650","135,000","15,150","15,150","15,150","19,700","16,750","21,700","20,700","28,350","28,350"
2023-01-11,"45,000","45,000","34,850","34,850","14,200","13,000","12,100","14,650","13,600","16,950","14,950","52,500","47,500","57,500","73,750","68,350","79,150","35,350","35,350","140,850","146,650","135,000","15,150","15,150","15,150","19,700","16,750","21,700","20,700","28,350","28,350"
2023-01-12,"45,000","45,000","36,150","36,150","14,100","12,900","12,000","14,550","13,500","16,850","14,850","52,500","47,500","57,500","70,400","65,000","75,850","35,900","35,900","140,850","146,650","135,000","15,150","15,150","15,150","19,700","16,750","21,700","20,700","28,500","28,500"
2023-01-13,"45,000","45,000","36,150","36,150","14,100","12,900","12,000","14,550","13,500","16,850","14,850","52,500","47,500","57,500","70,400","65,000","75,850","36,250","36,250","140,850","146,650","135,000","15,150","15,150","15,150","19,700","16,750","21,700","20,700","28,350","28,350"
2023-01-16,"45,000","45,000","36,150","36,150","14,100","12,900","12,000","14,550","13,500","16,850","14,850","50,850","48,350","53,350","65,850","63,350","68,350","35,500","35,500","140,850","146,650","135,000","15,150","15,150","15,150","19,500","16,750","21,050","20,700","28,000","28,000"
2023-01-17,"45,000","45,000","36,150","36,150","14,100","12,900","12,000","14,550","13,500","16,850","14,850","50,850","48,350","53,350","65,000","63,350","66,650","35,500","35,500","140,850","146,650","135,000","15,150","15,150","15,150","19,500","16,750","21,050","20,700","28,000","28,000"
2023-01-18,"45,000","45,000","36,150","36,150","14,200","13,000","12,100","14,750","13,600","16,950","14,950","50,850","48,350","53,350","63,350","60,000","66,650","35,500","35,500","140,850","146,650","135,000","15,150","15,150","15,150","19,500","16,750","21,050","20,700","28,000","28,000"
2023-01-19,"46,650","46,650","36,150","36,150","14,200","13,000","12,100","14,750","13,600","16,950","14,950","50,850","48,350","53,350","63,750","60,000","67,500","35,350","35,350","140,850","146,650","135,000","15,150","15,150","15,150","19,500","16,750","21,050","20,700","28,000","28,000"
2023-01-20,"49,150","49,150","36,150","36,150","14,200","13,000","12,100","14,750","13,600","16,950","14,950","50,000","48,350","51,650","63,750","60,000","67,500","35,350","35,350","140,850","146,650","135,000","15,150","15,150","15,150","19,500","16,750","21,050","20,700","28,000","28,000"
2023-01-23,"49,150","49,150","36,150","36,150","14,200","13,000","12,100","14,750","13,600","16,950","14,950","50,000","48,350","51,650","63,750","60,000","67,500","35,350","35,350","140,850","146,650","135,000","15,150","15,150","15,150","19,500","16,750","21,050","20,700","28,000","28,000"
2023-01-24,"49,150","49,150","36,150","36,150","14,200","13,000","12,100","14,750","13,600","16,950","14,950","50,850","50,000","51,650","62,500","56,650","68,350","34,650","34,650","140,850","146,650","135,000","15,150","15,150","15,150","19,500","16,750","21,050","20,700","27,850","27,850"
2023-01-25,"49,150","49,150","36,150","36,150","14,200","13,000","12,100","14,750","13,600","16,950","14,950","50,850","50,000","51,650","62,900","56,650","69,150","34,350","34,350","140,850","146,650","135,000","15,150","15,150","15,150","19,500","16,750","21,050","20,700","27,650","27,650"
2023-01-26,"49,150","49,150","36,150","36,150","14,250","13,050","12,100","14,750","13,600","16,950","15,000","50,000","50,000","50,000","64,600","56,650","72,500","34,350","34,350","140,850","146,650","135,000","15,150","15,150","15,150","19,500","16,750","21,050","20,700","27,650","27,650"
2023-01-27,"49,150","49,150","36,150","36,150","14,250","13,050","12,100","14,750","13,600","16,950","15,000","50,000","50,000","50,000","65,000","56,650","73,350","34,350","34,350","140,850","146,650","135,000","15,150","15,150","15,150","19,500","16,750","21,050","20,700","27,650","27,650"
2023-01-30,"48,350","48,350","36,150","36,150","14,250","13,050","12,150","14,800","13,650","17,000","15,000","49,150","48,350","50,000","61,650","55,000","68,350","34,150","34,150","140,850","146,650","135,000","15,150","15,150","15,150","19,500","16,750","21,050","20,700","27,650","27,650"
2023-01-31,"47,500","47,500","35,350","35,350","14,250","13,050","12,150","14,800","13,650","17,000","15,000","49,150","48,350","50,000","62,100","55,000","69,150","34,000","34,000","140,850","146,650","135,000","15,150","15,150","15,150","19,550","16,900","21,050","20,700","27,650","27,650"
2023-02-01,"49,150","49,150","36,150","36,150","14,300","13,100","12,150","14,800","13,650","17,000","15,000","48,350","46,650","50,000","62,100","56,650","67,500","33,850","33,850","140,850","146,650","135,000","15,150","15,150","15,150","19,550","16,900","21,050","20,700","27,650","27,650"
2023-02-02,"49,150","49,150","36,150","36,150","14,300","13,100","12,150","14,800","13,650","17,000","15,000","48,350","46,650","50,000","60,850","55,850","65,850","33,850","33,850","140,850","146,650","135,000","15,150","15,150","15,150","19,550","16,900","21,050","20,700","27,650","27,650"
2023-02-03,"49,150","49,150","36,150","36,150","14,300","13,100","12,150","14,800","13,650","17,000","15,000","48,350","46,650","50,000","59,150","54,150","64,150","33,650","33,650","140,850","146,650","135,000","15,150","15,150","15,150","19,550","16,900","21,050","20,700","27,650","27,650"
2023-02-06,"51,650","51,650","36,150","36,150","14,350","13,150","12,200","14,850","13,700","17,100","15,050","50,850","46,650","55,000","62,900","54,150","71,650","34,500","34,500","140,850","146,650","135,000","15,150","15,150","15,150","19,300","17,100","20,600","20,250","27,500","27,500"
2023-02-07,"51,650","51,650","36,150","36,150","14,300","13,150","12,200","14,750","13,700","17,100","15,050","50,850","46,650","55,000","63,350","54,150","72,500","34,650","34,650","140,850","146,650","135,000","15,150","15,150","15,150","19,300","17,100","20,600","20,250","27,500","27,500"
2023-02-08,"51,650","51,650","36,150","36,150","14,300","13,150","12,200","14,750","13,700","17,100","15,050","50,850","46,650","55,000","64,600","54,150","75,000","34,850","34,850","140,850","146,650","135,000","15,150","15,150","15,150","19,300","17,100","20,600","20,250","27,500","27,500"
2023-02-09,"51,650","51,650","36,150","36,150","14,300","13,150","12,200","14,750","13,700","17,100","15,050","50,850","46,650","55,000","63,750","54,150","73,350","35,150","35,150","140,850","146,650","135,000","15,150","15,150","15,150","19,300","17,100","20,600","20,250","27,500","27,500"
2023-02-10,"51,650","51,650","36,150","36,150","14,450","13,300","12,350","14,950","13,850","17,250","15,200","50,850","46,650","55,000","63,750","54,150","73,350","35,350","35,350","140,850","146,650","135,000","15,150","15,150","15,150","19,300","17,100","20,600","20,250","27,650","27,650"
2023-02-13,"44,150","44,150","35,000","35,000","14,500","13,300","12,350","14,950","13,850","17,250","15,200","50,000","50,850","49,150","62,100","52,500","71,650","35,500","35,500","140,850","146,650","135,000","15,150","15,150","15,150","19,350","17,100","20,750","20,250","27,650","27,650"
2023-02-14,"44,150","44,150","35,000","35,000","14,500","13,300","12,350","14,950","13,850","17,250","15,200","52,100","50,850","53,350","62,900","52,500","73,350","35,500","35,500","140,850","146,650","135,000","15,150","15,150","15,150","19,500","17,100","21,100","20,250","27,650","27,650"
2023-02-15,"44,150","44,150","35,000","35,000","14,500","13,300","12,350","14,950","13,850","17,250","15,200","52,100","50,850","53,350","62,900","52,500","73,350","35,650","35,650","140,850","146,650","135,000","15,150","15,150","15,150","19,500","17,100","21,100","20,250","27,650","27,650"
2023-02-16,"44,150","44,150","35,000","35,000","14,500","13,300","12,350","14,950","13,850","17,250","15,200","52,100","50,850","53,350","62,900","52,500","73,350","35,350","35,350","140,850","146,650","135,000","15,150","15,150","15,150","19,500","17,100","21,100","20,250","27,650","27,650"
2023-02-17,"43,350","43,350","35,000","35,000","14,500","13,300","12,400","14,950","13,900","17,300","15,250","52,100","50,850","53,350","62,900","52,500","73,350","35,350","35,350","140,850","146,650","135,000","15,150","15,150","15,150","19,500","17,100","21,100","20,250","27,650","27,650"
2023-02-20,"40,850","40,850","35,850","35,850","14,550","13,300","12,400","14,950","13,900","17,400","15,250","56,650","53,350","60,000","66,250","55,000","77,500","35,000","35,000","140,850","146,650","135,000","15,150","15,150","15,150","19,450","17,000","21,100","20,250","27,500","27,500"
2023-02-21,"40,850","40,850","35,850","35,850","14,550","13,300","12,400","14,950","13,900","17,400","15,250","56,650","53,350","60,000","66,250","55,000","77,500","34,500","34,500","140,850","146,650","135,000","15,150","15,150","15,150","19,450","17,000","21,100","20,250","27,350","27,350"
2023-02-22,"41,650","41,650","37,500","37,500","14,550","13,300","12,400","14,950","13,900","17,400","15,250","56,650","53,350","60,000","67,900","55,000","80,850","34,500","34,500","140,850","146,650","135,000","15,150","15,150","15,150","19,450","17,000","21,100","20,250","27,000","27,000"
2023-02-23,"41,650","41,650","37,500","37,500","14,550","13,300","12,400","14,950","13,900","17,400","15,250","56,650","53,350","60,000","67,900","55,000","80,850","34,500","34,500","140,850","146,650","135,000","15,150","15,150","15,150","19,400","16,850","21,100","20,250","27,000","27,000"
2023-02-24,"41,650","41,650","37,500","37,500","14,550","13,300","12,400","14,950","13,900","17,400","15,250","56,650","53,350","60,000","67,900","55,000","80,850","34,500","34,500","140,850","146,650","135,000","15,150","15,150","15,150","19,400","16,850","21,100","20,250","27,000","27,000"
2023-02-27,"41,650","41,650","38,000","38,000","14,550","13,300","12,400","14,950","13,900","17,400","15,250","53,350","53,350","53,350","66,250","55,000","77,500","34,850","34,850","140,850","146,650","135,000","15,150","15,150","15,150","19,400","16,850","21,100","20,250","27,000","27,000"
2023-02-28,"41,650","41,650","38,000","38,000","14,550","13,300","12,400","14,950","13,900","17,400","15,250","53,350","53,350","53,350","66,250","55,000","77,500","35,100","35,100","140,850","146,650","135,000","15,150","15,150","15,150","19,400","16,850","21,100","20,250","26,850","26,850"
2023-03-01,"42,500","42,500","38,000","38,000","14,550","13,300","12,400","14,950","13,900","17,400","15,250","53,350","53,350","53,350","65,850","55,000","76,650","35,150","35,150","140,850","146,650","135,000","15,150","15,150","15,150","19,350","16,650","21,100","20,250","26,850","26,850"
2023-03-02,"42,500","42,500","38,000","38,000","14,400","13,200","12,300","14,850","13,800","17,200","15,150","53,350","53,350","53,350","65,850","55,000","76,650","35,150","35,150","140,850","146,650","135,000","15,150","15,150","15,150","19,350","16,650","21,100","20,250","26,850","26,850"
2023-03-03,"44,150","44,150","38,000","38,000","14,400","13,200","12,250","14,850","13,750","17,150","15,100","53,350","53,350","53,350","68,350","55,000","81,650","35,150","35,150","140,850","146,650","135,000","15,150","15,150","15,150","19,350","16,650","21,100","20,250","26,500","26,500"
2023-03-06,"43,350","43,350","38,350","38,350","14,400","13,200","12,250","14,850","13,750","17,150","15,100","53,350","53,350","53,350","67,900","53,350","82,500","34,650","34,650","140,850","146,650","135,000","15,150","15,150","15,150","19,350","16,650","21,100","20,250","26,500","26,500"
2023-03-07,"42,500","42,500","40,000","40,000","14,400","13,200","12,250","14,850","13,800","17,150","15,150","50,850","51,650","50,000","67,900","53,350","82,500","34,650","34,650","140,850","146,650","135,000","15,150","15,150","15,150","19,250","16,400","21,100","20,250","27,150","27,150"
2023-03-08,"42,500","42,500","40,000","40,000","14,400","13,200","12,250","14,850","13,800","17,150","15,150","50,850","51,650","50,000","67,900","53,350","82,500","34,650","34,650","140,850","146,650","135,000","15,150","15,150","15,150","19,250","16,400","21,100","20,250","27,650","27,650"
2023-03-09,"42,500","42,500","40,000","40,000","14,400","13,200","12,250","14,850","13,800","17,150","15,150","50,850","51,650","50,000","67,900","53,350","82,500","34,650","34,650","140,850","146,650","135,000","15,150","15,150","15,150","19,250","16,400","21,100","20,250","28,000","28,000"
2023-03-10,"41,650","41,650","40,000","40,000","14,400","13,200","12,250","14,850","13,800","17,150","15,150","50,000","50,850","49,150","68,350","53,350","83,350","35,150","35,150","140,850","146,650","135,000","15,150","15,150","15,150","19,250","16,400","21,100","20,250","27,850","27,850"
2023-03-13,"41,650","41,650","40,000","40,000","14,400","13,200","12,250","14,850","13,750","17,150","15,100","50,400","51,650","49,150","68,750","54,150","83,350","36,500","36,500","140,850","146,650","135,000","15,150","15,150","15,150","19,250","16,400","21,100","20,250","27,850","27,850"
2023-03-14,"41,650","41,650","40,000","40,000","14,400","13,200","12,250","14,850","13,750","17,150","15,100","50,000","51,650","48,350","68,750","54,150","83,350","36,500","36,500","140,850","146,650","135,000","15,150","15,150","15,150","19,250","16,400","21,100","20,250","28,650","28,650"
2023-03-15,"41,650","41,650","40,000","40,000","14,400","13,200","12,250","14,850","13,800","17,150","15,150","50,000","51,650","48,350","68,750","54,150","83,350","36,500","36,500","140,850","146,650","135,000","15,150","15,150","15,150","19,250","16,400","21,100","20,250","29,150","29,150"
2023-03-16,"41,650","41,650","40,000","40,000","14,400","13,200","12,250","14,850","13,800","17,150","15,150","50,000","51,650","48,350","68,750","54,150","83,350","36,850","36,850","140,850","146,650","135,000","15,150","15,150","15,150","19,250","16,400","21,100","20,250","29,500","29,500"
2023-03-17,"41,650","41,650","40,000","40,000","14,400","13,200","12,250","14,850","13,800","17,150","15,150","50,400","51,650","49,150","68,750","54,150","83,350","37,150","37,150","140,850","146,650","135,000","15,150","15,150","15,150","19,300","16,400","21,250","20,250","29,500","29,500"
2023-03-20,"41,650","41,650","40,000","40,000","14,400","13,200","12,250","14,850","13,800","17,150","15,150","47,900","49,150","46,650","70,850","53,350","88,350","37,150","37,150","140,850","146,650","135,000","15,150","15,150","15,150","19,300","16,400","21,250","20,250","30,000","30,000"
2023-03-21,"41,650","41,650","40,000","40,000","14,400","13,200","12,250","14,850","13,800","17,150","15,150","48,350","49,150","47,500","72,900","53,350","92,500","37,150","37,150","140,850","146,650","135,000","15,150","15,150","15,150","19,300","16,400","21,250","20,250","30,000","30,000"
2023-03-22,"41,650","41,650","40,000","40,000","14,400","13,200","12,250","14,850","13,800","17,150","15,150","48,350","49,150","47,500","72,900","53,350","92,500","37,150","37,150","140,850","146,650","135,000","15,150","15,150","15,150","19,300","16,400","21,250","20,250","30,000","30,000"
2023-03-23,"41,650","41,650","40,000","40,000","14,400","13,200","12,250","14,850","13,800","17,150","15,150","48,350","49,150","47,500","72,900","53,350","92,500","37,150","37,150","140,850","146,650","135,000","15,150","15,150","15,150","19,300","16,400","21,250","20,250","30,000","30,000"
2023-03-24,"41,650","41,650","40,000","40,000","14,400","13,200","12,250","14,850","13,800","17,150","15,150","49,600","49,150","50,000","72,100","53,350","90,850","37,000","37,000","140,850","146,650","135,000","15,150","15,150","15,150","19,300","16,400","21,250","20,250","30,350","30,350"
2023-03-27,"41,650","41,650","40,000","40,000","14,450","13,250","12,350","14,900","13,850","17,250","15,200","49,600","49,150","50,000","70,000","53,350","86,650","36,150","36,150","140,850","146,650","135,000","15,150","15,150","15,150","19,200","16,400","21,250","19,950","30,500","30,500"
2023-03-28,"41,650","41,650","40,000","40,000","14,450","13,250","12,350","14,900","13,850","17,250","15,200","47,900","49,150","46,650","66,650","51,650","81,650","35,650","35,650","140,850","146,650","135,000","15,150","15,150","15,150","19,200","16,400","21,250","19,950","30,500","30,500"
2023-03-29,"40,000","40,000","39,650","39,650","14,450","13,250","12,350","14,900","13,850","17,250","15,200","42,100","48,350","35,850","46,650","40,850","52,500","35,350","35,350","140,850","146,650","135,000","15,150","15,150","15,150","19,200","16,400","21,250","19,950","30,150","30,150"
2023-03-30,"41,950","41,950","39,500","39,500","14,950","13,800","12,850","15,550","14,450","17,500","15,500","45,400","48,350","42,500","53,350","44,150","62,500","34,450","34,450","143,150","149,350","137,000","15,200","15,200","15,200","19,300","16,650","21,300","20,000","29,700","29,700"
2023-03-31,"40,000","40,000","39,650","39,650","14,450","13,250","12,350","14,900","13,850","17,250","15,200","43,750","48,350","39,150","50,850","40,850","60,850","35,350","35,350","140,850","146,650","135,000","15,150","15,150","15,150","19,200","16,400","21,250","19,950","30,150","30,150"
2023-04-03,"39,150","39,150","38,850","38,850","14,450","13,250","12,350","14,900","13,850","17,250","15,200","44,600","48,350","40,850","48,750","40,000","57,500","35,350","35,350","140,850","146,650","135,000","15,150","15,150","15,150","19,200","16,400","21,250","19,950","30,000","30,000"
2023-04-04,"40,000","40,000","38,850","38,850","14,450","13,250","12,350","14,900","13,850","17,250","15,200","44,600","48,350","40,850","48,750","40,000","57,500","35,500","35,500","140,850","146,650","135,000","15,150","15,150","15,150","19,200","16,400","21,250","19,950","29,650","29,650"
2023-04-05,"40,000","40,000","38,850","38,850","14,450","13,250","12,350","14,900","13,850","17,250","15,200","43,750","46,650","40,850","48,750","40,000","57,500","35,500","35,500","140,850","146,650","135,000","15,150","15,150","15,150","19,200","16,400","21,250","19,950","29,500","29,500"
2023-04-06,"40,000","40,000","38,850","38,850","14,450","13,250","12,350","14,900","13,850","17,250","15,200","42,900","46,650","39,150","49,600","41,650","57,500","36,150","36,150","140,850","146,650","135,000","15,150","15,150","15,150","19,200","16,400","21,250","19,950","29,500","29,500"
2023-04-07,"40,000","40,000","38,850","38,850","14,450","13,250","12,350","14,900","13,850","17,250","15,200","42,900","46,650","39,150","49,600","41,650","57,500","36,150","36,150","140,850","146,650","135,000","15,150","15,150","15,150","19,200","16,400","21,250","19,950","29,500","29,500"
2023-04-10,"40,850","40,850","39,650","39,650","14,450","13,250","12,350","14,900","13,850","17,250","15,200","43,350","47,500","39,150","45,850","40,850","50,850","36,850","36,850","140,850","146,650","135,000","15,150","15,150","15,150","19,200","16,400","21,250","19,950","28,650","28,650"
2023-04-11,"40,850","40,850","39,650","39,650","14,400","13,250","12,350","14,900","13,850","17,250","14,750","43,350","47,500","39,150","45,850","40,850","50,850","36,850","36,850","140,850","146,650","135,000","15,150","15,150","15,150","19,200","16,400","21,250","19,950","28,650","28,650"
2023-04-12,"40,850","40,850","39,650","39,650","14,450","13,250","12,350","14,900","13,850","17,250","15,200","44,150","49,150","39,150","46,250","41,650","50,850","37,000","37,000","140,850","146,650","135,000","15,150","15,150","15,150","19,200","16,400","21,250","19,950","28,350","28,350"
2023-04-13,"40,850","40,850","39,650","39,650","14,450","13,250","12,350","14,900","13,850","17,250","15,200","44,150","49,150","39,150","46,250","41,650","50,850","37,150","37,150","140,850","146,650","135,000","15,150","15,150","15,150","19,200","16,400","21,250","19,950","27,650","27,650"
2023-04-14,"40,850","40,850","39,650","39,650","14,450","13,250","12,350","14,900","13,850","17,250","15,200","44,150","49,150","39,150","46,250","41,650","50,850","37,350","37,350","140,850","146,650","135,000","15,150","15,150","15,150","19,200","16,400","21,250","19,950","27,650","27,650"
2023-04-17,"47,500","47,500","39,650","39,650","14,450","13,250","12,350","14,900","13,850","17,250","15,200","52,900","57,500","48,350","50,000","47,500","52,500","38,350","38,350","145,000","150,000","140,000","15,150","15,150","15,150","19,200","16,400","21,250","19,950","27,650","27,650"
2023-04-18,"47,500","47,500","39,650","39,650","14,450","13,250","12,350","14,900","13,850","17,250","15,200","55,000","61,650","48,350","50,850","47,500","54,150","39,150","39,150","145,000","150,000","140,000","15,150","15,150","15,150","19,200","16,400","21,250","19,950","27,650","27,650"
2023-04-19,"47,500","47,500","39,650","39,650","14,450","13,250","12,350","14,900","13,850","17,250","15,200","55,000","61,650","48,350","50,850","47,500","54,150","39,150","39,150","145,000","150,000","140,000","15,150","15,150","15,150","19,200","16,400","21,250","19,950","27,650","27,650"
2023-04-20,"47,500","47,500","39,650","39,650","14,450","13,250","12,350","14,900","13,850","17,250","15,200","55,000","61,650","48,350","50,850","47,500","54,150","39,150","39,150","145,000","150,000","140,000","15,150","15,150","15,150","19,200","16,400","21,250","19,950","27,650","27,650"
2023-04-21,"47,500","47,500","39,650","39,650","14,450","13,250","12,350","14,900","13,850","17,250","15,200","55,000","61,650","48,350","50,850","47,500","54,150","39,150","39,150","145,000","150,000","140,000","15,150","15,150","15,150","19,200","16,400","21,250","19,950","27,650","27,650"
2023-04-24,"47,500","47,500","39,650","39,650","14,450","13,250","12,350","14,900","13,850","17,250","15,200","55,000","61,650","48,350","50,850","47,500","54,150","39,150","39,150","145,000","150,000","140,000","15,150","15,150","15,150","19,200","16,400","21,250","19,950","27,650","27,650"
2023-04-25,"47,500","47,500","39,650","39,650","14,550","13,250","12,350","14,900","13,850","17,250","15,650","55,000","61,650","48,350","50,850","47,500","54,150","39,150","39,150","145,000","150,000","140,000","15,150","15,150","15,150","19,200","16,400","21,250","19,950","27,650","27,650"
2023-04-26,"55,000","55,000","45,500","45,500","14,400","13,250","12,350","14,900","13,850","17,250","14,800","58,450","67,800","49,100","48,400","45,850","51,000","41,700","41,700","145,000","150,000","140,000","15,150","15,150","15,150","19,200","16,400","21,250","19,950","28,500","28,500"
2023-04-27,"55,000","55,000","45,500","45,500","14,400","13,250","12,350","14,900","13,850","17,250","14,800","58,200","68,050","48,350","45,900","44,150","47,650","41,700","41,700","145,000","150,000","140,000","15,150","15,150","15,150","19,200","16,400","21,250","19,950","28,500","28,500"
2023-04-28,"55,000","55,000","43,850","43,850","14,400","13,250","12,350","14,900","13,850","17,250","14,800","54,050","63,050","45,050","44,250","44,150","44,350","41,200","41,200","145,000","150,000","140,000","15,150","15,150","15,150","19,200","16,400","21,250","19,950","28,500","28,500"
2023-05-01,-,-,-,-,-,-,-,-,-,-,-,-,-,-,-,-,-,-,-,-,-,-,-,-,-,-,-,-,-,-,-
2023-05-02,"55,000","55,000","44,150","44,150","14,400","13,250","12,350","14,900","13,850","17,250","14,800","49,600","58,350","40,850","42,100","43,350","40,850","38,650","38,650","145,000","150,000","140,000","15,150","15,150","15,150","19,200","16,400","21,250","19,950","28,150","28,150"
2023-05-03,"58,350","58,350","45,100","45,100","14,400","13,250","12,350","14,900","13,850","17,250","14,800","47,800","56,650","38,950","41,650","43,350","40,000","38,350","38,350","145,000","150,000","140,000","15,150","15,150","15,150","19,300","16,400","21,250","20,250","28,500","28,500"
2023-05-04,"58,350","58,350","45,100","45,100","14,400","13,250","12,350","14,900","13,850","17,250","14,800","47,800","56,650","38,950","41,650","43,350","40,000","38,350","38,350","145,000","150,000","140,000","15,150","15,150","15,150","19,100","16,400","20,950","19,950","29,000","29,000"
2023-05-05,"58,350","58,350","45,100","45,100","14,400","13,250","12,350","14,900","13,850","17,250","14,800","47,100","52,500","41,650","41,650","41,650","41,650","38,350","38,350","145,000","150,000","140,000","15,150","15,150","15,150","19,050","16,400","20,750","19,950","29,600","29,600"
2023-05-08,"55,000","55,000","42,600","42,600","14,400","13,250","12,350","14,900","13,850","17,250","14,800","46,250","50,850","41,650","44,150","43,350","45,000","38,150","38,150","143,350","148,350","138,350","15,150","15,150","15,150","19,050","16,400","20,750","19,950","29,600","29,600"
2023-05-09,"55,000","55,000","42,600","42,600","14,450","13,250","12,350","14,900","13,850","17,250","15,200","47,100","50,850","43,350","44,150","43,350","45,000","38,150","38,150","143,350","148,350","138,350","15,150","15,150","15,150","19,050","16,400","20,750","19,950","29,600","29,600"
2023-05-10,"52,350","52,350","40,050","40,050","13,350","12,000","11,250","13,550","12,600","16,200","14,500","47,950","52,600","43,350","46,650","42,950","50,300","38,950","38,950","138,200","143,200","133,200","14,950","15,050","14,850","19,200","16,250","20,900","20,350","29,450","29,450"
2023-05-11,"54,150","54,150","42,600","42,600","14,450","13,250","12,350","14,900","13,850","17,250","15,200","46,250","50,850","41,650","45,200","43,350","47,100","39,350","39,350","141,650","146,650","136,650","15,150","15,150","15,150","19,050","16,400","20,750","19,950","30,100","30,100"
2023-05-12,"54,150","54,150","42,600","42,600","14,450","13,250","12,350","14,900","13,850","17,250","15,200","46,650","51,650","41,650","44,400","43,350","45,400","39,350","39,350","141,650","146,650","136,650","15,150","15,150","15,150","19,050","16,400","20,750","19,950","30,750","30,750"
2023-05-15,"52,500","52,500","45,100","45,100","14,500","13,250","12,400","14,900","13,850","17,250","15,200","45,750","50,850","40,650","42,500","41,650","43,350","39,150","39,150","141,650","146,650","136,650","15,150","15,150","15,150","19,050","16,400","20,750","19,950","32,000","32,000"
2023-05-16,"52,500","52,500","45,100","45,100","14,500","13,250","12,400","14,900","13,850","17,250","15,200","47,400","52,500","42,300","42,500","41,650","43,350","39,150","39,150","141,650","146,650","136,650","15,250","15,350","15,150","19,100","16,550","20,750","19,950","32,650","32,650"
2023-05-17,"52,500","52,500","45,100","45,100","14,500","13,250","12,400","14,900","13,850","17,250","15,200","47,900","52,500","43,350","42,500","41,650","43,350","39,150","39,150","141,650","146,650","136,650","15,250","15,350","15,150","19,100","16,550","20,750","19,950","32,350","32,350"
2023-05-18,"52,500","52,500","45,100","45,100","14,500","13,250","12,400","14,900","13,850","17,250","15,200","47,900","52,500","43,350","42,500","41,650","43,350","39,150","39,150","141,650","146,650","136,650","15,250","15,350","15,150","19,100","16,550","20,750","19,950","32,350","32,350"
2023-05-19,"52,500","52,500","45,100","45,100","14,500","13,250","12,400","14,900","13,850","17,250","15,200","47,900","52,500","43,350","44,300","42,500","46,050","39,650","39,650","141,650","146,650","136,650","15,250","15,350","15,150","19,100","16,550","20,750","19,950","32,350","32,350"
2023-05-22,"52,500","52,500","45,100","45,100","14,500","13,250","12,400","14,900","13,850","17,250","15,200","47,500","51,650","43,350","50,400","47,100","53,750","40,000","40,000","141,650","146,650","136,650","15,250","15,350","15,150","19,050","16,550","20,600","19,950","32,350","32,350"
2023-05-23,"52,500","52,500","45,100","45,100","14,500","13,250","12,400","14,900","13,850","17,250","15,200","47,500","51,650","43,350","50,400","47,100","53,750","40,000","40,000","141,650","146,650","136,650","15,250","15,350","15,150","19,050","16,550","20,600","19,950","32,350","32,350"
2023-05-24,"52,500","52,500","44,150","44,150","14,500","13,250","12,400","14,900","13,850","17,250","15,200","47,900","51,650","44,150","50,400","47,100","53,750","40,000","40,000","141,650","146,650","136,650","15,250","15,350","15,150","19,050","16,550","20,600","19,950","32,350","32,350"
2023-05-25,"52,500","52,500","44,150","44,150","14,500","13,250","12,400","14,900","13,850","17,250","15,200","47,900","51,650","44,150","50,400","47,100","53,750","40,350","40,350","141,650","146,650","136,650","15,250","15,350","15,150","19,050","16,550","20,600","19,950","32,350","32,350"
2023-05-26,"53,350","53,350","44,150","44,150","14,500","13,250","12,400","14,900","13,850","17,250","15,200","46,250","50,000","42,500","49,600","46,650","52,500","40,350","40,350","141,650","146,650","136,650","15,250","15,350","15,150","19,050","16,550","20,600","19,950","32,150","32,150"
2023-05-29,"49,150","49,150","44,150","44,150","14,500","13,250","12,400","14,900","13,850","17,250","15,200","45,850","50,000","41,650","48,350","46,650","50,000","39,350","39,350","141,650","146,650","136,650","15,250","15,350","15,150","19,050","16,550","20,600","19,950","32,150","32,150"
2023-05-30,"49,150","49,150","44,150","44,150","14,500","13,250","12,400","14,900","13,850","17,250","15,200","45,850","50,000","41,650","48,350","46,650","50,000","39,150","39,150","141,650","146,650","136,650","15,250","15,350","15,150","19,050","16,550","20,600","19,950","32,000","32,000"
2023-05-31,"49,150","49,150","44,150","44,150","14,500","13,250","12,400","14,900","13,850","17,250","15,200","45,400","49,150","41,650","48,350","46,650","50,000","39,000","39,000","141,650","146,650","136,650","15,250","15,350","15,150","19,050","16,550","20,600","19,950","32,000","32,000"
2023-06-01,"49,150","49,150","44,150","44,150","14,500","13,250","12,400","14,900","13,850","17,250","15,200","45,400","49,150","41,650","48,350","46,650","50,000","39,000","39,000","141,650","146,650","136,650","15,250","15,350","15,150","19,050","16,550","20,600","19,950","32,000","32,000"
2023-06-02,"49,150","49,150","44,150","44,150","14,500","13,250","12,400","14,900","13,850","17,250","15,200","45,400","49,150","41,650","48,350","46,650","50,000","39,000","39,000","141,650","146,650","136,650","15,250","15,350","15,150","19,050","16,550","20,600","19,950","32,000","32,000"
2023-06-05,"50,000","50,000","44,150","44,150","14,500","13,250","12,400","14,900","13,850","17,250","15,200","44,600","47,500","41,650","48,350","45,000","51,650","39,650","39,650","141,650","146,650","136,650","15,250","15,350","15,150","19,100","16,550","20,750","19,950","31,850","31,850"
2023-06-06,"50,000","50,000","44,150","44,150","14,500","13,250","12,400","14,900","13,850","17,250","15,200","44,600","47,500","41,650","48,350","45,000","51,650","39,650","39,650","141,650","146,650","136,650","15,250","15,350","15,150","19,100","16,550","20,750","19,950","31,850","31,850"
2023-06-07,"50,000","50,000","44,150","44,150","14,500","13,250","12,400","14,900","13,850","17,200","15,200","44,600","47,500","41,650","48,350","45,000","51,650","40,150","40,150","141,650","146,650","136,650","15,250","15,350","15,150","19,100","16,550","20,750","19,950","31,650","31,650"
2023-06-08,"50,000","50,000","44,150","44,150","14,500","13,250","12,400","14,900","13,850","17,200","15,200","44,600","47,500","41,650","49,150","46,650","51,650","40,150","40,150","141,650","146,650","136,650","15,250","15,350","15,150","19,100","16,550","20,750","19,950","31,650","31,650"
2023-06-09,"50,000","50,000","44,150","44,150","14,500","13,250","12,400","14,900","13,850","17,200","15,200","44,600","47,500","41,650","49,150","46,650","51,650","40,150","40,150","141,650","146,650","136,650","15,250","15,350","15,150","19,100","16,550","20,750","19,950","31,650","31,650"
2023-06-12,"50,000","50,000","43,350","43,350","14,500","13,250","12,400","14,900","13,850","17,200","15,200","44,150","46,650","41,650","46,650","43,350","50,000","40,500","40,500","141,650","146,650","136,650","15,250","15,350","15,150","19,100","16,550","20,750","19,950","31,350","31,350"
2023-06-13,"50,000","50,000","43,350","43,350","14,500","13,250","12,400","14,900","13,850","17,200","15,200","44,150","46,650","41,650","46,650","43,350","50,000","40,650","40,650","141,650","146,650","136,650","15,250","15,350","15,150","19,100","16,550","20,750","19,950","31,650","31,650"
2023-06-14,"50,000","50,000","43,350","43,350","14,500","13,250","12,400","14,900","13,850","17,200","15,200","44,150","46,650","41,650","46,650","43,350","50,000","40,600","40,600","141,650","146,650","136,650","15,250","15,350","15,150","19,100","16,550","20,750","19,950","30,650","30,650"
2023-06-15,"50,000","50,000","43,350","43,350","14,500","13,250","12,400","14,900","13,850","17,200","15,200","44,150","46,650","41,650","46,650","43,350","50,000","40,600","40,600","141,650","146,650","136,650","15,250","15,350","15,150","19,100","16,550","20,750","19,950","30,650","30,650"
2023-06-16,"50,000","50,000","43,350","43,350","14,500","13,250","12,400","14,900","13,850","17,200","15,200","43,350","46,650","40,000","46,250","43,350","49,150","40,500","40,500","141,650","146,650","136,650","15,250","15,350","15,150","19,100","16,550","20,750","19,950","30,650","30,650"
2023-06-19,"46,650","46,650","42,500","42,500","14,500","13,250","12,400","14,900","13,850","17,200","15,200","42,500","45,000","40,000","45,850","42,500","49,150","40,500","40,500","141,650","146,650","136,650","15,250","15,350","15,150","19,100","16,550","20,750","19,950","30,500","30,500"
2023-06-20,"46,650","46,650","42,500","42,500","14,500","13,250","12,400","14,900","13,850","17,200","15,200","42,500","45,000","40,000","45,850","42,500","49,150","41,000","41,000","141,650","146,650","136,650","15,250","15,350","15,150","19,100","16,550","20,750","19,950","30,350","30,350"
2023-06-21,"46,650","46,650","42,500","42,500","14,500","13,250","12,400","14,900","13,850","17,200","15,200","42,500","45,000","40,000","45,850","42,500","49,150","41,150","41,150","141,650","146,650","136,650","15,250","15,350","15,150","19,100","16,550","20,750","19,950","30,350","30,350"
2023-06-22,"46,650","46,650","42,500","42,500","14,500","13,250","12,400","14,900","13,850","17,200","15,200","42,500","45,000","40,000","45,850","42,500","49,150","41,500","41,500","141,650","146,650","136,650","15,250","15,350","15,150","19,100","16,550","20,750","19,950","30,350","30,350"
2023-06-23,"46,650","46,650","42,500","42,500","14,500","13,250","12,400","14,900","13,850","17,200","15,200","42,500","45,000","40,000","45,850","42,500","49,150","41,500","41,500","141,650","146,650","136,650","15,250","15,350","15,150","19,100","16,550","20,750","19,950","30,350","30,350"
2023-06-26,"45,850","45,850","42,500","42,500","14,500","13,250","12,400","14,900","13,850","17,200","15,200","51,650","53,350","50,000","48,750","45,850","51,650","42,150","42,150","141,650","146,650","136,650","15,250","15,350","15,150","19,100","16,550","20,750","19,950","30,650","30,650"
2023-06-27,"45,850","45,850","42,500","42,500","14,500","13,250","12,400","14,900","13,850","17,200","15,200","51,650","53,350","50,000","48,750","45,850","51,650","42,850","42,850","141,650","146,650","136,650","15,250","15,350","15,150","19,100","16,550","20,750","19,950","30,850","30,850"
2023-06-28,"45,850","45,850","42,500","42,500","14,500","13,250","12,400","14,900","13,850","17,200","15,200","51,650","53,350","50,000","48,750","45,850","51,650","42,850","42,850","141,650","146,650","136,650","15,250","15,350","15,150","19,100","16,550","20,750","19,950","30,850","30,850"
2023-06-29,"45,850","45,850","42,500","42,500","14,500","13,250","12,400","14,900","13,850","17,200","15,200","51,650","53,350","50,000","48,750","45,850","51,650","42,850","42,850","141,650","146,650","136,650","15,250","15,350","15,150","19,100","16,550","20,750","19,950","30,850","30,850"
2023-06-30,"45,850","45,850","42,500","42,500","14,500","13,250","12,400","14,900","13,850","17,200","15,200","51,650","53,350","50,000","48,750","45,850","51,650","42,850","42,850","141,650","146,650","136,650","15,250","15,350","15,150","19,100","16,550","20,750","19,950","30,850","30,850"
2023-07-03,"45,000","45,000","42,500","42,500","14,500","13,250","12,400","14,900","13,850","17,200","15,200","56,650","60,850","52,500","49,600","50,850","48,350","42,500","42,500","141,650","146,650","136,650","15,250","15,350","15,150","19,100","16,550","20,750","19,950","31,100","31,100"
2023-07-04,"45,000","45,000","42,500","42,500","14,500","13,250","12,400","14,900","13,850","17,200","15,200","55,000","57,500","52,500","50,400","52,500","48,350","42,150","42,150","141,650","146,650","136,650","14,150","15,350","12,900","19,100","16,550","20,750","19,950","31,250","31,250"
2023-07-05,"44,150","44,150","42,500","42,500","14,500","13,250","12,400","14,900","13,850","17,200","15,200","50,850","54,150","47,500","47,500","50,000","45,000","42,150","42,150","141,650","146,650","136,650","15,250","15,350","15,150","19,100","16,550","20,750","19,950","31,250","31,250"
2023-07-06,"44,150","44,150","42,500","42,500","14,500","13,250","12,400","14,900","13,850","17,200","15,200","50,000","54,150","45,850","47,500","50,000","45,000","42,150","42,150","141,650","146,650","136,650","15,250","15,350","15,150","19,100","16,550","20,750","19,950","31,250","31,250"
2023-07-07,"42,500","42,500","42,500","42,500","14,500","13,250","12,400","14,900","13,850","17,200","15,200","47,900","54,150","41,650","48,350","51,650","45,000","42,000","42,000","141,650","146,650","136,650","15,250","15,350","15,150","19,100","16,550","20,750","19,950","31,400","31,400"
2023-07-10,"40,000","40,000","45,000","45,000","14,450","13,200","12,400","14,850","13,800","17,100","15,150","46,650","52,500","40,850","47,500","50,000","45,000","42,000","42,000","141,650","146,650","136,650","15,250","15,350","15,150","19,100","16,550","20,750","19,950","31,400","31,400"
2023-07-11,"40,000","40,000","45,000","45,000","14,450","13,200","12,400","14,850","13,800","17,100","15,150","46,650","52,500","40,850","47,500","50,000","45,000","41,850","41,850","141,650","146,650","136,650","15,250","15,350","15,150","19,100","16,550","20,750","19,950","31,400","31,400"
2023-07-12,"40,000","40,000","45,000","45,000","14,450","13,200","12,350","14,850","13,800","17,100","15,150","46,250","51,650","40,850","44,150","48,350","40,000","41,850","41,850","141,650","146,650","136,650","15,250","15,350","15,150","19,100","16,550","20,750","19,950","31,400","31,400"
2023-07-13,"40,000","40,000","45,000","45,000","14,450","13,200","12,350","14,850","13,800","17,100","15,150","46,250","51,650","40,850","44,150","48,350","40,000","42,000","42,000","141,650","146,650","136,650","15,250","15,350","15,150","19,100","16,550","20,750","19,950","31,400","31,400"
2023-07-14,"40,000","40,000","45,850","45,850","14,450","13,200","12,350","14,850","13,800","17,100","15,150","45,850","50,850","40,850","43,750","47,500","40,000","42,000","42,000","141,650","146,650","136,650","15,250","15,350","15,150","19,100","16,550","20,750","19,950","31,600","31,600"
2023-07-17,"38,000","38,000","45,850","45,850","14,450","13,200","12,350","14,850","13,800","17,100","15,150","45,400","50,000","40,850","43,350","46,650","40,000","41,650","41,650","141,650","146,650","136,650","15,250","15,350","15,150","19,100","16,550","20,750","19,950","31,850","31,850"
2023-07-18,"38,000","38,000","45,850","45,850","14,450","13,200","12,350","14,850","13,800","17,100","15,150","45,400","50,000","40,850","43,350","46,650","40,000","41,650","41,650","141,650","146,650","136,650","15,250","15,350","15,150","19,100","16,550","20,750","19,950","31,850","31,850"
2023-07-19,-,-,-,-,-,-,-,-,-,-,-,-,-,-,-,-,-,-,-,-,-,-,-,-,-,-,-,-,-,-,-
2023-07-20,"38,000","38,000","47,500","47,500","14,450","13,200","12,350","14,850","13,800","17,100","15,150","44,600","48,350","40,850","43,350","46,650","40,000","41,500","41,500","141,650","146,650","136,650","15,400","15,500","15,350","19,100","16,550","20,750","19,950","31,850","31,850"
2023-07-21,"38,850","38,850","48,350","48,350","14,450","13,200","12,350","14,850","13,800","17,100","15,150","43,750","46,650","40,850","43,350","46,650","40,000","41,600","41,600","141,650","146,650","136,650","15,400","15,500","15,350","19,100","16,550","20,750","19,950","31,850","31,850"
2023-07-24,"37,500","37,500","49,150","49,150","14,450","13,200","12,350","14,850","13,800","17,100","15,150","44,600","48,350","40,850","42,100","45,000","39,150","41,100","41,100","141,650","146,650","136,650","15,400","15,500","15,350","19,100","16,550","20,750","19,950","32,000","32,000"
2023-07-25,"36,650","36,650","49,150","49,150","14,450","13,200","12,350","14,850","13,800","17,100","15,150","44,600","48,350","40,850","44,600","44,150","45,000","40,900","40,900","141,650","146,650","136,650","15,400","15,500","15,350","19,100","16,550","20,750","19,950","32,000","32,000"
2023-07-26,"35,850","35,850","49,150","49,150","14,450","13,200","12,350","14,850","13,800","17,100","15,150","44,600","48,350","40,850","43,750","42,500","45,000","39,900","39,900","141,650","146,650","136,650","15,400","15,500","15,350","19,100","16,550","20,750","19,950","32,000","32,000"
2023-07-27,"35,850","35,850","49,150","49,150","14,450","13,200","12,350","14,850","13,800","17,100","15,150","43,750","46,650","40,850","43,350","42,500","44,150","39,750","39,750","141,650","146,650","136,650","15,500","15,500","15,500","19,100","16,550","20,750","19,950","32,000","32,000"
2023-07-28,"35,850","35,850","49,150","49,150","14,450","13,200","12,350","14,850","13,800","17,100","15,150","43,750","46,650","40,850","43,750","42,500","45,000","39,500","39,500","141,650","146,650","136,650","15,500","15,500","15,500","19,100","16,550","20,750","19,950","32,000","32,000"
2023-07-31,"35,850","35,850","48,350","48,350","14,450","13,200","12,350","14,850","13,800","17,100","15,150","43,750","45,850","41,650","45,400","42,500","48,350","38,350","38,350","141,650","146,650","136,650","15,500","15,500","15,500","19,100","16,550","20,750","19,950","32,000","32,000"
2023-08-01,"35,850","35,850","48,350","48,350","14,450","13,200","12,350","14,850","13,800","17,100","15,150","43,750","45,850","41,650","46,650","42,500","50,850","37,850","37,850","141,650","146,650","136,650","15,500","15,500","15,500","19,100","16,550","20,750","19,950","32,000","32,000"
2023-08-02,"35,850","35,850","48,350","48,350","14,450","13,200","12,350","14,850","13,800","17,100","15,150","43,750","45,850","41,650","47,100","42,500","51,650","37,500","37,500","141,650","146,650","136,650","15,500","15,500","15,500","19,100","16,550","20,750","19,950","32,000","32,000"
2023-08-03,"35,850","35,850","48,350","48,350","14,500","13,250","12,450","14,900","13,850","17,150","15,200","43,750","45,850","41,650","47,100","42,500","51,650","37,000","37,000","141,650","146,650","136,650","15,500","15,500","15,500","19,100","16,550","20,750","19,950","32,000","32,000"
2023-08-04,"35,850","35,850","48,350","48,350","14,500","13,250","12,450","14,900","13,850","17,150","15,200","43,750","45,850","41,650","47,100","42,500","51,650","37,000","37,000","141,650","146,650","136,650","15,500","15,500","15,500","19,100","16,550","20,750","19,950","32,000","32,000"
2023-08-07,"35,000","35,000","48,350","48,350","14,550","13,300","12,500","14,950","13,900","17,200","15,250","45,850","50,000","41,650","46,650","42,500","50,850","38,000","38,000","141,650","146,650","136,650","15,750","15,850","15,650","19,100","16,550","20,750","19,950","31,750","31,750"
2023-08-08,"35,000","35,000","48,350","48,350","14,550","13,300","12,500","14,950","13,900","17,200","15,250","45,850","50,000","41,650","46,650","42,500","50,850","38,150","38,150","141,650","146,650","136,650","15,750","15,850","15,650","19,100","16,550","20,750","19,950","31,750","31,750"
2023-08-09,"35,000","35,000","48,350","48,350","14,550","13,300","12,500","14,950","13,900","17,200","15,250","45,850","50,000","41,650","46,250","41,650","50,850","38,350","38,350","141,650","146,650","136,650","15,750","15,850","15,650","19,100","16,550","20,750","19,950","31,750","31,750"
2023-08-10,"35,000","35,000","48,350","48,350","14,550","13,300","12,500","14,950","13,900","17,200","15,250","45,850","50,000","41,650","47,100","41,650","52,500","39,150","39,150","141,650","146,650","136,650","15,750","15,850","15,650","19,100","16,550","20,750","19,950","31,750","31,750"
2023-08-11,"35,000","35,000","48,350","48,350","14,600","13,350","12,550","15,000","13,950","17,250","15,300","45,850","50,000","41,650","47,100","41,650","52,500","39,150","39,150","141,650","146,650","136,650","15,750","15,850","15,650","19,000","16,400","20,600","19,950","31,750","31,750"
2023-08-14,"35,000","35,000","48,350","48,350","14,600","13,400","12,550","15,050","13,950","17,300","15,300","45,850","50,000","41,650","45,850","40,000","51,650","39,150","39,150","141,650","146,650","136,650","15,750","15,850","15,650","18,950","16,400","20,450","19,950","31,250","31,250"
2023-08-15,"35,000","35,000","48,350","48,350","14,600","13,400","12,550","15,050","13,950","17,300","15,300","45,850","50,000","41,650","48,750","40,000","57,500","39,350","39,350","141,650","146,650","136,650","15,750","15,850","15,650","18,950","16,400","20,450","19,950","31,100","31,100"
2023-08-16,"35,000","35,000","46,650","46,650","14,600","13,400","12,550","15,050","14,000","17,300","15,300","45,400","48,350","42,500","50,000","40,000","60,000","39,500","39,500","141,650","146,650","136,650","15,750","15,850","15,650","18,950","16,400","20,450","19,950","31,100","31,100"
2023-08-17,"35,000","35,000","46,650","46,650","14,600","13,400","12,550","15,050","14,000","17,300","15,300","45,400","48,350","42,500","50,000","40,000","60,000","39,500","39,500","141,650","146,650","136,650","15,750","15,850","15,650","18,950","16,400","20,450","19,950","31,100","31,100"
2023-08-18,"35,000","35,000","46,650","46,650","14,650","13,450","12,600","15,100","14,000","17,350","15,350","47,500","48,350","46,650","50,400","40,000","60,850","39,650","39,650","141,650","146,650","136,650","15,750","15,850","15,650","18,950","16,400","20,450","19,950","31,000","31,000"
2023-08-21,"35,000","35,000","45,000","45,000","14,800","13,600","12,750","15,200","14,200","17,500","15,450","48,350","50,000","46,650","50,000","40,000","60,000","39,500","39,500","141,650","146,650","136,650","15,750","15,850","15,650","18,950","16,400","20,450","19,950","30,150","30,150"
2023-08-22,"35,000","35,000","45,000","45,000","14,800","13,600","12,750","15,200","14,200","17,500","15,450","48,350","50,000","46,650","50,000","40,000","60,000","39,400","39,400","141,650","146,650","136,650","15,750","15,850","15,650","18,950","16,400","20,450","19,950","30,000","30,000"
2023-08-23,"35,000","35,000","45,000","45,000","14,800","13,600","12,750","15,200","14,200","17,500","15,450","49,150","50,000","48,350","49,600","40,000","59,150","39,400","39,400","141,650","146,650","136,650","15,750","15,850","15,650","18,950","16,400","20,450","19,950","28,850","28,850"
2023-08-24,"35,000","35,000","45,000","45,000","14,800","13,600","12,750","15,200","14,200","17,500","15,450","48,750","49,150","48,350","47,500","40,000","55,000","39,400","39,400","141,650","146,650","136,650","15,750","15,850","15,650","18,950","16,400","20,450","19,950","28,850","28,850"
2023-08-25,"35,000","35,000","45,000","45,000","14,850","13,600","12,850","15,250","14,250","17,500","15,500","52,500","55,850","49,150","47,100","40,000","54,150","39,400","39,400","141,650","146,650","136,650","15,750","15,850","15,650","18,950","16,400","20,450","19,950","28,850","28,850"
2023-08-28,"35,000","35,000","45,000","45,000","14,850","13,650","12,900","15,250","14,250","17,500","15,550","56,250","58,350","54,150","47,900","42,500","53,350","39,100","39,100","141,650","146,650","136,650","15,750","15,850","15,650","18,850","16,400","20,450","19,750","28,500","28,500"
2023-08-29,"35,000","35,000","45,000","45,000","14,950","13,650","12,900","15,300","14,300","17,700","15,700","56,250","58,350","54,150","47,100","42,500","51,650","39,100","39,100","141,650","146,650","136,650","15,750","15,850","15,650","18,850","16,400","20,450","19,750","28,200","28,200"
2023-08-30,"35,000","35,000","45,000","45,000","14,950","13,700","12,950","15,300","14,300","17,750","15,750","55,400","58,350","52,500","46,650","42,500","50,850","38,750","38,750","141,650","146,650","136,650","15,750","15,850","15,650","18,850","16,400","20,450","19,750","28,000","28,000"
2023-08-31,"35,000","35,000","45,000","45,000","14,950","13,700","12,950","15,300","14,300","17,750","15,750","55,400","58,350","52,500","46,650","42,500","50,850","38,500","38,500","141,650","146,650","136,650","15,750","15,850","15,650","18,850","16,400","20,450","19,750","27,200","27,200"
2023-09-01,"35,000","35,000","45,000","45,000","15,050","13,750","13,050","15,400","14,400","17,800","15,850","56,650","61,650","51,650","45,400","41,650","49,150","38,500","38,500","141,650","146,650","136,650","15,750","15,850","15,650","18,850","16,400","20,450","19,750","27,000","27,000"
2023-09-04,"35,000","35,000","45,000","45,000","15,100","13,800","13,100","15,400","14,400","17,850","15,850","52,900","55,850","50,000","43,350","40,000","46,650","38,350","38,350","141,650","146,650","136,650","15,750","15,850","15,650","18,850","16,400","20,450","19,750","27,850","27,850"
2023-09-05,"35,000","35,000","45,000","45,000","15,100","13,800","13,100","15,400","14,400","17,850","15,850","52,900","55,850","50,000","43,350","40,000","46,650","38,500","38,500","141,650","146,650","136,650","15,750","15,850","15,650","18,850","16,400","20,450","19,750","27,850","27,850"
2023-09-06,"35,000","35,000","45,000","45,000","15,100","13,800","13,150","15,450","14,450","17,850","15,850","51,650","55,000","48,350","43,350","40,000","46,650","38,900","38,900","141,650","146,650","136,650","15,750","15,850","15,650","18,850","16,400","20,450","19,750","27,850","27,850"
2023-09-07,"35,000","35,000","45,000","45,000","15,100","13,800","13,150","15,450","14,450","17,850","15,850","51,250","55,000","47,500","43,350","40,000","46,650","38,900","38,900","141,650","146,650","136,650","15,750","15,850","15,650","18,850","16,400","20,450","19,750","28,000","28,000"
2023-09-08,"35,000","35,000","45,000","45,000","15,100","13,850","13,200","15,450","14,450","17,850","15,900","50,000","55,000","45,000","42,500","40,000","45,000","38,900","38,900","141,650","146,650","136,650","15,750","15,850","15,650","18,750","16,400","20,100","19,750","28,000","28,000"
2023-09-11,"35,000","35,000","45,000","45,000","15,200","13,950","13,250","15,550","14,550","17,850","15,900","47,900","53,350","42,500","42,900","40,850","45,000","38,750","38,750","141,650","146,650","136,650","15,750","15,850","15,650","18,800","16,400","20,250","19,750","27,750","27,750"
2023-09-12,"35,000","35,000","45,000","45,000","15,200","13,950","13,250","15,550","14,550","17,850","15,900","47,900","53,350","42,500","42,900","40,850","45,000","38,750","38,750","141,650","146,650","136,650","15,750","15,850","15,650","18,800","16,400","20,250","19,750","27,450","27,450"
2023-09-13,"35,000","35,000","45,000","45,000","15,200","13,950","13,250","15,550","14,550","17,850","15,900","47,500","53,350","41,650","42,900","40,850","45,000","38,350","38,350","141,650","146,650","136,650","15,750","15,850","15,650","18,800","16,400","20,250","19,750","27,450","27,450"
2023-09-14,"35,000","35,000","45,000","45,000","15,200","13,950","13,250","15,550","14,550","17,850","15,900","47,500","51,650","43,350","42,900","40,850","45,000","38,150","38,150","141,650","146,650","136,650","15,750","15,850","15,650","18,800","16,400","20,250","19,750","27,250","27,250"
2023-09-15,"35,000","35,000","45,000","45,000","15,200","13,950","13,250","15,550","14,550","17,850","15,900","47,500","51,650","43,350","42,900","40,850","45,000","37,500","37,500","141,650","146,650","136,650","15,850","15,850","15,850","18,800","16,400","20,250","19,750","27,250","27,250"
2023-09-18,"35,000","35,000","45,000","45,000","15,200","13,950","13,250","15,550","14,550","17,850","15,900","43,750","47,500","40,000","41,250","41,650","40,850","36,500","36,500","141,650","146,650","136,650","15,850","15,850","15,850","18,800","16,400","20,250","19,750","26,700","26,700"
2023-09-19,"35,000","35,000","45,000","45,000","15,200","13,950","13,250","15,550","14,550","17,850","15,900","43,750","47,500","40,000","41,250","41,650","40,850","36,350","36,350","141,650","146,650","136,650","15,850","15,850","15,850","18,750","16,250","20,250","19,750","26,500","26,500"
2023-09-20,"35,000","35,000","45,000","45,000","15,200","13,950","13,250","15,550","14,550","17,850","15,900","43,750","47,500","40,000","41,250","41,650","40,850","36,350","36,350","141,650","146,650","136,650","15,850","15,850","15,850","18,750","16,250","20,250","19,750","26,500","26,500"
2023-09-21,"35,000","35,000","45,000","45,000","15,200","13,950","13,250","15,550","14,550","17,850","15,900","43,750","47,500","40,000","40,650","41,650","39,650","36,150","36,150","141,650","146,650","136,650","15,850","15,850","15,850","18,750","16,250","20,250","19,750","26,550","26,550"
2023-09-22,"34,150","34,150","45,000","45,000","15,200","13,950","13,250","15,550","14,550","17,850","15,900","43,350","45,850","40,850","39,850","41,650","38,000","35,850","35,850","141,650","146,650","136,650","15,850","15,850","15,850","18,750","16,250","20,250","19,750","26,550","26,550"
2023-09-25,"32,150","32,150","44,500","44,500","15,200","13,950","13,250","15,550","14,550","17,850","15,900","46,250","47,500","45,000","45,000","44,150","45,850","35,850","35,850","141,650","146,650","136,650","15,850","15,850","15,850","18,700","16,250","20,100","19,750","26,550","26,550"
2023-09-26,"32,150","32,150","44,500","44,500","15,200","13,950","13,250","15,550","14,550","17,850","15,900","46,250","47,500","45,000","45,400","45,000","45,850","35,850","35,850","141,650","146,650","136,650","15,850","15,850","15,850","18,700","16,250","20,100","19,750","26,550","26,550"
2023-09-27,"32,500","32,500","45,000","45,000","15,200","13,950","13,250","15,550","14,550","17,850","15,900","47,500","50,000","45,000","42,900","44,150","41,650","35,850","35,850","141,650","146,650","136,650","15,850","15,850","15,850","18,700","16,250","20,100","19,750","26,550","26,550"
2023-09-28,"32,500","32,500","45,000","45,000","15,200","13,950","13,250","15,550","14,550","17,850","15,900","47,500","50,000","45,000","42,900","44,150","41,650","35,850","35,850","141,650","146,650","136,650","15,850","15,850","15,850","18,700","16,250","20,100","19,750","26,550","26,550"
2023-09-29,"32,500","32,500","45,000","45,000","15,200","13,950","13,250","15,550","14,550","17,850","15,900","47,500","50,000","45,000","42,900","44,150","41,650","35,850","35,850","141,650","146,650","136,650","15,850","15,850","15,850","18,650","16,100","20,100","19,750","26,550","26,550"
2023-10-02,"32,500","32,500","45,000","45,000","15,200","13,950","13,250","15,550","14,550","17,850","15,900","47,500","50,000","45,000","47,500","45,850","49,150","36,650","36,650","141,650","146,650","136,650","15,850","15,850","15,850","18,650","16,100","20,100","19,750","26,200","26,200"
2023-10-03,"32,500","32,500","45,000","45,000","15,200","13,950","13,250","15,550","14,550","17,850","15,900","50,850","55,000","46,650","47,900","45,850","50,000","36,850","36,850","141,650","146,650","136,650","15,850","15,850","15,850","18,650","16,100","20,100","19,750","26,200","26,200"
2023-10-04,"32,500","32,500","45,000","45,000","15,200","13,950","13,250","15,550","14,550","17,850","15,900","50,850","55,000","46,650","47,900","45,850","50,000","36,850","36,850","141,650","146,650","136,650","15,850","15,850","15,850","18,650","16,100","20,100","19,750","26,200","26,200"
2023-10-05,"32,500","32,500","45,000","45,000","15,200","13,950","13,250","15,550","14,550","17,850","15,900","50,850","55,000","46,650","47,900","45,850","50,000","36,850","36,850","141,650","146,650","136,650","15,850","15,850","15,850","18,650","16,100","20,100","19,750","26,200","26,200"
2023-10-06,"32,500","32,500","45,000","45,000","15,200","13,950","13,250","15,550","14,550","17,850","15,900","50,850","55,000","46,650","50,850","45,850","55,850","36,850","36,850","141,650","146,650","136,650","15,850","15,850","15,850","18,650","16,100","20,100","19,750","26,200","26,200"
2023-10-09,"32,500","32,500","45,000","45,000","15,200","13,950","13,250","15,550","14,550","17,850","15,900","51,250","55,000","47,500","50,850","45,850","55,850","36,650","36,650","141,650","146,650","136,650","15,850","15,850","15,850","18,650","16,100","20,100","19,750","26,200","26,200"
2023-10-10,"32,500","32,500","45,000","45,000","15,200","13,950","13,250","15,550","14,550","17,850","15,900","51,650","55,000","48,350","50,850","45,850","55,850","36,750","36,750","141,650","146,650","136,650","15,850","15,850","15,850","18,650","16,100","20,100","19,750","26,200","26,200"
2023-10-11,"32,500","32,500","45,000","45,000","15,200","13,950","13,250","15,550","14,550","17,850","15,900","51,650","55,000","48,350","50,850","45,850","55,850","36,750","36,750","141,650","146,650","136,650","15,850","15,850","15,850","18,650","16,100","20,100","19,750","26,200","26,200"
2023-10-12,"32,500","32,500","45,000","45,000","15,200","13,950","13,250","15,550","14,550","17,850","15,900","51,650","55,000","48,350","50,400","45,850","55,000","36,600","36,600","141,650","146,650","136,650","15,850","15,850","15,850","18,650","16,100","20,100","19,750","26,200","26,200"
2023-10-13,"32,500","32,500","45,000","45,000","15,200","13,950","13,250","15,550","14,550","17,850","15,900","51,650","55,000","48,350","50,850","45,850","55,850","36,400","36,400","141,650","146,650","136,650","15,850","15,850","15,850","18,650","16,100","20,100","19,750","26,200","26,200"
2023-10-16,"32,500","32,500","45,000","45,000","15,200","13,950","13,250","15,550","14,550","17,850","15,900","52,500","55,000","50,000","54,600","48,350","60,850","35,400","35,400","141,650","146,650","136,650","15,850","15,850","15,850","18,650","16,100","20,100","19,750","25,850","25,850"
2023-10-17,"32,500","32,500","45,000","45,000","15,200","13,950","13,250","15,550","14,550","17,850","15,900","52,500","55,000","50,000","55,000","48,350","61,650","35,100","35,100","141,650","146,650","136,650","15,850","15,850","15,850","18,650","16,100","20,100","19,750","25,850","25,850"
2023-10-18,"32,500","32,500","45,000","45,000","15,200","13,950","13,250","15,550","14,550","17,850","15,900","52,500","55,000","50,000","55,400","48,350","62,500","35,100","35,100","141,650","146,650","136,650","15,850","15,850","15,850","18,650","16,100","20,100","19,750","26,050","26,050"
2023-10-19,"32,500","32,500","45,000","45,000","15,200","13,950","13,250","15,550","14,550","17,850","15,900","52,500","55,000","50,000","55,400","48,350","62,500","35,100","35,100","141,650","146,650","136,650","15,850","15,850","15,850","18,650","16,100","20,100","19,750","26,050","26,050"
2023-10-20,"32,500","32,500","45,000","45,000","15,200","13,950","13,250","15,550","14,550","17,850","15,900","52,500","55,000","50,000","56,250","48,350","64,150","35,100","35,100","141,650","146,650","136,650","15,900","15,850","15,900","18,650","16,100","20,100","19,750","26,050","26,050"
2023-10-23,"30,850","30,850","45,000","45,000","15,200","13,950","13,250","15,550","14,550","17,850","15,900","55,000","57,500","52,500","64,150","53,350","75,000","35,650","35,650","141,650","146,650","136,650","16,900","16,850","16,950","18,300","16,100","19,100","19,750","25,850","25,850"
2023-10-24,"30,850","30,850","45,000","45,000","15,200","13,950","13,250","15,550","14,550","17,850","15,900","55,000","57,500","52,500","64,150","53,350","75,000","35,650","35,650","141,650","146,650","136,650","16,900","16,850","16,950","18,300","16,100","19,100","19,750","25,850","25,850"
2023-10-25,"30,850","30,850","45,000","45,000","15,200","13,950","13,250","15,550","14,550","17,850","15,900","55,000","57,500","52,500","65,850","55,000","76,650","36,000","36,000","141,650","146,650","136,650","16,950","16,850","17,000","18,300","16,100","19,100","19,750","25,850","25,850"
2023-10-26,"30,850","30,850","45,000","45,000","15,200","13,950","13,250","15,550","14,550","17,850","15,900","56,250","57,500","55,000","65,850","55,000","76,650","36,000","36,000","141,650","146,650","136,650","16,950","16,850","17,000","18,300","16,100","19,100","19,750","25,850","25,850"
2023-10-27,"30,850","30,850","45,000","45,000","15,200","13,950","13,250","15,550","14,550","17,850","15,900","59,600","60,850","58,350","67,500","56,650","78,350","36,000","36,000","141,650","146,650","136,650","16,950","16,850","17,000","18,300","16,100","19,100","19,750","25,850","25,850"
2023-10-30,"32,500","32,500","45,850","45,850","15,200","13,950","13,250","15,550","14,550","17,850","15,900","68,350","63,350","73,350","80,850","64,150","97,500","35,650","35,650","141,650","146,650","136,650","16,900","16,850","16,950","18,300","16,100","19,100","19,750","25,550","25,550"
2023-10-31,"33,350","33,350","45,850","45,850","15,200","13,950","13,250","15,550","14,550","17,850","15,900","68,350","63,350","73,350","80,850","64,150","97,500","35,600","35,600","141,650","146,650","136,650","17,000","16,850","17,100","18,200","16,100","19,100","19,450","25,350","25,350"
2023-11-01,"33,350","33,350","45,850","45,850","15,200","13,950","13,250","15,550","14,550","17,850","15,900","68,350","63,350","73,350","80,850","64,150","97,500","35,600","35,600","141,650","146,650","136,650","17,000","16,850","17,100","18,200","16,100","19,100","19,450","25,350","25,350"
2023-11-02,"33,350","33,350","45,850","45,850","15,200","13,950","13,250","15,550","14,550","17,850","15,900","68,350","63,350","73,350","80,850","64,150","97,500","35,600","35,600","141,650","146,650","136,650","17,000","16,850","17,100","18,200","16,100","19,100","19,450","25,200","25,200"
2023-11-03,"33,350","33,350","45,850","45,850","15,200","13,950","13,250","15,550","14,550","17,850","15,900","68,350","63,350","73,350","80,850","64,150","97,500","35,600","35,600","141,650","146,650","136,650","17,000","16,850","17,100","18,200","16,100","19,100","19,450","25,200","25,200"
2023-11-06,"37,500","37,500","45,850","45,850","15,200","13,950","13,350","15,550","14,550","17,850","15,900","75,000","70,000","80,000","82,900","67,500","98,350","35,900","35,900","141,650","146,650","136,650","17,000","16,850","17,100","18,200","16,100","19,100","19,450","25,850","25,850"
2023-11-07,"37,500","37,500","45,850","45,850","15,200","13,950","13,350","15,550","14,550","17,850","15,900","75,000","70,000","80,000","82,900","67,500","98,350","35,900","35,900","141,650","146,650","136,650","17,000","16,850","17,100","18,200","16,100","19,100","19,450","26,850","26,850"
2023-11-08,"38,350","38,350","45,850","45,850","15,200","13,950","13,350","15,550","14,550","17,850","15,900","76,650","71,650","81,650","81,650","67,500","95,850","35,900","35,900","141,650","146,650","136,650","17,000","16,850","17,100","18,200","16,100","19,100","19,450","26,850","26,850"
2023-11-09,"38,350","38,350","45,850","45,850","15,200","13,950","13,350","15,550","14,550","17,850","15,900","79,150","71,650","86,650","82,900","68,350","97,500","36,250","36,250","141,650","146,650","136,650","17,000","16,850","17,100","18,200","16,100","19,100","19,450","26,850","26,850"
2023-11-10,"38,350","38,350","45,850","45,850","15,200","13,950","13,350","15,550","14,550","17,850","15,900","79,150","71,650","86,650","82,900","68,350","97,500","36,250","36,250","141,650","146,650","136,650","17,000","16,850","17,100","18,200","16,100","19,100","19,450","26,850","26,850"
2023-11-13,"35,850","35,850","45,000","45,000","15,200","13,950","13,350","15,550","14,550","17,850","15,900","79,150","75,000","83,350","82,900","70,000","95,850","36,650","36,650","141,650","146,650","136,650","17,350","17,200","17,550","18,200","16,100","19,100","19,450","27,200","27,200"
2023-11-14,"35,850","35,850","45,000","45,000","15,200","13,950","13,350","15,550","14,550","17,850","15,900","79,150","75,000","83,350","82,900","70,000","95,850","36,650","36,650","141,650","146,650","136,650","17,350","17,200","17,550","18,200","16,100","19,100","19,450","27,200","27,200"
2023-11-15,"35,850","35,850","45,000","45,000","15,200","13,950","13,350","15,550","14,550","17,850","15,900","78,750","75,000","82,500","83,350","70,000","96,650","36,650","36,650","141,650","146,650","136,650","17,550","17,550","17,550","18,200","16,100","19,100","19,450","27,200","27,200"
2023-11-16,"35,850","35,850","44,150","44,150","15,200","13,950","13,350","15,550","14,550","17,850","15,900","78,750","75,000","82,500","83,350","70,000","96,650","36,150","36,150","141,650","146,650","136,650","17,600","17,700","17,550","18,200","16,100","19,100","19,450","27,350","27,350"
2023-11-17,"36,650","36,650","44,150","44,150","15,200","13,950","13,350","15,550","14,550","17,850","15,900","78,750","75,000","82,500","85,000","70,000","100,000","35,850","35,850","141,650","146,650","136,650","17,600","17,700","17,550","18,200","16,100","19,100","19,450","27,350","27,350"
2023-11-20,"37,500","37,500","43,350","43,350","15,200","13,950","13,350","15,550","14,550","17,850","15,900","80,850","76,650","85,000","85,850","69,150","102,500","35,500","35,500","141,650","146,650","136,650","17,700","17,850","17,550","18,150","16,100","18,950","19,450","27,350","27,350"
2023-11-21,"36,650","36,650","43,350","43,350","15,200","13,950","13,350","15,550","14,550","17,850","15,900","80,850","76,650","85,000","88,350","69,150","107,500","35,350","35,350","141,650","146,650","136,650","17,700","17,850","17,550","18,150","16,100","18,950","19,450","27,350","27,350"
2023-11-22,"36,650","36,650","43,350","43,350","15,200","13,950","13,350","15,550","14,550","17,850","15,900","82,500","78,350","86,650","89,150","69,150","109,150","35,000","35,000","141,650","146,650","136,650","17,750","17,850","17,600","18,150","16,100","18,950","19,450","27,350","27,350"
2023-11-23,"36,650","36,650","43,350","43,350","15,200","13,950","13,350","15,550","14,550","17,850","15,900","83,750","78,350","89,150","89,600","70,000","109,150","35,000","35,000","141,650","146,650","136,650","17,850","17,850","17,800","18,150","16,100","18,950","19,450","27,350","27,350"
2023-11-24,"36,650","36,650","43,350","43,350","15,200","13,950","13,350","15,550","14,550","17,850","15,900","83,750","78,350","89,150","89,600","70,000","109,150","35,000","35,000","141,650","146,650","136,650","17,850","17,850","17,800","18,150","16,100","18,950","19,450","27,200","27,200"
2023-11-27,"36,650","36,650","43,350","43,350","15,200","13,950","13,350","15,550","14,550","17,850","15,900","84,600","82,500","86,650","87,500","68,350","106,650","34,000","34,000","141,650","146,650","136,650","17,850","17,850","17,800","18,150","16,100","18,950","19,450","27,200","27,200"
2023-11-28,"36,650","36,650","43,350","43,350","15,200","13,950","13,350","15,550","14,550","17,850","15,900","84,600","82,500","86,650","87,500","68,350","106,650","34,000","34,000","141,650","146,650","136,650","17,850","17,850","17,800","18,150","16,100","18,950","19,450","27,200","27,200"
2023-11-29,"36,650","36,650","43,350","43,350","15,200","13,950","13,350","15,550","14,550","17,850","15,900","90,400","86,650","94,150","87,500","68,350","106,650","34,000","34,000","141,650","146,650","136,650","17,850","17,850","17,800","18,150","16,100","18,950","19,450","27,200","27,200"
2023-11-30,"36,650","36,650","43,350","43,350","15,200","13,950","13,350","15,550","14,550","17,850","15,900","90,400","86,650","94,150","87,500","68,350","106,650","34,000","34,000","141,650","146,650","136,650","17,850","17,850","17,800","18,150","16,100","18,950","19,450","27,200","27,200"
2023-12-01,"36,650","36,650","43,350","43,350","15,200","13,950","13,350","15,550","14,550","17,850","15,900","95,850","94,150","97,500","90,000","70,000","110,000","34,000","34,000","141,650","146,650","136,650","17,850","17,850","17,800","18,150","16,100","18,950","19,450","27,200","27,200"
2023-12-04,"37,150","37,150","45,000","45,000","15,200","13,950","13,350","15,550","14,550","17,850","15,900","100,850","103,350","98,350","91,650","71,650","111,650","34,650","34,650","141,650","146,650","136,650","17,850","17,850","17,800","18,150","16,100","18,950","19,450","27,100","27,100"
2023-12-05,"37,150","37,150","45,000","45,000","15,200","13,950","13,350","15,550","14,550","17,850","15,900","100,850","103,350","98,350","91,650","71,650","111,650","34,650","34,650","141,650","146,650","136,650","18,000","18,050","17,950","18,150","16,100","18,950","19,450","27,250","27,250"
2023-12-06,"37,150","37,150","45,000","45,000","15,250","14,000","13,350","15,550","14,550","17,900","15,900","100,000","103,350","96,650","90,000","68,350","111,650","34,650","34,650","141,650","146,650","136,650","18,000","18,050","17,950","18,150","16,100","18,950","19,450","27,250","27,250"
2023-12-07,"37,150","37,150","45,000","45,000","15,250","14,000","13,350","15,550","14,550","17,900","15,950","100,000","103,350","96,650","90,000","68,350","111,650","34,350","34,350","141,650","146,650","136,650","18,150","18,200","18,100","18,150","16,100","18,950","19,450","27,250","27,250"
2023-12-08,"38,000","38,000","45,850","45,850","15,250","14,000","13,350","15,550","14,550","17,900","15,950","100,000","103,350","96,650","90,850","68,350","113,350","34,350","34,350","141,650","146,650","136,650","18,150","18,200","18,100","18,150","16,100","18,950","19,450","27,250","27,250"
2023-12-11,"40,000","40,000","45,850","45,850","15,250","14,100","13,350","15,550","14,550","17,900","15,950","105,000","110,000","100,000","89,150","65,000","113,350","34,150","34,150","141,650","146,650","136,650","18,150","18,200","18,100","18,150","16,100","18,950","19,450","27,250","27,250"
2023-12-12,"40,000","40,000","45,850","45,850","15,250","14,100","13,350","15,550","14,550","17,900","15,950","105,000","110,000","100,000","89,150","65,000","113,350","34,150","34,150","141,650","146,650","136,650","18,150","18,200","18,100","18,150","16,100","18,950","19,450","27,250","27,250"
2023-12-13,"40,000","40,000","45,850","45,850","15,300","14,100","13,350","15,550","14,550","18,100","16,100","105,000","108,350","101,650","89,150","65,000","113,350","34,000","34,000","141,650","146,650","136,650","18,150","18,200","18,100","18,150","16,100","18,950","19,450","27,250","27,250"
2023-12-14,"40,000","40,000","45,850","45,850","15,300","14,100","13,350","15,550","14,550","18,100","16,100","105,000","108,350","101,650","89,150","65,000","113,350","34,000","34,000","141,650","146,650","136,650","18,150","18,200","18,100","18,150","16,100","18,950","19,450","27,250","27,250"
2023-12-15,"40,000","40,000","45,850","45,850","15,350","14,100","13,350","15,550","14,550","18,250","16,250","100,850","108,350","93,350","85,000","61,650","108,350","33,650","33,650","141,650","146,650","136,650","18,150","18,200","18,100","18,150","16,100","18,950","19,450","27,250","27,250"
2023-12-18,"40,500","40,500","45,850","45,850","15,350","14,100","13,400","15,600","14,600","18,250","16,300","90,850","96,650","85,000","77,900","56,650","99,150","33,500","33,500","141,650","146,650","136,650","18,150","18,200","18,100","18,150","16,100","18,950","19,450","27,250","27,250"
2023-12-19,"41,350","41,350","45,850","45,850","15,350","14,100","13,400","15,600","14,600","18,250","16,300","90,850","96,650","85,000","77,900","56,650","99,150","33,500","33,500","141,650","146,650","136,650","18,150","18,200","18,100","18,150","16,100","18,950","19,450","27,250","27,250"
2023-12-20,"41,350","41,350","45,850","45,850","15,350","14,100","13,400","15,600","14,600","18,250","16,300","89,150","96,650","81,650","77,100","56,650","97,500","33,500","33,500","141,650","146,650","136,650","18,150","18,200","18,100","18,050","16,100","18,750","19,250","27,250","27,250"
2023-12-21,"42,150","42,150","45,850","45,850","15,400","14,100","13,400","15,600","14,600","18,450","16,300","87,100","95,000","79,150","76,250","56,650","95,850","33,850","33,850","141,650","146,650","136,650","18,150","18,200","18,100","18,050","16,100","18,750","19,250","27,250","27,250"
2023-12-22,"42,150","42,150","45,850","45,850","15,400","14,100","13,400","15,600","14,600","18,450","16,300","86,250","95,000","77,500","75,400","55,000","95,850","34,000","34,000","141,650","146,650","136,650","18,150","18,200","18,100","18,050","16,100","18,750","19,250","27,250","27,250"
2023-12-25,-,-,-,-,-,-,-,-,-,-,-,-,-,-,-,-,-,-,-,-,-,-,-,-,-,-,-,-,-,-,-
2023-12-26,-,-,-,-,-,-,-,-,-,-,-,-,-,-,-,-,-,-,-,-,-,-,-,-,-,-,-,-,-,-,-
2023-12-27,"44,150","44,150","45,850","45,850","15,400","14,100","13,400","15,600","14,600","18,450","16,300","86,250","98,350","74,150","72,900","51,650","94,150","35,150","35,150","141,650","146,650","136,650","18,150","18,200","18,100","18,050","16,100","18,750","19,250","27,100","27,100"
2023-12-28,"44,150","44,150","45,850","45,850","15,400","14,100","13,400","15,600","14,600","18,450","16,300","86,250","98,350","74,150","72,500","51,650","93,350","35,150","35,150","141,650","146,650","136,650","18,150","18,200","18,100","18,050","16,100","18,750","19,250","27,100","27,100"
2023-12-29,"44,150","44,150","45,850","45,850","15,400","14,100","13,400","15,600","14,600","18,450","16,300","86,250","98,350","74,150","72,500","51,650","93,350","35,350","35,350","141,650","146,650","136,650","18,150","18,200","18,100","18,050","16,100","18,750","19,250","27,100","27,100"
2024-01-01,-,-,-,-,-,-,-,-,-,-,-,-,-,-,-,-,-,-,-,-,-,-,-,-,-,-,-,-,-,-,-
2024-01-02,"44,150","44,150","45,850","45,850","15,400","14,100","13,400","15,600","14,600","18,450","16,300","93,350","100,000","86,650","75,850","50,000","101,650","36,000","36,000","141,650","146,650","136,650","18,150","18,200","18,100","18,050","16,100","18,750","19,250","27,000","27,000"
2024-01-03,"44,150","44,150","45,850","45,850","15,400","14,100","13,400","15,600","14,600","18,450","16,300","93,350","100,000","86,650","74,150","48,350","100,000","35,850","35,850","141,650","146,650","136,650","18,150","18,200","18,100","18,050","16,100","18,750","19,250","27,000","27,000"
2024-01-04,"44,150","44,150","45,850","45,850","15,400","14,100","13,400","15,600","14,600","18,450","16,300","93,350","100,000","86,650","74,150","48,350","100,000","35,650","35,650","141,650","146,650","136,650","18,150","18,200","18,100","18,050","16,100","18,750","19,250","26,700","26,700"
2024-01-05,"44,150","44,150","45,850","45,850","15,400","14,100","13,400","15,600","14,600","18,450","16,300","86,250","91,650","80,850","72,100","48,350","95,850","35,400","35,400","141,650","146,650","136,650","18,150","18,200","18,100","18,050","16,100","18,750","19,250","26,700","26,700"
2024-01-08,"42,500","42,500","45,850","45,850","15,400","14,100","13,400","15,600","14,600","18,450","16,300","80,000","81,650","78,350","60,400","44,150","76,650","34,600","34,600","141,650","146,650","136,650","18,150","18,200","18,100","18,050","16,100","18,750","19,250","26,700","26,700"
2024-01-09,"42,500","42,500","45,850","45,850","15,400","14,100","13,400","15,600","14,600","18,450","16,300","80,000","81,650","78,350","60,400","44,150","76,650","34,600","34,600","141,650","146,650","136,650","18,150","18,200","18,100","18,050","16,100","18,750","19,250","26,700","26,700"
2024-01-10,"42,500","42,500","45,850","45,850","15,400","14,100","13,400","15,600","14,600","18,450","16,300","79,600","81,650","77,500","60,400","44,150","76,650","34,250","34,250","141,650","146,650","136,650","18,150","18,200","18,100","18,050","16,100","18,750","19,250","26,500","26,500"
2024-01-11,"42,500","42,500","45,850","45,850","15,400","14,100","13,400","15,600","14,600","18,450","16,300","79,600","81,650","77,500","60,400","44,150","76,650","34,250","34,250","141,650","146,650","136,650","18,150","18,200","18,100","18,050","16,100","18,750","19,250","26,350","26,350"
2024-01-12,"41,650","41,650","45,850","45,850","15,400","14,100","13,400","15,600","14,600","18,450","16,300","78,750","81,650","75,850","57,500","45,000","70,000","34,100","34,100","141,650","146,650","136,650","18,150","18,200","18,100","18,050","16,100","18,750","19,250","26,350","26,350"
2024-01-15,"40,000","40,000","46,650","46,650","15,400","14,100","13,400","15,600","14,600","18,500","16,300","75,000","81,650","68,350","55,250","42,150","68,350","34,600","34,600","141,650","146,650","136,650","18,150","18,200","18,100","18,050","16,100","18,750","19,250","26,050","26,050"
2024-01-16,"40,000","40,000","46,650","46,650","15,400","14,100","13,400","15,600","14,600","18,500","16,300","75,000","81,650","68,350","55,250","42,150","68,350","34,750","34,750","141,650","146,650","136,650","18,150","18,200","18,100","18,050","16,100","18,750","19,250","26,050","26,050"
2024-01-17,"38,350","38,350","46,650","46,650","15,400","14,100","13,400","15,600","14,600","18,500","16,300","73,350","80,850","65,850","53,600","42,150","65,000","34,750","34,750","141,650","146,650","136,650","18,150","18,200","18,100","18,050","16,100","18,750","19,250","26,200","26,200"
2024-01-18,"38,350","38,350","46,650","46,650","15,400","14,100","13,400","15,600","14,600","18,500","16,300","73,350","80,850","65,850","53,600","42,150","65,000","34,750","34,750","141,650","146,650","136,650","18,150","18,200","18,100","18,050","16,100","18,750","19,250","26,500","26,500"
2024-01-19,"38,350","38,350","46,650","46,650","15,400","14,100","13,400","15,600","14,600","18,500","16,350","71,650","77,500","65,850","50,850","42,500","59,150","34,750","34,750","141,650","146,650","136,650","18,150","18,200","18,100","18,050","16,150","18,750","19,250","26,500","26,500"
2024-01-22,"38,350","38,350","46,650","46,650","15,400","14,100","13,400","15,600","14,600","18,500","16,350","71,650","77,500","65,850","50,000","44,150","55,850","34,150","34,150","141,650","146,650","136,650","18,150","18,200","18,100","18,150","16,350","18,850","19,250","27,500","27,500"
2024-01-23,"38,350","38,350","46,650","46,650","15,450","14,150","13,400","15,600","14,600","18,500","16,400","74,150","80,000","68,350","52,500","47,500","57,500","34,000","34,000","141,650","146,650","136,650","18,150","18,200","18,100","18,150","16,350","18,850","19,250","27,500","27,500"
2024-01-24,"38,350","38,350","46,650","46,650","15,550","14,250","13,550","15,600","14,600","18,650","16,500","74,600","80,000","69,150","51,650","47,500","55,850","33,900","33,900","141,650","146,650","136,650","18,150","18,200","18,100","18,150","16,350","18,850","19,250","27,350","27,350"
2024-01-25,"38,350","38,350","46,650","46,650","15,550","14,250","13,600","15,600","14,600","18,700","16,500","74,600","80,000","69,150","51,650","47,500","55,850","33,900","33,900","141,650","146,650","136,650","18,150","18,200","18,100","18,150","16,350","18,850","19,250","27,350","27,350"
2024-01-26,"38,350","38,350","46,650","46,650","15,550","14,250","13,600","15,600","14,600","18,700","16,500","74,600","80,850","68,350","50,850","47,500","54,150","33,900","33,900","141,650","146,650","136,650","18,150","18,200","18,100","18,150","16,350","18,850","19,250","27,200","27,200"
2024-01-29,"36,650","36,650","47,500","47,500","15,600","14,350","13,650","15,700","14,700","18,750","16,600","73,350","81,650","65,000","51,250","49,150","53,350","34,000","34,000","141,650","146,650","136,650","18,150","18,200","18,100","18,150","16,350","18,850","19,250","27,200","27,200"
2024-01-30,"36,650","36,650","47,500","47,500","15,650","14,350","13,700","15,700","14,700","18,750","16,600","73,350","81,650","65,000","51,250","49,150","53,350","34,000","34,000","141,650","146,650","136,650","18,150","18,200","18,100","18,150","16,350","18,850","19,250","27,200","27,200"
2024-01-31,"36,650","36,650","47,500","47,500","15,650","14,400","13,750","15,700","14,800","18,750","16,600","73,350","81,650","65,000","52,900","49,150","56,650","34,150","34,150","141,650","146,650","136,650","18,150","18,200","18,100","18,150","16,350","18,850","19,250","27,200","27,200"
2024-02-01,"36,650","36,650","47,500","47,500","15,700","14,400","13,750","15,700","14,850","18,750","16,600","73,350","81,650","65,000","52,900","49,150","56,650","34,150","34,150","141,650","146,650","136,650","18,150","18,200","18,100","18,150","16,350","18,850","19,250","27,200","27,200"
2024-02-02,"36,650","36,650","47,500","47,500","15,750","14,450","13,800","15,750","14,850","18,800","16,750","75,000","85,000","65,000","52,900","49,150","56,650","34,350","34,350","141,650","146,650","136,650","18,150","18,200","18,100","18,150","16,350","18,850","19,250","27,350","27,350"
2024-02-05,"38,350","38,350","46,650","46,650","15,750","14,500","13,800","15,750","14,850","18,900","16,750","79,150","85,000","73,350","50,850","47,500","54,150","34,850","34,850","141,650","146,650","136,650","18,150","18,200","18,100","18,150","16,350","18,850","19,250","27,350","27,350"
2024-02-06,"38,350","38,350","46,650","46,650","15,900","14,650","13,950","15,900","15,050","19,000","16,850","75,850","81,650","70,000","50,850","47,500","54,150","34,850","34,850","141,650","146,650","136,650","18,150","18,200","18,100","18,150","16,350","18,850","19,250","27,350","27,350"
2024-02-07,"38,350","38,350","46,650","46,650","15,900","14,650","13,950","15,900","15,050","19,000","16,850","82,100","92,500","71,650","50,850","47,500","54,150","35,500","35,500","141,650","146,650","136,650","18,150","18,200","18,100","18,150","16,350","18,850","19,250","27,350","27,350"
2024-02-08,"38,350","38,350","45,850","45,850","16,000","14,800","14,050","16,050","15,150","19,000","16,850","83,750","92,500","75,000","57,900","47,500","68,350","36,650","36,650","141,650","146,650","136,650","18,150","18,200","18,100","18,250","16,600","18,850","19,250","27,700","27,700"
2024-02-09,-,-,-,-,-,-,-,-,-,-,-,-,-,-,-,-,-,-,-,-,-,-,-,-,-,-,-,-,-,-,-
2024-02-12,"38,350","38,350","46,650","46,650","15,900","14,650","13,950","15,900","15,050","19,000","16,850","82,100","92,500","71,650","50,850","47,500","54,150","35,500","35,500","141,650","146,650","136,650","18,150","18,200","18,100","18,150","16,350","18,850","19,250","27,350","27,350"
2024-02-13,"38,350","38,350","46,650","46,650","15,950","14,700","14,000","15,900","15,050","19,050","16,850","82,100","92,500","71,650","50,850","47,500","54,150","35,500","35,500","141,650","146,650","136,650","18,150","18,200","18,100","18,200","16,500","18,850","19,250","27,500","27,500"
2024-02-14,"38,350","38,350","45,850","45,850","16,000","14,850","14,050","16,050","15,150","19,050","16,850","83,750","92,500","75,000","57,900","47,500","68,350","36,650","36,650","141,650","146,650","136,650","18,150","18,200","18,100","18,300","16,750","18,850","19,250","27,850","27,850"
2024-02-15,"39,150","39,150","45,850","45,850","16,000","14,850","14,050","16,050","15,150","19,050","16,850","91,650","100,000","83,350","62,100","49,150","75,000","36,150","36,150","141,650","146,650","136,650","18,150","18,200","18,100","18,200","16,500","18,850","19,250","28,700","28,700"
2024-02-16,"39,150","39,150","46,650","46,650","16,000","14,850","14,050","16,050","15,150","19,050","16,850","93,350","100,000","86,650","65,400","49,150","81,650","36,150","36,150","141,650","146,650","136,650","18,150","18,200","18,100","18,300","16,750","18,850","19,250","28,700","28,700"
2024-02-19,"41,650","41,650","46,650","46,650","16,000","14,850","14,050","16,050","15,150","19,050","16,850","92,500","100,000","85,000","70,000","57,500","82,500","35,650","35,650","141,650","146,650","136,650","18,150","18,200","18,100","18,300","16,850","18,850","19,250","29,000","29,000"
2024-02-20,"41,650","41,650","46,650","46,650","16,000","14,850","14,050","16,050","15,150","19,050","16,850","92,900","100,000","85,850","68,750","54,150","83,350","35,600","35,600","141,650","146,650","136,650","18,150","18,200","18,100","18,300","16,850","18,850","19,250","29,000","29,000"
2024-02-21,"41,650","41,650","46,650","46,650","16,100","14,950","14,200","16,150","15,200","19,200","16,950","92,900","100,000","85,850","68,750","54,150","83,350","35,600","35,600","141,650","146,650","136,650","18,150","18,200","18,100","18,300","16,850","18,850","19,250","29,000","29,000"
2024-02-22,"41,650","41,650","46,650","46,650","16,150","15,000","14,250","16,150","15,250","19,200","16,950","95,850","100,000","91,650","71,650","57,500","85,850","35,250","35,250","141,650","146,650","136,650","18,150","18,200","18,100","18,300","16,850","18,850","19,250","29,000","29,000"
2024-02-23,"41,650","41,650","46,650","46,650","16,150","15,000","14,250","16,150","15,250","19,200","16,950","95,850","100,000","91,650","71,650","57,500","85,850","35,400","35,400","141,650","146,650","136,650","18,150","18,200","18,100","18,300","16,850","18,850","19,250","29,150","29,150"
2024-02-26,"40,000","40,000","46,650","46,650","16,150","15,000","14,250","16,150","15,250","19,350","16,950","103,350","120,000","86,650","71,650","55,000","88,350","35,900","35,900","141,650","146,650","136,650","18,150","18,200","18,100","18,300","16,850","18,850","19,250","30,000","30,000"
2024-02-27,"40,000","40,000","46,650","46,650","16,150","15,000","14,250","16,150","15,250","19,350","16,950","105,000","120,000","90,000","71,650","55,000","88,350","36,100","36,100","141,650","146,650","136,650","18,150","18,200","18,100","18,450","16,850","19,200","19,250","30,000","30,000"
2024-02-28,"40,850","40,850","46,650","46,650","16,150","15,050","14,300","16,150","15,300","19,350","16,950","103,350","120,000","86,650","71,650","55,000","88,350","36,100","36,100","141,650","146,650","136,650","18,150","18,200","18,100","18,500","17,000","19,200","19,250","30,150","30,150"
2024-02-29,"40,850","40,850","46,650","46,650","16,150","15,050","14,300","16,150","15,300","19,350","16,950","103,350","120,000","86,650","70,400","53,350","87,500","36,100","36,100","141,650","146,650","136,650","18,150","18,200","18,100","18,500","17,000","19,200","19,250","30,500","30,500"
2024-03-01,"40,000","40,000","46,650","46,650","16,150","15,050","14,300","16,150","15,300","19,350","16,950","100,850","116,650","85,000","69,600","53,350","85,850","36,400","36,400","141,650","146,650","136,650","18,150","18,200","18,100","18,500","17,000","19,200","19,250","30,500","30,500"
2024-03-04,"40,000","40,000","46,650","46,650","16,150","15,050","14,300","16,150","15,300","19,350","16,950","92,500","105,000","80,000","71,250","58,350","84,150","38,600","38,600","141,650","146,650","136,650","18,150","18,200","18,100","18,600","17,000","19,350","19,400","31,500","31,500"
2024-03-05,"40,000","40,000","46,650","46,650","16,150","15,000","14,250","16,150","15,300","19,350","16,950","90,850","101,650","80,000","69,600","56,650","82,500","39,100","39,100","141,650","146,650","136,650","18,150","18,200","18,100","18,600","17,000","19,350","19,400","31,650","31,650"
2024-03-06,"40,000","40,000","46,650","46,650","16,150","15,000","14,250","16,150","15,300","19,350","16,950","90,850","101,650","80,000","68,750","56,650","80,850","39,100","39,100","141,650","146,650","136,650","18,150","18,200","18,100","18,600","17,000","19,350","19,400","31,650","31,650"
2024-03-07,"40,000","40,000","46,650","46,650","16,150","15,000","14,250","16,150","15,300","19,350","16,950","89,150","98,350","80,000","68,750","56,650","80,850","39,150","39,150","141,650","146,650","136,650","18,150","18,200","18,100","18,600","17,000","19,350","19,400","31,650","31,650"
2024-03-08,"40,000","40,000","46,650","46,650","16,150","15,000","14,250","16,150","15,300","19,350","16,950","89,150","98,350","80,000","68,750","56,650","80,850","39,350","39,350","141,650","146,650","136,650","18,150","18,200","18,100","18,600","17,000","19,350","19,400","31,650","31,650"
2024-03-11,"40,000","40,000","46,650","46,650","16,150","15,000","14,250","16,150","15,300","19,350","16,950","89,150","98,350","80,000","68,750","56,650","80,850","39,350","39,350","141,650","146,650","136,650","18,150","18,200","18,100","18,600","17,000","19,350","19,400","31,650","31,650"
2024-03-12,"40,000","40,000","46,650","46,650","16,150","15,000","14,250","16,150","15,300","19,350","16,950","89,150","98,350","80,000","68,750","56,650","80,850","39,350","39,350","141,650","146,650","136,650","18,150","18,200","18,100","18,600","17,000","19,350","19,400","31,650","31,650"
2024-03-13,"37,500","37,500","47,150","47,150","16,150","15,000","14,250","16,150","15,300","19,350","16,950","99,150","100,000","98,350","67,500","60,850","74,150","41,000","41,000","141,650","146,650","136,650","18,150","18,200","18,100","18,600","17,000","19,350","19,400","31,850","31,850"
2024-03-14,"37,500","37,500","47,150","47,150","16,150","15,000","14,250","16,150","15,300","19,350","16,950","99,150","100,000","98,350","68,350","62,500","74,150","41,000","41,000","141,650","146,650","136,650","18,150","18,200","18,100","18,600","17,000","19,350","19,400","31,850","31,850"
2024-03-15,"38,350","38,350","47,150","47,150","16,150","15,000","14,200","16,150","15,300","19,350","16,950","97,500","100,000","95,000","73,750","67,500","80,000","41,150","41,150","141,650","146,650","136,650","18,150","18,200","18,100","18,600","17,000","19,350","19,400","31,850","31,850"
2024-03-18,"38,350","38,350","47,150","47,150","16,150","14,950","14,100","16,150","15,300","19,350","16,950","84,600","95,000","74,150","65,850","64,150","67,500","39,150","39,150","141,650","146,650","136,650","18,200","18,200","18,200","18,750","17,400","19,350","19,600","32,000","32,000"
2024-03-19,"38,350","38,350","47,150","47,150","16,150","14,950","14,100","16,150","15,300","19,350","16,950","84,600","95,000","74,150","65,850","62,500","69,150","38,500","38,500","141,650","146,650","136,650","18,200","18,200","18,200","18,750","17,400","19,350","19,600","32,000","32,000"
2024-03-20,"38,350","38,350","47,150","47,150","16,150","14,950","14,100","16,150","15,300","19,350","16,950","84,600","95,000","74,150","65,850","62,500","69,150","38,500","38,500","141,650","146,650","136,650","18,200","18,200","18,200","18,750","17,400","19,350","19,600","32,000","32,000"
2024-03-21,"39,150","39,150","47,150","47,150","16,150","14,950","14,100","16,150","15,300","19,350","16,950","78,350","85,000","71,650","63,350","60,850","65,850","38,600","38,600","141,650","146,650","136,650","18,200","18,200","18,200","18,900","17,400","19,500","19,750","32,000","32,000"
2024-03-22,"39,150","39,150","48,000","48,000","16,150","14,950","14,100","16,150","15,300","19,350","16,950","78,350","85,000","71,650","61,650","60,000","63,350","38,600","38,600","141,650","146,650","136,650","18,200","18,200","18,200","18,900","17,400","19,500","19,750","32,000","32,000"
2024-03-25,"38,350","38,350","48,850","48,850","16,150","14,950","14,100","16,150","15,300","19,350","16,950","58,750","63,350","54,150","52,500","54,150","50,850","38,350","38,350","141,650","146,650","136,650","18,300","18,350","18,200","19,000","17,700","19,500","19,750","32,000","32,000"
2024-03-26,"38,350","38,350","48,850","48,850","16,150","14,950","14,100","16,150","15,300","19,350","16,950","58,750","63,350","54,150","52,500","54,150","50,850","38,350","38,350","141,650","146,650","136,650","18,300","18,350","18,200","19,000","17,700","19,500","19,750","32,000","32,000"
2024-03-27,"38,350","38,350","48,850","48,850","16,150","14,950","14,100","16,150","15,300","19,350","16,950","57,900","63,350","52,500","53,350","54,150","52,500","38,350","38,350","141,650","146,650","136,650","18,300","18,350","18,200","19,000","17,700","19,500","19,750","31,350","31,350"
2024-03-28,"38,350","38,350","48,850","48,850","16,150","14,950","14,100","16,150","15,300","19,350","16,950","57,900","63,350","52,500","53,350","54,150","52,500","37,500","37,500","141,650","146,650","136,650","18,300","18,350","18,200","19,000","17,700","19,500","19,750","31,150","31,150"
2024-03-29,"38,350","38,350","48,850","48,850","16,150","14,950","14,100","16,150","15,300","19,350","16,950","57,900","63,350","52,500","53,350","54,150","52,500","37,500","37,500","141,650","146,650","136,650","18,300","18,350","18,200","19,000","17,700","19,500","19,750","31,150","31,150"
2024-04-01,"46,650","46,650","48,850","48,850","16,050","14,850","14,050","16,100","15,200","19,200","16,800","57,900","63,350","52,500","51,250","51,650","50,850","37,500","37,500","144,150","149,150","139,150","18,300","18,350","18,200","18,800","17,700","19,250","19,400","29,650","29,650"
2024-04-02,"47,500","47,500","49,650","49,650","16,050","14,850","14,050","16,100","15,200","19,200","16,800","57,900","63,350","52,500","51,250","51,650","50,850","37,850","37,850","144,150","149,150","139,150","18,300","18,350","18,200","18,800","17,700","19,250","19,400","29,500","29,500"
2024-04-03,"47,500","47,500","49,650","49,650","15,900","14,750","13,950","15,950","15,050","18,900","16,750","57,900","63,350","52,500","51,250","51,650","50,850","37,850","37,850","144,150","149,150","139,150","18,300","18,350","18,200","18,800","17,700","19,250","19,400","29,500","29,500"
2024-04-04,"47,500","47,500","49,650","49,650","15,850","14,700","13,950","15,900","15,050","18,850","16,700","57,900","63,350","52,500","50,400","50,850","50,000","38,150","38,150","144,150","149,150","139,150","18,300","18,350","18,200","18,850","17,900","19,250","19,400","29,500","29,500"
2024-04-05,"47,500","47,500","49,650","49,650","15,850","14,700","13,950","15,900","15,050","18,850","16,700","57,900","63,350","52,500","50,400","50,850","50,000","38,650","38,650","144,150","149,150","139,150","18,300","18,350","18,200","18,850","17,900","19,250","19,400","29,500","29,500"
2024-04-08,"47,500","47,500","49,650","49,650","15,850","14,700","13,950","15,900","15,050","18,850","16,700","57,900","63,350","52,500","50,400","50,850","50,000","38,650","38,650","144,150","149,150","139,150","18,300","18,350","18,200","18,850","17,900","19,250","19,400","29,500","29,500"
2024-04-09,"47,500","47,500","49,650","49,650","15,850","14,700","13,950","15,900","15,050","18,850","16,700","57,900","63,350","52,500","50,400","50,850","50,000","38,650","38,650","144,150","149,150","139,150","18,300","18,350","18,200","18,850","17,900","19,250","19,400","29,500","29,500"
2024-04-10,"47,500","47,500","49,650","49,650","15,850","14,700","13,950","15,900","15,050","18,850","16,700","57,900","63,350","52,500","50,400","50,850","50,000","38,650","38,650","144,150","149,150","139,150","18,300","18,350","18,200","18,850","17,900","19,250","19,400","29,500","29,500"
2024-04-11,"47,500","47,500","49,650","49,650","15,850","14,700","13,950","15,900","15,050","18,850","16,700","57,900","63,350","52,500","50,400","50,850","50,000","38,650","38,650","144,150","149,150","139,150","18,300","18,350","18,200","18,850","17,900","19,250","19,400","29,500","29,500"
2024-04-12,"47,500","47,500","49,650","49,650","15,850","14,700","13,950","15,900","15,050","18,850","16,700","57,900","63,350","52,500","50,400","50,850","50,000","38,650","38,650","144,150","149,150","139,150","18,300","18,350","18,200","18,850","17,900","19,250","19,400","29,500","29,500"
2024-04-15,"47,500","47,500","49,650","49,650","15,850","14,700","13,950","15,900","15,050","18,850","16,700","57,900","63,350","52,500","50,400","50,850","50,000","38,650","38,650","144,150","149,150","139,150","18,300","18,350","18,200","18,850","17,900","19,250","19,400","29,500","29,500"
2024-04-16,"65,850","65,850","54,150","54,150","15,650","14,600","13,700","15,800","14,900","18,400","16,600","56,250","62,500","50,000","44,600","41,650","47,500","42,500","42,500","142,500","147,500","137,500","18,200","18,200","18,200","18,950","17,900","19,400","19,600","28,200","28,200"
2024-04-17,"65,850","65,850","54,150","54,150","15,650","14,550","13,650","15,750","14,900","18,350","16,550","56,250","62,500","50,000","44,600","41,650","47,500","42,650","42,650","142,500","147,500","137,500","18,200","18,200","18,200","18,950","17,900","19,400","19,600","28,000","28,000"
2024-04-18,"65,850","65,850","54,150","54,150","15,650","14,550","13,650","15,750","14,900","18,350","16,550","56,250","62,500","50,000","44,600","41,650","47,500","42,150","42,150","142,500","147,500","137,500","18,600","18,700","18,550","19,000","17,950","19,400","19,600","28,000","28,000"
2024-04-19,"67,500","67,500","54,150","54,150","15,650","14,550","13,650","15,750","14,900","18,350","16,550","55,400","60,850","50,000","44,600","41,650","47,500","41,000","41,000","140,000","145,000","135,000","18,600","18,700","18,550","19,000","17,950","19,400","19,600","28,000","28,000"
2024-04-22,"70,850","70,850","55,850","55,850","15,550","14,550","13,500","15,750","14,850","18,200","16,450","50,850","56,650","45,000","45,000","40,000","50,000","39,350","39,350","140,000","145,000","135,000","18,800","18,850","18,700","19,000","17,950","19,400","19,600","27,500","27,500"
2024-04-23,"70,850","70,850","55,850","55,850","15,550","14,550","13,500","15,750","14,850","18,200","16,450","50,000","55,000","45,000","44,150","40,000","48,350","38,850","38,850","140,000","145,000","135,000","18,800","18,850","18,700","19,000","17,950","19,400","19,600","27,500","27,500"
2024-04-24,"70,850","70,850","55,850","55,850","15,550","14,550","13,500","15,750","14,850","18,200","16,450","50,000","55,000","45,000","44,150","40,000","48,350","38,150","38,150","140,000","145,000","135,000","19,100","19,200","19,050","19,100","17,950","19,750","19,600","27,500","27,500"
2024-04-25,"71,650","71,650","56,650","56,650","15,550","14,550","13,500","15,750","14,850","18,200","16,450","50,000","55,000","45,000","45,000","41,650","48,350","37,850","37,850","140,000","145,000","135,000","19,100","19,200","19,050","19,100","17,950","19,750","19,600","27,350","27,350"
2024-04-26,"71,650","71,650","56,650","56,650","15,550","14,550","13,500","15,750","14,850","18,200","16,450","50,000","55,000","45,000","45,000","41,650","48,350","37,850","37,850","140,000","145,000","135,000","19,100","19,200","19,050","19,100","17,950","19,750","19,600","27,350","27,350"
2024-04-29,"71,650","71,650","58,850","58,850","15,450","14,400","13,500","15,600","14,750","18,150","16,400","77,100","80,000","74,150","50,850","48,350","53,350","36,850","36,850","140,000","145,000","135,000","19,200","19,350","19,050","19,100","17,950","19,750","19,600","28,500","28,500"
2024-04-30,"71,650","71,650","58,850","58,850","15,450","14,400","13,500","15,600","14,750","18,150","16,400","78,750","83,350","74,150","50,850","48,350","53,350","37,150","37,150","140,000","145,000","135,000","19,200","19,350","19,050","19,100","17,950","19,750","19,600","28,750","28,750"
2024-05-01,"71,650","71,650","58,850","58,850","15,450","14,400","13,500","15,600","14,750","18,150","16,400","78,750","83,350","74,150","50,850","48,350","53,350","37,150","37,150","140,000","145,000","135,000","19,200","19,350","19,050","19,100","17,950","19,750","19,600","28,750","28,750"
2024-05-02,"70,850","70,850","58,850","58,850","15,450","14,400","13,500","15,600","14,750","18,150","16,400","78,350","84,150","72,500","50,850","48,350","53,350","37,850","37,850","140,000","145,000","135,000","19,450","19,550","19,350","19,100","17,950","19,750","19,600","29,750","29,750"
2024-05-03,"69,150","69,150","58,850","58,850","15,450","14,400","13,500","15,600","14,750","18,150","16,400","76,650","82,500","70,850","52,500","50,000","55,000","37,850","37,850","140,000","145,000","135,000","19,700","19,850","19,550","19,100","18,050","19,900","19,400","29,750","29,750"
2024-05-06,"63,750","63,750","60,000","60,000","16,100","15,050","14,100","16,600","15,700","18,300","16,900","75,000","91,250","58,750","48,750","52,500","45,000","38,500","38,500","142,500","147,500","137,500","19,800","20,050","19,550","19,200","18,100","19,900","19,650","30,250","30,250"
2024-05-07,"66,650","66,650","59,650","59,650","15,500","14,350","13,500","15,600","14,750","18,300","16,400","76,250","87,500","65,000","48,350","50,000","46,650","38,650","38,650","140,000","145,000","135,000","19,700","19,850","19,550","19,200","18,050","19,900","19,600","30,250","30,250"
2024-05-08,"59,150","59,150","59,150","59,150","15,500","14,350","13,500","15,600","14,750","18,300","16,400","75,850","94,150","57,500","48,750","51,650","45,850","39,350","39,350","140,000","145,000","135,000","19,700","19,850","19,550","19,200","18,050","19,900","19,600","30,250","30,250"
2024-05-09,"59,150","59,150","59,150","59,150","15,500","14,350","13,500","15,600","14,750","18,300","16,400","75,850","94,150","57,500","48,750","51,650","45,850","39,350","39,350","140,000","145,000","135,000","19,700","19,850","19,550","19,200","18,050","19,900","19,600","30,250","30,250"
2024-05-10,"59,150","59,150","59,150","59,150","15,500","14,350","13,500","15,600","14,750","18,300","16,400","75,850","94,150","57,500","48,750","51,650","45,850","39,350","39,350","140,000","145,000","135,000","19,700","19,850","19,550","19,200","18,050","19,900","19,600","30,250","30,250"
2024-05-13,"56,650","56,650","57,500","57,500","15,500","14,350","13,500","15,600","14,750","18,300","16,400","64,150","75,000","53,350","45,850","46,650","45,000","39,150","39,150","140,000","145,000","135,000","19,550","19,700","19,350","19,050","17,900","19,900","19,400","30,500","30,500"
2024-05-14,"57,500","57,500","57,500","57,500","15,500","14,350","13,500","15,600","14,750","18,300","16,400","64,150","75,000","53,350","45,850","46,650","45,000","39,150","39,150","140,000","145,000","135,000","19,650","19,900","19,400","19,050","17,900","19,900","19,400","30,500","30,500"
2024-05-15,"56,650","56,650","57,500","57,500","15,500","14,350","13,500","15,600","14,750","18,300","16,400","64,150","75,000","53,350","45,850","46,650","45,000","39,100","39,100","140,000","145,000","135,000","19,650","19,900","19,400","19,150","18,050","19,900","19,400","30,500","30,500"
2024-05-16,"56,650","56,650","57,500","57,500","15,500","14,350","13,500","15,600","14,750","18,300","16,400","64,150","75,000","53,350","45,850","46,650","45,000","39,100","39,100","140,000","145,000","135,000","19,650","19,900","19,400","19,150","18,050","19,900","19,400","30,500","30,500"
2024-05-17,"56,650","56,650","58,350","58,350","15,500","14,350","13,500","15,600","14,750","18,350","16,400","65,850","76,650","55,000","47,500","50,000","45,000","38,250","38,250","140,000","145,000","135,000","19,650","19,900","19,400","19,150","18,050","19,900","19,400","30,350","30,350"
2024-05-20,"53,350","53,350","57,500","57,500","15,400","14,250","13,300","15,450","14,550","18,350","16,400","59,600","66,650","52,500","46,250","47,500","45,000","37,850","37,850","140,000","145,000","135,000","19,550","19,700","19,400","19,150","18,050","19,900","19,400","30,150","30,150"
2024-05-21,"53,350","53,350","57,500","57,500","15,400","14,250","13,300","15,450","14,550","18,350","16,400","59,600","66,650","52,500","46,250","47,500","45,000","37,850","37,850","140,000","145,000","135,000","19,550","19,700","19,400","19,150","18,050","19,900","19,400","30,150","30,150"
2024-05-22,"53,350","53,350","57,500","57,500","15,400","14,250","13,300","15,450","14,550","18,350","16,400","59,600","66,650","52,500","46,250","47,500","45,000","37,850","37,850","140,000","145,000","135,000","19,550","19,700","19,400","19,150","18,050","19,900","19,400","30,150","30,150"
2024-05-23,"53,350","53,350","57,500","57,500","15,400","14,250","13,300","15,450","14,550","18,350","16,400","59,600","66,650","52,500","46,250","47,500","45,000","37,850","37,850","140,000","145,000","135,000","19,550","19,700","19,400","19,150","18,050","19,900","19,400","30,150","30,150"
2024-05-24,"53,350","53,350","57,500","57,500","15,400","14,250","13,300","15,450","14,550","18,350","16,400","59,600","66,650","52,500","46,250","47,500","45,000","37,850","37,850","140,000","145,000","135,000","19,550","19,700","19,400","19,150","18,050","19,900","19,400","30,150","30,150"
2024-05-27,"50,850","50,850","55,000","55,000","15,400","14,250","13,300","15,450","14,550","18,350","16,400","60,850","71,650","50,000","45,400","47,500","43,350","37,900","37,900","140,000","145,000","135,000","19,550","19,700","19,400","19,150","18,050","19,900","19,400","29,350","29,350"
2024-05-28,"50,850","50,850","55,000","55,000","15,400","14,250","13,300","15,450","14,550","18,350","16,400","61,650","71,650","51,650","45,400","47,500","43,350","37,900","37,900","140,000","145,000","135,000","19,550","19,700","19,400","19,150","18,050","19,900","19,400","29,000","29,000"
2024-05-29,"55,000","55,000","56,650","56,650","15,400","14,250","13,300","15,450","14,550","18,350","16,400","65,000","71,650","58,350","43,750","45,000","42,500","37,900","37,900","140,000","145,000","135,000","19,550","19,700","19,400","19,050","17,900","19,900","19,400","28,700","28,700"
2024-05-30,"55,850","55,850","56,650","56,650","15,400","14,250","13,300","15,450","14,550","18,350","16,400","65,850","71,650","60,000","45,400","46,650","44,150","37,900","37,900","140,000","145,000","135,000","19,550","19,700","19,400","19,050","17,900","19,900","19,400","28,700","28,700"
2024-05-31,"55,850","55,850","56,650","56,650","15,400","14,250","13,300","15,450","14,550","18,350","16,400","65,850","71,650","60,000","45,400","46,650","44,150","37,650","37,650","140,000","145,000","135,000","19,550","19,700","19,400","19,050","17,900","19,900","19,400","28,700","28,700"
2024-06-03,"52,500","52,500","54,150","54,150","15,400","14,250","13,300","15,450","14,550","18,350","16,400","63,350","66,650","60,000","46,650","46,650","46,650","36,350","36,350","140,000","145,000","135,000","19,450","19,700","19,200","19,050","17,900","19,900","19,400","28,700","28,700"
2024-06-04,"52,500","52,500","54,150","54,150","15,400","14,250","13,300","15,450","14,550","18,350","16,400","63,350","66,650","60,000","46,650","46,650","46,650","36,150","36,150","140,000","145,000","135,000","19,450","19,700","19,200","19,050","17,900","19,900","19,400","28,700","28,700"
2024-06-05,"51,650","51,650","52,500","52,500","15,400","14,250","13,300","15,450","14,550","18,350","16,400","63,350","68,350","58,350","46,650","46,650","46,650","35,650","35,650","140,000","145,000","135,000","19,450","19,700","19,200","19,050","17,900","19,900","19,400","28,700","28,700"
2024-06-06,"51,650","51,650","52,500","52,500","15,400","14,250","13,300","15,450","14,550","18,350","16,400","63,350","68,350","58,350","46,650","46,650","46,650","35,150","35,150","140,000","145,000","135,000","19,450","19,700","19,200","19,050","17,900","19,900","19,400","28,500","28,500"
2024-06-07,"51,650","51,650","52,500","52,500","15,400","14,250","13,300","15,450","14,550","18,350","16,400","62,500","66,650","58,350","45,850","45,000","46,650","35,150","35,150","140,000","145,000","135,000","19,450","19,700","19,200","19,050","17,900","19,900","19,400","28,350","28,350"
2024-06-10,"51,650","51,650","52,500","52,500","15,400","14,250","13,300","15,450","14,550","18,350","16,400","61,650","63,350","60,000","55,000","52,500","57,500","35,650","35,650","140,000","145,000","135,000","19,450","19,700","19,200","19,050","17,900","19,900","19,400","28,000","28,000"
2024-06-11,"51,650","51,650","52,500","52,500","15,400","14,250","13,300","15,450","14,550","18,350","16,400","62,500","65,000","60,000","55,000","52,500","57,500","36,650","36,650","140,000","145,000","135,000","19,450","19,700","19,200","19,050","17,900","19,900","19,400","28,200","28,200"
2024-06-12,"51,650","51,650","52,500","52,500","15,450","14,250","13,300","15,450","14,550","18,650","16,400","64,600","65,000","64,150","55,000","52,500","57,500","36,650","36,650","140,000","145,000","135,000","19,450","19,700","19,200","19,050","17,900","19,900","19,400","28,200","28,200"
2024-06-13,"51,650","51,650","52,500","52,500","15,450","14,250","13,300","15,450","14,550","18,650","16,400","65,850","65,000","66,650","55,400","52,500","58,350","36,650","36,650","140,000","145,000","135,000","19,450","19,700","19,200","19,050","17,900","19,900","19,400","28,200","28,200"
2024-06-14,"51,650","51,650","52,500","52,500","15,450","14,250","13,300","15,450","14,550","18,650","16,400","69,150","71,650","66,650","55,400","52,500","58,350","37,000","37,000","140,000","145,000","135,000","19,450","19,700","19,200","19,050","17,900","19,900","19,400","28,200","28,200"
2024-06-17,"51,650","51,650","52,500","52,500","15,450","14,250","13,300","15,450","14,550","18,650","16,400","69,150","71,650","66,650","55,400","52,500","58,350","37,000","37,000","140,000","145,000","135,000","19,450","19,700","19,200","19,050","17,900","19,900","19,400","28,200","28,200"
2024-06-18,"51,650","51,650","52,500","52,500","15,450","14,250","13,300","15,450","14,550","18,650","16,400","69,150","71,650","66,650","55,400","52,500","58,350","37,000","37,000","140,000","145,000","135,000","19,450","19,700","19,200","19,050","17,900","19,900","19,400","28,200","28,200"
2024-06-19,"44,150","44,150","50,850","50,850","15,450","14,250","13,300","15,450","14,550","18,650","16,400","73,750","77,500","70,000","56,650","62,500","50,850","39,000","39,000","140,000","145,000","135,000","19,450","19,700","19,200","19,050","17,900","19,900","19,400","28,200","28,200"
2024-06-20,"44,150","44,150","50,850","50,850","15,450","14,250","13,300","15,450","14,550","18,650","16,400","72,900","75,850","70,000","57,100","63,350","50,850","39,000","39,000","140,000","145,000","135,000","19,450","19,700","19,200","19,050","17,900","19,900","19,400","28,200","28,200"
2024-06-21,"44,150","44,150","50,850","50,850","15,450","14,250","13,300","15,450","14,550","18,650","16,400","72,900","75,850","70,000","57,100","63,350","50,850","38,150","38,150","140,000","145,000","135,000","19,450","19,700","19,200","19,050","17,900","19,900","19,400","28,200","28,200"
2024-06-24,"41,650","41,650","46,650","46,650","15,500","14,300","13,350","15,500","14,600","18,800","16,550","57,900","66,650","49,150","47,100","52,500","41,650","39,350","39,350","140,000","145,000","135,000","19,450","19,700","19,200","19,100","18,050","19,900","19,400","28,500","28,500"
2024-06-25,"41,650","41,650","46,650","46,650","15,500","14,300","13,350","15,500","14,600","18,800","16,550","57,900","66,650","49,150","47,100","52,500","41,650","39,350","39,350","140,000","145,000","135,000","19,450","19,700","19,200","19,100","18,050","19,900","19,400","28,500","28,500"
2024-06-26,"41,650","41,650","46,650","46,650","15,600","14,300","13,350","15,500","14,600","19,200","16,550","54,600","63,350","45,850","45,400","49,150","41,650","39,000","39,000","140,000","145,000","135,000","19,450","19,700","19,200","19,100","18,050","19,900","19,400","28,500","28,500"
2024-06-27,"42,500","42,500","46,650","46,650","15,600","14,300","13,350","15,500","14,600","19,200","16,550","55,400","65,000","45,850","45,400","49,150","41,650","38,650","38,650","140,000","145,000","135,000","19,450","19,700","19,200","19,100","18,050","19,900","19,400","28,500","28,500"
2024-06-28,"42,500","42,500","46,650","46,650","15,600","14,300","13,350","15,500","14,600","19,200","16,550","55,400","65,000","45,850","45,400","49,150","41,650","38,650","38,650","140,000","145,000","135,000","19,450","19,700","19,200","19,100","18,050","19,900","19,400","28,200","28,200"
2024-07-01,"41,650","41,650","47,500","47,500","15,600","14,300","13,500","15,500","14,600","19,200","16,550","52,500","60,850","44,150","48,750","51,650","45,850","38,650","38,650","140,000","145,000","135,000","19,450","19,700","19,200","19,100","18,050","19,900","19,400","28,000","28,000"
2024-07-02,"40,850","40,850","47,500","47,500","15,600","14,300","13,500","15,500","14,600","19,200","16,550","53,350","60,850","45,850","48,750","51,650","45,850","38,650","38,650","140,000","145,000","135,000","19,450","19,700","19,200","19,100","18,050","19,900","19,400","28,000","28,000"
2024-07-03,"40,000","40,000","47,500","47,500","15,600","14,300","13,500","15,500","14,600","19,200","16,550","54,600","60,000","49,150","53,350","56,650","50,000","38,650","38,650","140,000","145,000","135,000","19,450","19,700","19,200","19,200","18,200","19,900","19,400","28,000","28,000"
2024-07-04,-,-,-,-,-,-,-,-,-,-,-,-,-,-,-,-,-,-,-,-,-,-,-,-,-,-,-,-,-,-,-
2024-07-05,"40,000","40,000","47,500","47,500","15,600","14,300","13,500","15,500","14,600","19,200","16,550","55,000","60,000","50,000","56,650","60,000","53,350","37,900","37,900","140,000","145,000","135,000","19,450","19,700","19,200","19,200","18,200","19,900","19,400","28,000","28,000"
2024-07-08,"38,350","38,350","47,500","47,500","15,650","14,300","13,500","15,600","14,700","19,200","16,550","55,850","58,350","53,350","57,900","58,350","57,500","37,400","37,400","140,000","145,000","135,000","19,450","19,700","19,200","19,100","18,050","19,900","19,400","28,000","28,000"
2024-07-09,"38,350","38,350","47,500","47,500","15,650","14,300","13,500","15,600","14,700","19,200","16,550","55,850","58,350","53,350","57,900","58,350","57,500","36,900","36,900","140,000","145,000","135,000","19,450","19,700","19,200","19,100","18,050","19,900","19,400","27,850","27,850"
2024-07-10,"38,350","38,350","47,500","47,500","15,650","14,300","13,500","15,600","14,700","19,200","16,550","55,850","58,350","53,350","57,900","58,350","57,500","36,900","36,900","140,000","145,000","135,000","19,450","19,700","19,200","19,100","18,050","19,900","19,400","27,850","27,850"
2024-07-11,"38,350","38,350","47,500","47,500","15,650","14,300","13,500","15,600","14,700","19,200","16,550","55,850","58,350","53,350","61,250","61,650","60,850","37,000","37,000","140,000","145,000","135,000","19,450","19,700","19,200","19,100","18,050","19,900","19,400","27,850","27,850"
2024-07-12,"38,350","38,350","47,500","47,500","15,650","14,300","13,500","15,600","14,700","19,200","16,550","55,850","58,350","53,350","62,100","61,650","62,500","36,650","36,650","140,000","145,000","135,000","19,450","19,700","19,200","19,100","18,050","19,900","19,400","27,700","27,700"
2024-07-15,"36,650","36,650","47,500","47,500","15,650","14,300","13,500","15,600","14,700","19,200","16,550","52,500","55,000","50,000","67,100","61,650","72,500","37,150","37,150","140,000","145,000","135,000","19,450","19,700","19,200","19,100","18,050","19,900","19,400","28,200","28,200"
2024-07-16,"36,650","36,650","47,500","47,500","15,650","14,300","13,500","15,600","14,700","19,200","16,550","52,500","55,000","50,000","67,100","61,650","72,500","37,500","37,500","140,000","145,000","135,000","19,450","19,700","19,200","19,150","18,200","19,900","19,400","28,500","28,500"
2024-07-17,"36,650","36,650","47,500","47,500","15,650","14,300","13,500","15,600","14,700","19,200","16,550","53,350","55,000","51,650","67,100","61,650","72,500","37,500","37,500","140,000","145,000","135,000","19,450","19,700","19,200","19,200","18,300","19,900","19,400","28,700","28,700"
2024-07-18,"36,650","36,650","47,500","47,500","15,650","14,300","13,500","15,600","14,700","19,200","16,550","53,350","55,000","51,650","68,750","61,650","75,850","37,500","37,500","140,000","145,000","135,000","19,450","19,700","19,200","19,200","18,300","19,900","19,400","28,700","28,700"
2024-07-19,"36,650","36,650","47,500","47,500","15,650","14,300","13,500","15,600","14,700","19,200","16,550","54,150","56,650","51,650","69,600","61,650","77,500","37,650","37,650","140,000","145,000","135,000","19,450","19,700","19,200","19,200","18,300","19,900","19,400","28,700","28,700"
2024-07-22,"36,650","36,650","47,500","47,500","15,650","14,300","13,500","15,600","14,700","19,200","16,550","53,350","55,000","51,650","73,750","66,650","80,850","36,650","36,650","140,000","145,000","135,000","19,450","19,700","19,200","19,200","18,300","19,900","19,400","28,700","28,700"
2024-07-23,"36,650","36,650","47,500","47,500","15,650","14,300","13,500","15,600","14,700","19,200","16,550","52,900","54,150","51,650","73,750","66,650","80,850","36,600","36,600","140,000","145,000","135,000","19,450","19,700","19,200","19,200","18,300","19,900","19,400","28,700","28,700"
2024-07-24,"36,650","36,650","47,500","47,500","15,650","14,300","13,500","15,600","14,700","19,200","16,550","52,900","54,150","51,650","77,500","66,650","88,350","36,400","36,400","140,000","145,000","135,000","19,450","19,700","19,200","19,200","18,300","19,900","19,400","28,700","28,700"
2024-07-25,"36,650","36,650","48,350","48,350","15,650","14,300","13,500","15,600","14,700","19,200","16,550","52,500","52,500","52,500","81,250","70,000","92,500","36,600","36,600","140,000","145,000","135,000","19,550","19,900","19,200","19,200","18,300","19,900","19,400","28,350","28,350"
2024-07-26,"36,650","36,650","48,350","48,350","15,650","14,300","13,500","15,600","14,700","19,200","16,550","52,100","51,650","52,500","81,250","70,000","92,500","36,600","36,600","140,000","145,000","135,000","19,550","19,900","19,200","19,200","18,300","19,900","19,400","28,350","28,350"
2024-07-29,"32,500","32,500","49,150","49,150","15,650","14,300","13,500","15,600","14,700","19,200","16,550","52,100","53,350","50,850","80,000","65,850","94,150","35,600","35,600","140,000","145,000","135,000","19,550","19,900","19,200","19,200","18,300","19,900","19,400","28,350","28,350"
2024-07-30,"32,500","32,500","49,150","49,150","15,650","14,300","13,500","15,600","14,700","19,200","16,550","52,100","53,350","50,850","79,600","65,850","93,350","35,600","35,600","140,000","145,000","135,000","19,550","19,900","19,200","19,200","18,300","19,900","19,400","28,200","28,200"
2024-07-31,"32,500","32,500","49,150","49,150","15,650","14,300","13,500","15,600","14,700","19,200","16,550","52,100","53,350","50,850","79,600","65,850","93,350","35,600","35,600","140,000","145,000","135,000","19,550","19,900","19,200","19,200","18,300","19,900","19,400","28,200","28,200"
2024-08-01,"32,500","32,500","49,150","49,150","15,650","14,300","13,500","15,600","14,700","19,200","16,550","52,100","53,350","50,850","79,600","65,850","93,350","35,600","35,600","140,000","145,000","135,000","19,550","19,900","19,200","19,150","18,300","19,900","19,250","27,850","27,850"
2024-08-02,"32,500","32,500","49,150","49,150","15,650","14,300","13,500","15,600","14,700","19,200","16,550","51,650","51,650","51,650","78,750","65,850","91,650","35,250","35,250","140,000","145,000","135,000","19,550","19,900","19,200","19,150","18,300","19,900","19,250","27,850","27,850"
2024-08-05,"32,150","32,150","49,150","49,150","15,650","14,300","13,500","15,600","14,700","19,200","16,550","49,600","49,150","50,000","77,900","64,150","91,650","34,750","34,750","140,000","145,000","135,000","19,550","19,900","19,200","19,150","18,300","19,900","19,250","27,850","27,850"
2024-08-06,"32,150","32,150","49,150","49,150","15,650","14,300","13,500","15,600","14,700","19,200","16,550","49,600","49,150","50,000","78,750","64,150","93,350","34,900","34,900","140,000","145,000","135,000","19,550","19,900","19,200","19,150","18,300","19,900","19,250","27,850","27,850"
2024-08-07,"32,150","32,150","49,150","49,150","15,650","14,300","13,500","15,600","14,700","19,200","16,550","49,600","49,150","50,000","78,750","64,150","93,350","34,900","34,900","140,000","145,000","135,000","19,550","19,900","19,200","19,150","18,300","19,900","19,250","27,850","27,850"
2024-08-08,"33,000","33,000","49,150","49,150","15,650","14,300","13,500","15,600","14,700","19,200","16,550","49,600","49,150","50,000","75,400","62,500","88,350","35,400","35,400","140,000","145,000","135,000","19,400","19,700","19,050","19,050","18,200","19,750","19,250","27,750","27,750"
2024-08-09,"31,650","31,650","48,350","48,350","15,650","14,300","13,500","15,600","14,700","19,200","16,550","49,600","49,150","50,000","73,350","60,000","86,650","35,400","35,400","140,000","145,000","135,000","19,400","19,700","19,050","19,050","18,200","19,750","19,250","27,750","27,750"
2024-08-12,"30,850","30,850","48,350","48,350","15,650","14,300","13,500","15,600","14,700","19,200","16,550","51,250","50,850","51,650","70,000","58,350","81,650","35,500","35,500","140,000","145,000","135,000","19,400","19,700","19,050","19,050","18,200","19,750","19,250","27,600","27,600"
2024-08-13,"30,850","30,850","48,350","48,350","15,650","14,300","13,500","15,600","14,700","19,200","16,550","51,250","50,850","51,650","70,000","58,350","81,650","35,500","35,500","140,000","145,000","135,000","19,400","19,700","19,050","19,050","18,200","19,750","19,250","27,600","27,600"
2024-08-14,"30,850","30,850","48,350","48,350","15,650","14,300","13,500","15,600","14,700","19,200","16,550","51,250","50,850","51,650","69,150","58,350","80,000","35,650","35,650","140,000","145,000","135,000","19,400","19,700","19,050","19,050","18,200","19,750","19,250","27,450","27,450"
2024-08-15,"30,850","30,850","48,350","48,350","15,650","14,300","13,500","15,600","14,700","19,200","16,550","51,250","50,850","51,650","69,150","58,350","80,000","35,650","35,650","140,000","145,000","135,000","19,400","19,700","19,050","19,050","18,200","19,750","19,250","27,250","27,250"
2024-08-16,"31,650","31,650","48,350","48,350","15,650","14,300","13,500","15,600","14,700","19,200","16,550","49,600","49,150","50,000","67,500","59,150","75,850","35,500","35,500","140,000","145,000","135,000","19,400","19,700","19,050","19,050","18,200","19,750","19,250","27,250","27,250"
2024-08-19,"31,650","31,650","48,350","48,350","15,650","14,300","13,500","15,600","14,700","19,200","16,550","49,600","49,150","50,000","64,600","58,350","70,850","35,350","35,350","140,000","145,000","135,000","19,400","19,700","19,050","19,050","18,200","19,750","19,250","27,100","27,100"
2024-08-20,"31,650","31,650","48,350","48,350","15,650","14,300","13,500","15,600","14,700","19,200","16,550","49,600","49,150","50,000","64,600","58,350","70,850","35,350","35,350","140,000","145,000","135,000","19,400","19,700","19,050","19,050","18,200","19,750","19,250","26,950","26,950"
2024-08-21,"32,500","32,500","47,500","47,500","15,650","14,300","13,500","15,600","14,700","19,200","16,550","49,600","50,000","49,150","62,500","58,350","66,650","34,850","34,850","140,000","145,000","135,000","19,400","19,700","19,050","19,050","18,200","19,750","19,250","26,700","26,700"
2024-08-22,"32,500","32,500","47,500","47,500","15,600","14,300","13,500","15,600","14,700","18,950","16,550","49,600","50,000","49,150","62,500","58,350","66,650","34,850","34,850","140,000","145,000","135,000","19,400","19,700","19,050","19,050","18,200","19,750","19,250","26,600","26,600"
2024-08-23,"32,500","32,500","47,500","47,500","15,600","14,300","13,500","15,600","14,700","18,950","16,550","49,600","50,000","49,150","62,100","57,500","66,650","34,850","34,850","140,000","145,000","135,000","19,400","19,700","19,050","19,050","18,200","19,750","19,250","26,600","26,600"
2024-08-26,"31,650","31,650","46,650","46,650","15,600","14,300","13,500","15,600","14,700","18,950","16,550","48,350","50,000","46,650","55,850","53,350","58,350","34,650","34,650","140,000","145,000","135,000","19,400","19,700","19,050","19,050","18,200","19,750","19,250","26,350","26,350"
2024-08-27,"31,650","31,650","46,650","46,650","15,600","14,300","13,500","15,600","14,700","18,950","16,550","48,350","50,000","46,650","55,850","53,350","58,350","34,650","34,650","140,000","145,000","135,000","19,400","19,700","19,050","19,050","18,200","19,750","19,250","26,200","26,200"
2024-08-28,"31,650","31,650","47,500","47,500","15,550","14,200","13,500","15,600","14,700","18,900","16,550","47,500","50,000","45,000","53,750","53,350","54,150","34,650","34,650","140,000","145,000","135,000","19,400","19,700","19,050","19,150","18,200","19,900","19,400","26,100","26,100"
2024-08-29,"31,650","31,650","47,500","47,500","15,550","14,200","13,500","15,600","14,700","18,900","16,550","47,100","50,000","44,150","53,350","53,350","53,350","34,650","34,650","140,000","145,000","135,000","19,400","19,700","19,050","19,150","18,200","19,900","19,400","26,050","26,050"
2024-08-30,"31,650","31,650","47,500","47,500","15,550","14,200","13,500","15,600","14,700","18,900","16,550","47,500","50,000","45,000","52,100","52,500","51,650","34,650","34,650","140,000","145,000","135,000","19,300","19,700","18,900","19,150","18,200","19,900","19,400","26,050","26,050"
2024-09-02,"32,500","32,500","47,500","47,500","15,550","14,200","13,500","15,600","14,700","18,900","16,550","47,100","50,000","44,150","52,100","52,500","51,650","34,650","34,650","140,000","145,000","135,000","19,300","19,700","18,900","19,150","18,200","19,900","19,400","25,600","25,600"
2024-09-03,"32,500","32,500","47,500","47,500","15,550","14,200","13,500","15,600","14,700","18,900","16,550","46,650","50,000","43,350","52,100","52,500","51,650","34,500","34,500","140,000","145,000","135,000","19,300","19,700","18,900","19,150","18,200","19,900","19,400","25,450","25,450"
2024-09-04,"32,500","32,500","47,500","47,500","15,550","14,200","13,500","15,600","14,700","18,900","16,550","46,650","50,000","43,350","52,100","52,500","51,650","34,500","34,500","140,000","145,000","135,000","19,300","19,700","18,900","19,150","18,200","19,900","19,400","25,450","25,450"
2024-09-05,"32,500","32,500","47,500","47,500","15,550","14,200","13,500","15,600","14,700","18,900","16,550","45,850","50,000","41,650","52,100","52,500","51,650","35,000","35,000","140,000","145,000","135,000","19,300","19,700","18,900","19,250","18,400","19,900","19,400","25,300","25,300"
2024-09-06,"32,500","32,500","47,500","47,500","15,550","14,200","13,500","15,600","14,700","18,900","16,550","45,850","50,000","41,650","52,100","52,500","51,650","35,000","35,000","140,000","145,000","135,000","19,300","19,700","18,900","19,250","18,400","19,900","19,400","25,300","25,300"
2024-09-09,"31,650","31,650","48,350","48,350","15,550","14,200","13,500","15,600","14,700","18,900","16,550","45,850","50,000","41,650","48,350","46,650","50,000","35,000","35,000","140,000","145,000","135,000","19,200","19,450","18,900","19,150","18,400","19,900","19,150","25,600","25,600"
2024-09-10,"31,650","31,650","48,350","48,350","15,550","14,200","13,500","15,600","14,700","18,900","16,550","45,850","50,000","41,650","48,350","46,650","50,000","35,500","35,500","140,000","145,000","135,000","19,200","19,450","18,900","19,150","18,400","19,900","19,150","25,950","25,950"
2024-09-11,"31,650","31,650","48,350","48,350","15,550","14,200","13,500","15,600","14,700","18,900","16,550","44,150","46,650","41,650","47,100","45,000","49,150","35,750","35,750","140,000","145,000","135,000","19,200","19,450","18,900","19,200","18,400","19,900","19,250","25,950","25,950"
2024-09-12,"31,650","31,650","48,350","48,350","15,550","14,200","13,500","15,600","14,700","18,900","16,550","42,900","45,850","40,000","47,100","45,000","49,150","35,750","35,750","140,000","145,000","135,000","19,200","19,450","18,900","19,200","18,400","19,900","19,250","26,350","26,350"
2024-09-13,"31,650","31,650","48,350","48,350","15,550","14,200","13,500","15,600","14,700","18,900","16,550","42,100","45,850","38,350","47,100","45,000","49,150","35,600","35,600","140,000","145,000","135,000","19,200","19,450","18,900","19,200","18,400","19,900","19,250","26,500","26,500"
2024-09-16,"31,650","31,650","48,350","48,350","15,550","14,200","13,500","15,600","14,700","18,900","16,550","42,100","45,850","38,350","47,100","45,000","49,150","35,600","35,600","140,000","145,000","135,000","19,200","19,450","18,900","19,200","18,400","19,900","19,250","26,500","26,500"
2024-09-17,"31,650","31,650","48,350","48,350","15,600","14,200","13,500","15,600","14,700","18,900","16,600","42,100","45,000","39,150","46,250","44,150","48,350","35,000","35,000","140,000","145,000","135,000","19,200","19,450","18,900","19,250","18,400","19,900","19,400","26,950","26,950"
2024-09-18,"31,650","31,650","48,350","48,350","15,600","14,200","13,500","15,600","14,700","18,900","16,600","42,100","45,000","39,150","47,100","44,150","50,000","35,000","35,000","140,000","145,000","135,000","19,200","19,450","18,900","19,250","18,400","19,900","19,400","26,950","26,950"
2024-09-19,"31,650","31,650","48,350","48,350","15,600","14,200","13,500","15,600","14,700","18,900","16,600","42,100","45,000","39,150","47,900","44,150","51,650","35,000","35,000","140,000","145,000","135,000","19,200","19,450","18,900","19,250","18,400","19,900","19,400","26,950","26,950"
2024-09-20,"31,650","31,650","48,350","48,350","15,600","14,200","13,500","15,600","14,700","18,900","16,600","42,100","45,000","39,150","48,750","44,150","53,350","35,150","35,150","140,000","145,000","135,000","19,200","19,450","18,900","19,250","18,400","19,900","19,400","26,950","26,950"
2024-09-23,"31,650","31,650","48,350","48,350","15,600","14,200","13,500","15,600","14,700","18,900","16,600","42,900","46,650","39,150","47,100","41,650","52,500","35,000","35,000","140,000","145,000","135,000","19,200","19,550","18,800","19,200","18,400","19,900","19,350","27,000","27,000"
2024-09-24,"31,650","31,650","48,350","48,350","15,600","14,200","13,500","15,600","14,700","18,900","16,600","42,900","46,650","39,150","47,100","41,650","52,500","35,000","35,000","140,000","145,000","135,000","19,200","19,550","18,800","19,200","18,400","19,900","19,350","27,000","27,000"
2024-09-25,"31,650","31,650","48,350","48,350","15,600","14,200","13,500","15,600","14,700","18,900","16,600","42,100","45,000","39,150","45,850","39,150","52,500","35,000","35,000","140,000","145,000","135,000","19,250","19,700","18,800","19,200","18,400","19,900","19,350","27,000","27,000"
2024-09-26,"31,650","31,650","48,350","48,350","15,600","14,200","13,500","15,600","14,700","18,900","16,600","42,100","45,000","39,150","46,650","39,150","54,150","35,150","35,150","140,000","145,000","135,000","19,250","19,700","18,800","19,200","18,400","19,900","19,350","27,000","27,000"
2024-09-27,"31,650","31,650","48,350","48,350","15,600","14,200","13,500","15,600","14,700","18,900","16,600","41,650","45,000","38,350","47,100","40,000","54,150","35,150","35,150","140,000","145,000","135,000","19,250","19,700","18,800","19,200","18,400","19,900","19,350","27,000","27,000"
2024-09-30,"31,650","31,650","48,350","48,350","15,550","14,150","13,450","15,600","14,700","18,900","16,600","41,650","45,000","38,350","45,850","40,850","50,850","35,000","35,000","140,000","145,000","135,000","19,200","19,550","18,800","19,250","18,450","19,900","19,350","27,000","27,000"
2024-10-01,"31,650","31,650","48,350","48,350","15,550","14,150","13,450","15,600","14,700","18,900","16,600","41,650","45,000","38,350","45,850","40,850","50,850","35,150","35,150","140,000","145,000","135,000","19,200","19,550","18,800","19,250","18,450","19,900","19,350","27,000","27,000"
2024-10-02,"31,650","31,650","48,350","48,350","15,550","14,150","13,450","15,600","14,700","18,900","16,600","41,650","45,000","38,350","46,650","40,850","52,500","35,150","35,150","140,000","145,000","135,000","19,200","19,550","18,800","19,250","18,450","19,900","19,350","27,000","27,000"
2024-10-03,"31,650","31,650","48,350","48,350","15,550","14,150","13,450","15,600","14,700","18,900","16,600","41,650","45,000","38,350","46,650","40,850","52,500","35,350","35,350","140,000","145,000","135,000","19,200","19,550","18,800","19,300","18,600","19,900","19,350","27,000","27,000"
2024-10-04,"31,650","31,650","48,350","48,350","15,550","14,150","13,450","15,600","14,700","18,900","16,600","41,650","45,000","38,350","46,650","40,850","52,500","35,350","35,350","140,000","145,000","135,000","19,200","19,550","18,800","19,300","18,600","19,900","19,350","27,000","27,000"
2024-10-07,"32,500","32,500","49,150","49,150","15,550","14,150","13,450","15,600","14,700","18,900","16,600","40,000","42,500","37,500","47,100","40,000","54,150","36,000","36,000","140,000","145,000","135,000","19,200","19,550","18,800","19,300","18,600","19,900","19,400","27,000","27,000"
2024-10-08,"32,500","32,500","49,150","49,150","15,550","14,150","13,450","15,600","14,700","18,900","16,600","39,600","42,500","36,650","47,500","40,000","55,000","36,150","36,150","140,000","145,000","135,000","19,200","19,550","18,800","19,350","18,700","19,900","19,400","27,000","27,000"
2024-10-09,"32,500","32,500","49,150","49,150","15,550","14,150","13,450","15,600","14,700","18,900","16,600","39,600","42,500","36,650","47,500","40,000","55,000","36,500","36,500","140,000","145,000","135,000","19,200","19,550","18,800","19,350","18,700","19,900","19,400","27,000","27,000"
2024-10-10,"32,500","32,500","49,150","49,150","15,550","14,150","13,450","15,600","14,700","18,900","16,600","38,750","40,850","36,650","47,500","40,000","55,000","36,650","36,650","140,000","145,000","135,000","19,200","19,550","18,800","19,400","18,700","19,900","19,600","27,000","27,000"
2024-10-11,"32,500","32,500","49,150","49,150","15,550","14,150","13,450","15,600","14,700","18,900","16,600","38,750","40,850","36,650","47,500","40,000","55,000","36,650","36,650","140,000","145,000","135,000","19,200","19,550","18,800","19,400","18,700","19,900","19,600","26,950","26,950"
2024-10-14,"32,500","32,500","49,150","49,150","15,550","14,150","13,450","15,600","14,700","18,900","16,600","38,750","40,850","36,650","47,500","40,000","55,000","36,650","36,650","140,000","145,000","135,000","19,200","19,550","18,800","19,400","18,700","19,900","19,600","26,950","26,950"
2024-10-15,"32,500","32,500","49,150","49,150","15,550","14,150","13,450","15,600","14,700","18,900","16,600","38,750","40,850","36,650","47,500","40,000","55,000","36,850","36,850","140,000","145,000","135,000","19,200","19,550","18,800","19,400","18,700","19,900","19,600","26,950","26,950"
2024-10-16,"32,500","32,500","49,150","49,150","15,550","14,150","13,450","15,600","14,700","18,900","16,600","38,750","40,850","36,650","47,900","40,000","55,850","38,150","38,150","140,000","145,000","135,000","19,200","19,550","18,800","19,500","18,850","20,100","19,600","26,950","26,950"
2024-10-17,"32,500","32,500","49,150","49,150","15,550","14,150","13,450","15,600","14,700","18,900","16,600","38,750","40,850","36,650","47,900","40,000","55,850","38,500","38,500","137,500","142,500","132,500","19,200","19,550","18,800","19,500","18,850","20,100","19,600","26,950","26,950"
2024-10-18,"32,500","32,500","49,150","49,150","15,550","14,150","13,450","15,600","14,700","18,900","16,600","38,750","40,850","36,650","47,900","40,000","55,850","38,500","38,500","137,500","142,500","132,500","19,200","19,550","18,800","19,500","18,850","20,100","19,600","26,950","26,950"
2024-10-21,"33,350","33,350","49,150","49,150","15,550","14,150","13,450","15,600","14,700","18,900","16,600","40,400","44,150","36,650","45,400","38,350","52,500","38,500","38,500","137,500","142,500","132,500","19,200","19,550","18,800","19,500","18,850","20,100","19,600","26,750","26,750"
2024-10-22,"33,350","33,350","49,150","49,150","15,550","14,150","13,450","15,600","14,700","18,900","16,600","40,400","44,150","36,650","45,400","38,350","52,500","38,500","38,500","137,500","142,500","132,500","19,200","19,550","18,800","19,500","18,850","20,100","19,600","26,700","26,700"
2024-10-23,"33,350","33,350","49,150","49,150","15,550","14,150","13,450","15,600","14,700","18,900","16,600","40,400","44,150","36,650","45,400","38,350","52,500","38,500","38,500","137,500","142,500","132,500","19,200","19,550","18,800","19,500","18,850","20,100","19,600","26,700","26,700"
2024-10-24,"33,350","33,350","49,150","49,150","15,550","14,150","13,450","15,600","14,700","18,900","16,600","39,150","43,350","35,000","44,600","38,350","50,850","39,500","39,500","137,500","142,500","132,500","19,200","19,550","18,800","19,500","18,850","20,100","19,600","26,700","26,700"
2024-10-25,"33,350","33,350","49,150","49,150","15,550","14,150","13,450","15,600","14,700","18,900","16,600","39,150","43,350","35,000","44,600","38,350","50,850","39,500","39,500","137,500","142,500","132,500","19,200","19,550","18,800","19,500","18,850","20,100","19,600","26,700","26,700"
2024-10-28,"35,000","35,000","49,150","49,150","15,550","14,150","13,400","15,550","14,650","18,800","16,600","39,150","42,500","35,850","43,350","36,650","50,000","39,350","39,350","136,650","141,650","131,650","19,200","19,550","18,800","19,500","18,850","20,100","19,600","26,700","26,700"
2024-10-29,"35,000","35,000","49,150","49,150","15,550","14,150","13,400","15,550","14,650","18,800","16,600","39,150","42,500","35,850","43,350","36,650","50,000","39,350","39,350","136,650","141,650","131,650","19,200","19,550","18,800","19,500","18,850","20,100","19,600","26,700","26,700"
2024-10-30,"40,500","40,500","49,150","49,150","15,550","14,150","13,400","15,550","14,650","18,800","16,600","40,000","42,500","37,500","43,350","36,650","50,000","38,500","38,500","136,650","141,650","131,650","19,250","19,700","18,800","19,500","18,850","20,100","19,600","26,700","26,700"
2024-10-31,"41,350","41,350","49,150","49,150","15,550","14,100","13,400","15,550","14,650","18,800","16,600","39,600","43,350","35,850","43,750","37,500","50,000","38,350","38,350","136,650","141,650","131,650","19,250","19,700","18,800","19,500","18,850","20,100","19,600","26,700","26,700"
2024-11-01,"41,350","41,350","49,150","49,150","15,550","14,100","13,400","15,550","14,650","18,800","16,600","39,600","43,350","35,850","43,750","37,500","50,000","37,850","37,850","136,650","141,650","131,650","19,250","19,700","18,800","19,500","18,850","20,100","19,600","26,700","26,700"
2024-11-04,"45,850","45,850","48,350","48,350","15,550","14,100","13,400","15,550","14,650","18,800","16,600","38,750","41,650","35,850","43,350","36,650","50,000","36,650","36,650","136,650","141,650","131,650","19,250","19,700","18,800","19,550","19,000","20,100","19,600","26,700","26,700"
2024-11-05,"45,850","45,850","48,350","48,350","15,450","14,000","13,250","15,500","14,600","18,800","16,500","37,900","41,650","34,150","41,650","34,150","49,150","36,500","36,500","136,250","140,850","131,650","19,250","19,700","18,800","19,650","19,350","20,100","19,600","26,700","26,700"
2024-11-06,"45,850","45,850","48,350","48,350","15,450","14,000","13,250","15,500","14,600","18,800","16,500","37,900","41,650","34,150","41,650","34,150","49,150","36,650","36,650","136,250","140,850","131,650","19,250","19,700","18,800","19,650","19,350","20,100","19,600","26,500","26,500"
2024-11-07,"45,850","45,850","48,350","48,350","15,450","14,000","13,250","15,500","14,600","18,800","16,500","37,900","41,650","34,150","41,650","34,150","49,150","36,650","36,650","136,250","140,850","131,650","19,250","19,700","18,800","19,650","19,350","20,100","19,600","26,500","26,500"
2024-11-08,"45,850","45,850","48,350","48,350","15,450","14,000","13,250","15,500","14,600","18,800","16,500","38,350","42,500","34,150","41,650","34,150","49,150","36,850","36,850","136,250","140,850","131,650","19,250","19,700","18,800","19,650","19,350","20,100","19,600","26,500","26,500"
2024-11-11,"45,000","45,000","46,650","46,650","15,450","14,000","13,250","15,500","14,600","18,800","16,500","36,650","41,650","31,650","40,000","31,650","48,350","37,850","37,850","135,400","140,000","130,850","19,250","19,700","18,800","19,750","19,600","20,100","19,600","26,600","26,600"
2024-11-12,"45,000","45,000","46,650","46,650","15,450","14,000","13,250","15,500","14,600","18,800","16,500","36,250","41,650","30,850","40,850","31,650","50,000","38,350","38,350","135,400","140,000","130,850","19,250","19,700","18,800","19,850","19,900","20,100","19,600","26,600","26,600"
2024-11-13,"45,000","45,000","46,650","46,650","15,450","14,000","13,250","15,500","14,600","18,800","16,500","35,400","40,000","30,850","40,850","31,650","50,000","38,350","38,350","135,400","140,000","130,850","19,250","19,700","18,800","19,850","19,900","20,100","19,600","26,600","26,600"
2024-11-14,"45,000","45,000","46,650","46,650","15,450","14,000","13,250","15,500","14,600","18,800","16,500","35,400","40,000","30,850","40,850","31,650","50,000","38,350","38,350","135,400","140,000","130,850","19,250","19,700","18,800","19,850","19,900","20,100","19,600","26,750","26,750"
2024-11-15,"45,000","45,000","46,650","46,650","15,450","14,000","13,250","15,500","14,600","18,800","16,500","35,400","40,000","30,850","40,850","31,650","50,000","38,150","38,150","135,400","140,000","130,850","19,250","19,700","18,800","19,850","19,900","20,100","19,600","26,750","26,750"
2024-11-18,"46,650","46,650","50,000","50,000","15,450","14,000","13,250","15,500","14,600","18,800","16,500","34,600","37,500","31,650","40,000","32,500","47,500","37,000","37,000","135,400","140,000","130,850","19,350","19,900","18,800","20,050","20,500","20,100","19,600","26,750","26,750"
2024-11-19,"46,650","46,650","50,000","50,000","15,450","14,000","13,250","15,500","14,600","18,800","16,500","34,600","37,500","31,650","40,000","32,500","47,500","37,000","37,000","135,400","140,000","130,850","19,350","19,900","18,800","20,050","20,500","20,100","19,600","26,750","26,750"
2024-11-20,"46,650","46,650","50,000","50,000","15,450","14,000","13,250","15,500","14,600","18,800","16,500","35,850","39,150","32,500","38,350","32,500","44,150","36,850","36,850","135,400","140,000","130,850","19,350","19,900","18,800","20,050","20,500","20,100","19,600","26,750","26,750"
2024-11-21,"46,650","46,650","50,000","50,000","15,450","14,000","13,250","15,500","14,600","18,800","16,500","35,850","39,150","32,500","38,350","32,500","44,150","36,650","36,650","135,400","140,000","130,850","19,350","19,900","18,800","20,050","20,500","20,100","19,600","26,600","26,600"
2024-11-22,"46,650","46,650","50,000","50,000","15,450","14,000","13,250","15,500","14,600","18,800","16,500","36,650","39,150","34,150","38,350","32,500","44,150","36,650","36,650","135,400","140,000","130,850","19,350","19,900","18,800","20,050","20,500","20,100","19,600","26,600","26,600"
2024-11-25,"46,650","46,650","50,850","50,850","15,450","14,000","13,250","15,500","14,600","18,800","16,500","34,150","36,650","31,650","35,400","30,000","40,850","36,650","36,650","135,400","140,000","130,850","19,350","19,900","18,800","20,050","20,500","20,100","19,600","26,600","26,600"
2024-11-26,"46,650","46,650","50,850","50,850","15,450","14,000","13,250","15,500","14,600","18,800","16,500","34,150","36,650","31,650","35,400","30,000","40,850","36,500","36,500","135,400","140,000","130,850","19,350","19,900","18,800","20,050","20,500","20,100","19,600","26,600","26,600"
2024-11-27,"46,650","46,650","50,850","50,850","15,450","14,000","13,250","15,500","14,600","18,800","16,500","34,150","36,650","31,650","35,400","30,000","40,850","36,500","36,500","135,400","140,000","130,850","19,350","19,900","18,800","20,050","20,500","20,100","19,600","26,600","26,600"
2024-11-28,"45,850","45,850","50,850","50,850","15,450","14,000","13,250","15,500","14,600","18,800","16,500","34,150","36,650","31,650","35,400","30,000","40,850","36,500","36,500","135,400","140,000","130,850","19,350","19,900","18,800","20,050","20,500","20,100","19,600","26,600","26,600"
2024-11-29,"45,850","45,850","50,850","50,850","15,450","14,000","13,250","15,500","14,600","18,800","16,500","36,250","38,350","34,150","40,000","35,000","45,000","36,500","36,500","135,400","140,000","130,850","19,350","19,900","18,800","20,050","20,500","20,100","19,600","26,600","26,600"
2024-12-02,"45,850","45,850","51,350","51,350","15,450","14,000","13,250","15,500","14,600","18,800","16,500","37,100","39,150","35,000","40,400","35,850","45,000","35,150","35,150","134,600","139,150","130,000","19,250","19,700","18,800","20,200","20,500","20,100","19,900","26,600","26,600"
2024-12-03,"45,850","45,850","51,350","51,350","15,450","14,000","13,250","15,500","14,600","18,800","16,500","37,100","39,150","35,000","40,400","35,850","45,000","35,150","35,150","134,600","139,150","130,000","19,250","19,700","18,800","20,300","20,500","20,500","19,900","26,600","26,600"
2024-12-04,"45,850","45,850","51,350","51,350","15,450","14,000","13,250","15,500","14,600","18,800","16,500","37,100","39,150","35,000","40,850","35,850","45,850","35,350","35,350","134,600","139,150","130,000","19,250","19,700","18,800","20,300","20,500","20,500","19,900","26,600","26,600"
2024-12-05,"45,850","45,850","51,350","51,350","15,450","14,000","13,250","15,500","14,600","18,800","16,500","37,100","39,150","35,000","45,900","42,500","49,250","35,350","35,350","134,600","139,150","130,000","19,250","19,700","18,800","20,300","20,500","20,500","19,900","26,600","26,600"
2024-12-06,"45,850","45,850","51,350","51,350","15,450","14,000","13,250","15,500","14,600","18,800","16,500","38,350","39,150","37,500","47,600","45,000","50,200","35,350","35,350","134,600","139,150","130,000","19,250","19,700","18,800","20,300","20,500","20,500","19,900","26,600","26,600"
2024-12-09,"45,000","45,000","51,350","51,350","15,450","14,000","13,250","15,500","14,600","18,800","16,500","38,750","40,000","37,500","47,550","45,850","49,250","36,000","36,000","134,600","139,150","130,000","19,250","19,700","18,800","20,500","20,650","20,800","19,900","27,950","27,950"
2024-12-10,"45,000","45,000","51,350","51,350","15,450","14,000","13,250","15,500","14,600","18,800","16,500","38,750","40,000","37,500","47,550","45,850","49,250","36,000","36,000","134,600","139,150","130,000","19,250","19,700","18,800","20,500","20,650","20,800","19,900","29,350","29,350"
2024-12-11,"45,000","45,000","51,350","51,350","15,450","14,000","13,250","15,500","14,600","18,800","16,500","41,650","40,850","42,500","48,850","45,850","51,900","36,000","36,000","134,600","139,150","130,000","19,250","19,700","18,800","20,500","20,650","20,800","19,900","30,000","30,000"
2024-12-12,"45,000","45,000","51,350","51,350","15,450","14,000","13,250","15,500","14,600","18,800","16,500","43,350","41,650","45,000","49,300","46,650","51,900","36,000","36,000","134,600","139,150","130,000","19,250","19,700","18,800","20,500","20,650","20,800","19,900","30,650","30,650"
2024-12-13,"45,000","45,000","51,350","51,350","15,500","14,050","13,300","15,500","14,600","18,800","16,550","44,150","41,650","46,650","48,850","45,850","51,900","36,000","36,000","134,600","139,150","130,000","19,250","19,700","18,800","20,500","20,650","20,800","19,900","30,650","30,650"
2024-12-16,"45,000","45,000","51,650","51,650","15,500","14,050","13,300","15,500","14,600","18,800","16,550","47,850","48,250","47,500","54,800","50,000","59,600","36,850","36,850","134,600","139,150","130,000","19,350","19,900","18,800","20,500","20,650","20,800","19,900","31,400","31,400"
2024-12-17,"45,000","45,000","51,650","51,650","15,500","14,050","13,300","15,500","14,600","18,800","16,550","48,700","49,050","48,350","55,650","50,850","60,400","36,850","36,850","134,600","139,150","130,000","19,350","19,900","18,800","20,500","20,650","20,800","19,900","31,400","31,400"
2024-12-18,"45,000","45,000","51,650","51,650","15,500","14,050","13,300","15,500","14,600","18,800","16,550","48,700","49,050","48,350","55,650","50,850","60,400","36,850","36,850","134,600","139,150","130,000","19,350","19,900","18,800","20,500","20,650","20,800","19,900","31,400","31,400"
2024-12-19,"45,000","45,000","51,650","51,650","15,500","14,050","13,300","15,500","14,600","18,800","16,550","49,100","49,800","48,350","55,200","50,850","59,600","36,850","36,850","134,600","139,150","130,000","19,350","19,900","18,800","20,500","20,650","20,800","19,900","31,600","31,600"
2024-12-20,"45,000","45,000","51,650","51,650","15,500","14,050","13,300","15,500","14,600","18,800","16,550","49,900","49,800","50,000","54,400","50,000","58,750","36,850","36,850","134,600","139,150","130,000","19,350","19,900","18,800","20,500","20,650","20,800","19,900","31,600","31,600"
2024-12-23,"45,000","45,000","52,500","52,500","15,500","14,050","13,300","15,500","14,600","18,800","16,550","64,450","59,700","69,150","67,100","53,350","80,850","37,350","37,350","134,600","139,150","130,000","19,350","19,900","18,800","20,500","20,650","20,800","19,900","31,000","31,000"
2024-12-24,"45,000","45,000","52,500","52,500","15,500","14,100","13,300","15,550","14,650","18,800","16,550","64,450","59,700","69,150","67,100","53,350","80,850","37,350","37,350","134,600","139,150","130,000","19,350","19,900","18,800","20,500","20,650","20,800","19,900","31,000","31,000"
2024-12-25,"45,000","45,000","52,500","52,500","15,500","14,100","13,300","15,550","14,650","18,800","16,550","64,450","59,700","69,150","67,100","53,350","80,850","37,350","37,350","134,600","139,150","130,000","19,350","19,900","18,800","20,500","20,650","20,800","19,900","31,000","31,000"
2024-12-26,"45,000","45,000","52,500","52,500","15,500","14,100","13,300","15,550","14,650","18,800","16,550","64,450","59,700","69,150","67,100","53,350","80,850","37,350","37,350","134,600","139,150","130,000","19,350","19,900","18,800","20,500","20,650","20,800","19,900","31,000","31,000"
2024-12-27,"45,000","45,000","52,500","52,500","15,500","14,100","13,300","15,600","14,700","18,850","16,550","68,600","60,550","76,650","69,150","56,650","81,650","37,850","37,850","134,600","139,150","130,000","19,450","19,900","18,950","20,650","20,850","21,000","20,100","31,000","31,000"
2024-12-30,"45,000","45,000","50,000","50,000","15,500","14,100","13,300","15,600","14,700","18,850","16,550","72,350","68,050","76,650","79,300","69,150","89,400","38,750","38,750","134,600","139,150","130,000","19,450","19,900","18,950","20,650","20,850","21,000","20,100","31,000","31,000"
2024-12-31,"45,000","45,000","50,000","50,000","15,500","14,100","13,300","15,600","14,700","18,850","16,550","73,500","70,350","76,650","79,300","69,150","89,400","39,100","39,100","134,600","139,150","130,000","19,450","19,900","18,950","20,650","20,850","21,000","20,100","31,000","31,000"
2025-01-01,-,-,-,-,-,-,-,-,-,-,-,-,-,-,-,-,-,-,-,-,-,-,-,-,-,-,-,-,-,-,-
2025-01-02,"45,000","45,000","50,850","50,850","15,550","14,100","13,300","15,600","14,700","18,850","16,750","70,250","67,950","72,500","88,550","75,850","101,250","39,500","39,500","134,600","139,150","130,000","19,450","19,900","18,950","20,650","20,850","21,000","20,100","31,000","31,000"
2025-01-03,"45,000","45,000","50,850","50,850","15,500","14,100","13,300","15,600","14,700","18,850","16,550","68,550","66,300","70,850","84,800","74,150","95,400","38,350","38,350","134,600","139,150","130,000","19,450","19,900","18,950","20,650","20,850","21,000","20,100","31,000","31,000"
2025-01-06,"43,350","43,350","50,850","50,850","15,700","14,650","13,350","15,800","14,750","18,950","16,600","68,550","66,300","70,850","104,300","81,650","126,900","37,350","37,350","134,600","139,150","130,000","19,450","19,900","18,950","20,650","20,850","21,000","20,100","30,500","30,500"
2025-01-07,"44,150","44,150","50,850","50,850","15,700","14,650","13,350","15,800","14,750","18,950","16,650","66,900","64,650","69,150","102,200","81,650","122,700","37,150","37,150","134,600","139,150","130,000","19,450","19,900","18,950","20,600","20,650","21,000","20,100","30,500","30,500"
2025-01-08,"43,450","43,450","50,850","50,850","15,700","14,650","13,350","15,800","14,750","18,950","16,650","66,900","64,650","69,150","103,050","81,650","124,400","37,150","37,150","134,600","139,150","130,000","19,450","19,900","18,950","20,600","20,650","21,000","20,100","30,350","30,350"
2025-01-09,"43,450","43,450","50,850","50,850","15,700","14,650","13,350","15,800","14,750","18,950","16,650","68,700","67,150","70,200","105,100","84,150","126,050","36,850","36,850","134,600","139,150","130,000","19,450","19,900","18,950","20,600","20,650","21,000","20,100","29,600","29,600"
2025-01-10,"43,450","43,450","50,850","50,850","15,700","14,650","13,350","15,800","14,750","18,950","16,650","68,700","67,150","70,200","104,300","82,500","126,050","36,850","36,850","134,600","139,150","130,000","19,450","19,900","18,950","20,600","20,650","21,000","20,100","29,600","29,600"
2025-01-13,"42,600","42,600","50,500","50,500","15,700","14,650","13,350","15,800","14,750","18,950","16,650","69,050","67,850","70,200","104,700","85,000","124,400","36,650","36,650","134,600","139,150","130,000","19,450","19,900","18,950","20,600","20,650","21,000","20,100","28,750","28,750"
2025-01-14,"42,600","42,600","50,500","50,500","15,700","14,650","13,350","15,800","14,750","19,000","16,650","68,200","67,000","69,400","104,300","84,150","124,400","36,650","36,650","134,600","139,150","130,000","19,450","19,900","18,950","20,650","20,850","21,000","20,100","28,950","28,950"
2025-01-15,"42,600","42,600","50,500","50,500","15,700","14,650","13,350","15,800","14,750","19,000","16,650","68,200","67,000","69,400","104,300","84,150","124,400","36,500","36,500","134,600","139,150","130,000","19,450","19,900","18,950","20,650","20,850","21,000","20,100","28,450","28,450"
2025-01-16,"42,600","42,600","50,500","50,500","15,700","14,650","13,350","15,800","14,750","19,000","16,650","68,200","67,000","69,400","103,350","84,150","122,500","36,650","36,650","134,600","139,150","130,000","19,450","19,900","18,950","20,650","20,850","21,000","20,100","28,450","28,450"
2025-01-17,"40,200","40,200","50,500","50,500","15,700","14,650","13,350","15,800","14,750","19,000","16,650","66,050","66,150","65,950","97,400","82,500","112,300","36,500","36,500","134,600","139,150","130,000","19,450","19,900","18,950","20,650","20,850","21,000","20,100","28,200","28,200"
2025-01-20,"40,200","40,200","50,000","50,000","15,700","14,650","13,350","15,800","14,750","19,000","16,650","66,500","67,000","65,950","88,450","83,350","93,550","36,650","36,650","134,600","139,150","130,000","19,500","19,900","19,150","20,550","20,850","20,850","19,950","27,850","27,850"
2025-01-21,"40,200","40,200","50,000","50,000","15,700","14,650","13,350","15,800","14,750","19,000","16,650","66,500","67,000","65,950","87,600","83,350","91,900","36,650","36,650","134,600","139,150","130,000","19,500","19,900","19,150","20,550","20,850","20,850","19,950","27,700","27,700"
2025-01-22,"40,200","40,200","50,000","50,000","15,700","14,650","13,350","15,800","14,750","19,000","16,650","65,650","65,350","65,950","85,950","84,150","87,700","36,650","36,650","134,600","139,150","130,000","19,500","19,900","19,150","20,550","20,850","20,850","19,950","27,500","27,500"
2025-01-23,"40,200","40,200","50,000","50,000","15,700","14,650","13,350","15,800","14,750","19,000","16,650","64,800","65,350","64,250","84,700","83,350","86,050","36,650","36,650","134,600","139,150","130,000","19,500","19,900","19,150","20,550","20,850","20,850","19,950","27,500","27,500"
2025-01-24,"39,350","39,350","50,000","50,000","15,700","14,650","13,350","15,800","14,750","19,000","16,650","64,800","65,350","64,250","84,700","83,350","86,050","36,500","36,500","134,600","139,150","130,000","19,550","19,900","19,200","20,550","20,850","20,850","19,950","27,350","27,350"
2025-01-27,"39,350","39,350","50,000","50,000","15,700","14,650","13,350","15,800","14,750","19,000","16,650","64,800","65,350","64,250","84,700","83,350","86,050","36,500","36,500","134,600","139,150","130,000","19,550","19,900","19,200","20,550","20,850","20,850","19,950","27,350","27,350"
2025-01-28,"39,350","39,350","50,000","50,000","15,700","14,650","13,350","15,800","14,750","19,000","16,650","64,800","65,350","64,250","84,700","83,350","86,050","36,500","36,500","134,600","139,150","130,000","19,550","19,900","19,200","20,550","20,850","20,850","19,950","27,350","27,350"
2025-01-29,"39,350","39,350","50,000","50,000","15,700","14,650","13,350","15,800","14,750","19,000","16,650","64,800","65,350","64,250","84,700","83,350","86,050","36,500","36,500","134,600","139,150","130,000","19,550","19,900","19,200","20,550","20,850","20,850","19,950","27,350","27,350"
2025-01-30,"39,350","39,350","50,000","50,000","15,700","14,650","13,350","15,800","14,750","19,000","16,650","63,500","65,250","61,750","80,950","78,350","83,550","36,350","36,350","134,600","139,150","130,000","19,550","19,900","19,200","20,550","20,850","20,850","19,950","27,200","27,200"
2025-01-31,"39,350","39,350","50,000","50,000","15,700","14,650","13,350","15,800","14,750","19,000","16,650","63,500","65,250","61,750","80,450","78,350","82,600","36,350","36,350","134,600","139,150","130,000","19,550","19,900","19,200","20,550","20,850","20,850","19,950","27,200","27,200"
2025-02-03,"36,950","36,950","48,350","48,350","15,700","14,650","13,350","15,800","14,750","19,000","16,650","64,350","65,250","63,450","81,800","80,000","83,550","36,000","36,000","134,600","139,150","130,000","19,550","19,900","19,200","20,550","20,850","20,850","19,950","27,500","27,500"
2025-02-04,"36,100","36,100","48,350","48,350","15,700","14,650","13,350","15,800","14,750","19,000","16,650","64,350","65,250","63,450","83,450","81,650","85,200","36,000","36,000","134,600","139,150","130,000","19,550","19,900","19,200","20,600","20,850","20,850","20,100","27,500","27,500"
2025-02-05,"36,100","36,100","48,350","48,350","15,700","14,650","13,350","15,800","14,750","19,000","16,650","63,500","65,250","61,750","83,450","81,650","85,200","36,000","36,000","134,600","139,150","130,000","19,550","19,900","19,200","20,600","20,850","20,850","20,100","27,350","27,350"
2025-02-06,"35,350","35,350","49,150","49,150","15,700","14,650","13,350","15,800","14,750","19,000","16,650","60,650","64,400","56,850","78,750","77,500","80,000","36,000","36,000","134,600","139,150","130,000","19,650","19,900","19,400","20,600","20,850","20,850","20,100","27,500","27,500"
2025-02-07,"35,350","35,350","49,150","49,150","15,700","14,650","13,350","15,800","14,750","19,000","16,650","60,650","64,400","56,850","78,750","77,500","80,000","36,000","36,000","134,600","139,150","130,000","19,650","19,900","19,400","20,600","20,850","20,850","20,100","27,500","27,500"
2025-02-10,"35,350","35,350","50,850","50,850","15,700","14,650","13,350","15,800","14,750","19,000","16,650","57,750","61,250","54,250","77,900","78,350","77,500","35,500","35,500","134,600","139,150","130,000","19,650","19,900","19,400","20,600","20,850","20,850","20,100","27,500","27,500"
2025-02-11,-,"35,350",-,"50,850",-,"14,650","13,350","15,800","14,750","19,000","16,650",-,"61,250","54,250",-,"77,500","76,650",-,"35,500",-,"139,150","130,000",-,"19,900","19,400",-,"20,850","20,850","20,100",-,"27,500"
2025-02-12,"35,350","35,350","50,850","50,850","15,700","14,650","13,350","15,800","14,750","19,000","16,650","56,100","59,600","52,550","77,050","78,350","75,750","35,500","35,500","134,600","139,150","130,000","19,650","19,900","19,400","20,600","20,850","20,850","20,100","27,500","27,500"
2025-02-13,"35,350","35,350","50,850","50,850","15,700","14,650","13,350","15,800","14,750","19,000","16,650","56,100","59,600","52,550","74,950","76,650","73,250","35,500","35,500","134,600","139,150","130,000","19,650","19,900","19,400","20,600","20,850","20,850","20,100","27,500","27,500"
2025-02-14,"35,350","35,350","50,850","50,850","15,700","14,650","13,350","15,800","14,750","19,000","16,650","56,100","59,600","52,550","74,950","76,650","73,250","35,500","35,500","134,600","139,150","130,000","19,650","19,900","19,400","20,600","20,850","20,850","20,100","27,500","27,500"
2025-02-17,"35,350","35,350","50,850","50,850","15,700","14,650","13,350","15,800","14,750","19,000","16,650","53,850","55,150","52,550","69,550","69,250","69,800","35,250","35,250","135,400","140,000","130,850","19,700","19,900","19,550","20,800","20,850","21,150","20,450","28,350","28,350"
2025-02-18,"35,350","35,350","50,850","50,850","15,700","14,650","13,350","15,800","14,750","19,000","16,650","53,850","55,150","52,550","70,450","69,250","71,650","35,250","35,250","137,100","141,650","132,500","19,700","19,900","19,550","20,800","20,850","21,150","20,450","28,350","28,350"
2025-02-19,"35,350","35,350","50,850","50,850","15,700","14,650","13,350","15,800","14,750","19,000","16,650","53,850","55,150","52,550","73,800","69,250","78,350","35,250","35,250","137,100","141,650","132,500","19,700","19,900","19,550","20,800","20,850","21,150","20,450","28,700","28,700"
2025-02-20,"36,200","36,200","50,850","50,850","15,700","14,650","13,350","15,800","14,750","19,000","16,650","53,850","55,150","52,550","76,850","70,950","82,700","35,400","35,400","137,100","141,650","132,500","19,700","19,900","19,550","20,800","20,850","21,150","20,450","28,850","28,850"
2025-02-21,"36,200","36,200","50,850","50,850","15,700","14,650","13,350","15,800","14,750","19,000","16,650","55,950","57,650","54,250","78,900","69,250","88,550","35,750","35,750","137,100","141,650","132,500","19,700","20,050","19,400","20,900","20,850","21,350","20,600","29,500","29,500"
2025-02-24,"40,100","40,100","50,850","50,850","15,700","14,650","13,350","15,800","14,750","19,000","16,650","58,450","61,900","54,950","81,950","67,700","96,250","36,800","36,800","137,100","141,650","132,500","19,700","20,050","19,400","20,900","20,850","21,350","20,600","30,150","30,150"
2025-02-25,"41,750","41,750","51,650","51,650","15,750","14,650","13,400","15,800","14,800","19,000","16,700","62,850","65,500","60,200","87,200","65,250","109,150","36,800","36,800","137,500","142,500","132,500","19,650","20,050","19,200","21,050","21,000","21,350","20,900","30,350","30,350"
2025-02-26,"41,750","41,750","51,650","51,650","15,750","14,650","13,400","15,800","14,800","19,000","16,700","64,100","67,150","61,050","91,350","63,550","119,150","37,150","37,150","137,500","142,500","132,500","19,650","20,050","19,200","21,050","21,000","21,350","20,900","30,500","30,500"
2025-02-27,"41,750","41,750","51,650","51,650","15,750","14,650","13,400","15,800","14,800","19,000","16,700","64,500","67,150","61,750","90,150","61,100","119,150","38,000","38,000","137,500","142,500","132,500","19,650","20,050","19,200","21,050","21,000","21,350","20,900","30,500","30,500"
2025-02-28,"42,600","42,600","52,500","52,500","15,650","14,150","13,400","15,800","14,800","19,000","16,700","65,750","68,850","62,600","90,150","61,100","119,150","39,350","39,350","137,500","142,500","132,500","19,650","20,050","19,200","21,050","21,000","21,350","20,900","30,500","30,500"
2025-03-03,"53,800","53,800","53,350","53,350","15,700","14,150","13,450","15,850","14,800","19,050","16,700","86,200","80,550","91,800","103,600","70,950","136,250","39,500","39,500","137,500","142,500","132,500","19,650","20,050","19,200","21,050","21,000","21,350","20,900","30,500","30,500"
2025-03-04,"53,800","53,800","53,350","53,350","15,700","14,150","13,450","15,850","14,800","19,050","16,800","86,200","83,550","88,850","100,200","69,350","131,050","39,350","39,350","137,500","142,500","132,500","19,650","20,050","19,200","21,050","21,000","21,350","20,900","30,500","30,500"
2025-03-05,"55,350","55,350","53,350","53,350","15,700","14,200","13,450","15,900","14,850","19,050","16,800","83,750","87,700","79,800","93,550","69,350","117,700","38,850","38,850","137,500","142,500","132,500","19,650","20,050","19,200","21,050","21,000","21,350","20,900","30,500","30,500"
2025-03-06,"57,050","57,050","52,500","52,500","15,700","14,200","13,450","15,900","14,850","19,050","16,800","75,300","84,350","66,250","81,350","69,350","93,350","37,650","37,650","137,500","142,500","132,500","19,650","20,050","19,200","21,050","21,000","21,350","20,900","30,350","30,350"
2025-03-07,"57,050","57,050","52,500","52,500","15,700","14,200","13,450","15,900","14,850","19,050","16,800","74,850","84,350","65,350","81,350","69,350","93,350","37,650","37,650","137,500","142,500","132,500","19,650","20,050","19,200","21,050","21,000","21,350","20,900","30,350","30,350"
2025-03-10,"57,050","57,050","53,350","53,350","15,700","14,200","13,450","15,900","14,850","19,050","16,800","64,150","69,400","58,850","80,700","64,350","97,100","37,650","37,650","137,500","142,500","132,500","19,650","20,050","19,200","21,050","21,000","21,350","20,900","30,350","30,350"
2025-03-11,"57,050","57,050","53,350","53,350","15,700","14,200","13,450","15,900","14,850","19,050","16,800","62,000","69,400","54,550","81,150","64,350","97,900","37,650","37,650","137,500","142,500","132,500","19,650","20,050","19,200","21,050","21,000","21,350","20,900","30,350","30,350"
2025-03-12,"57,050","57,050","53,350","53,350","15,700","14,200","13,450","15,900","14,850","19,050","16,800","60,800","67,750","53,850","85,500","62,700","108,350","37,650","37,650","137,500","142,500","132,500","19,650","20,050","19,200","21,050","21,000","21,350","20,900","30,000","30,000"
2025-03-13,"57,050","57,050","53,350","53,350","15,700","14,200","13,450","15,900","14,850","19,050","16,800","60,800","67,750","53,850","85,500","62,700","108,350","37,500","37,500","137,500","142,500","132,500","19,650","20,050","19,200","21,050","21,000","21,350","20,900","30,000","30,000"
2025-03-14,"57,050","57,050","53,350","53,350","15,700","14,200","13,450","15,900","14,850","19,050","16,800","60,800","67,750","53,850","85,500","62,700","108,350","37,500","37,500","137,500","142,500","132,500","19,650","20,050","19,200","21,050","21,000","21,350","20,900","30,000","30,000"
2025-03-17,"57,050","57,050","53,350","53,350","15,700","14,200","13,450","15,900","14,850","19,050","16,800","54,950","62,750","47,200","87,200","63,500","110,850","36,000","36,000","137,500","142,500","132,500","19,650","20,050","19,200","21,050","21,000","21,350","20,900","28,850","28,850"
2025-03-18,"57,850","57,850","53,350","53,350","15,700","14,200","13,450","15,900","14,850","19,050","16,800","54,950","62,750","47,200","88,950","65,200","112,700","35,800","35,800","137,500","142,500","132,500","19,650","20,050","19,200","21,050","21,000","21,350","20,900","28,700","28,700"
2025-03-19,"57,850","57,850","53,350","53,350","15,700","14,200","13,450","15,900","14,850","19,050","16,800","55,800","62,750","48,850","88,950","65,200","112,700","35,800","35,800","137,500","142,500","132,500","19,650","20,050","19,200","21,050","21,000","21,350","20,900","28,500","28,500"
2025-03-20,"57,850","57,850","53,350","53,350","15,700","14,200","13,450","15,900","14,850","19,050","16,800","60,850","67,150","54,550","90,950","66,000","115,850","35,800","35,800","137,500","142,500","132,500","19,650","20,050","19,200","21,050","21,000","21,350","20,900","28,500","28,500"
2025-03-21,"57,850","57,850","53,350","53,350","15,700","14,200","13,450","15,900","14,850","19,050","16,800","61,600","67,150","56,000","90,950","66,000","115,850","36,150","36,150","137,500","142,500","132,500","19,650","20,050","19,200","21,050","21,000","21,350","20,900","28,500","28,500"
2025-03-24,"60,100","60,100","54,150","54,150","15,700","14,200","13,450","15,900","14,850","19,050","16,800","66,550","70,500","62,600","90,500","65,200","115,850","36,800","36,800","137,900","142,500","133,350","19,650","20,050","19,200","21,050","21,000","21,350","20,900","28,350","28,350"
2025-03-25,"60,100","60,100","54,150","54,150","15,700","14,200","13,450","15,900","14,850","19,050","16,800","67,000","71,350","62,600","90,500","65,200","115,850","37,150","37,150","137,900","142,500","133,350","19,650","20,050","19,200","21,050","21,000","21,350","20,900","28,350","28,350"
2025-03-26,"60,100","60,100","55,000","55,000","15,700","14,200","13,450","15,900","14,850","19,050","16,800","68,250","72,150","64,250","91,350","65,200","117,500","37,500","37,500","137,900","142,500","133,350","19,650","20,050","19,200","21,050","21,000","21,350","20,900","28,350","28,350"
2025-03-27,"61,750","61,750","56,650","56,650","15,700","14,200","13,450","15,900","14,850","19,050","16,800","77,400","81,400","73,350","93,850","66,850","120,850","38,200","38,200","140,850","145,850","135,850","19,650","20,050","19,200","21,050","21,000","21,350","20,900","28,350","28,350"
2025-03-28,"61,750","61,750","56,650","56,650","15,700","14,200","13,450","15,900","14,850","19,050","16,800","77,400","81,400","73,350","93,850","66,850","120,850","38,200","38,200","140,850","145,850","135,850","19,650","20,050","19,200","21,050","21,000","21,350","20,900","28,350","28,350"
2025-03-31,"61,750","61,750","56,650","56,650","15,700","14,200","13,450","15,900","14,850","19,050","16,800","77,400","81,400","73,350","93,850","66,850","120,850","38,200","38,200","140,850","145,850","135,850","19,650","20,050","19,200","21,050","21,000","21,350","20,900","28,350","28,350"
2025-04-01,"61,750","61,750","56,650","56,650","15,700","14,200","13,450","15,900","14,850","19,050","16,800","77,400","81,400","73,350","93,850","66,850","120,850","38,200","38,200","140,850","145,850","135,850","19,650","20,050","19,200","21,050","21,000","21,350","20,900","28,350","28,350"
2025-04-02,"61,750","61,750","56,650","56,650","15,700","14,200","13,450","15,900","14,850","19,050","16,800","77,400","81,400","73,350","93,850","66,850","120,850","38,200","38,200","140,850","145,850","135,850","19,650","20,050","19,200","21,050","21,000","21,350","20,900","28,350","28,350"
2025-04-03,"61,750","61,750","56,650","56,650","15,700","14,200","13,450","15,900","14,850","19,050","16,800","77,400","81,400","73,350","93,850","66,850","120,850","38,200","38,200","140,850","145,850","135,850","19,650","20,050","19,200","21,050","21,000","21,350","20,900","28,350","28,350"
2025-04-04,"61,750","61,750","56,650","56,650","15,700","14,200","13,450","15,900","14,850","19,050","16,800","77,400","81,400","73,350","93,850","66,850","120,850","38,200","38,200","140,850","145,850","135,850","19,650","20,050","19,200","21,050","21,000","21,350","20,900","28,350","28,350"
2025-04-07,"61,750","61,750","56,650","56,650","15,700","14,200","13,450","15,900","14,850","19,050","16,800","77,400","81,400","73,350","93,850","66,850","120,850","38,200","38,200","140,850","145,850","135,850","19,650","20,050","19,200","21,050","21,000","21,350","20,900","28,350","28,350"
2025-04-08,"66,600","66,600","60,850","60,850","15,700","14,200","13,450","15,900","14,850","19,050","16,800","71,800","73,650","69,900","88,900","56,950","120,850","36,650","36,650","140,850","145,850","135,850","19,650","20,050","19,200","21,050","21,000","21,350","20,900","28,000","28,000"
2025-04-09,"69,800","69,800","61,650","61,650","15,700","14,200","13,450","15,900","14,850","19,050","16,800","71,350","73,650","69,050","87,650","54,450","120,850","36,650","36,650","140,850","145,850","135,850","19,650","20,050","19,200","21,050","21,000","21,350","20,900","27,850","27,850"
2025-04-10,"69,050","69,050","61,650","61,650","15,700","14,200","13,450","15,900","14,850","19,050","16,800","69,050","71,350","66,750","86,850","52,850","120,850","36,000","36,000","140,850","145,850","135,850","19,650","20,050","19,200","21,050","21,000","21,350","20,900","27,850","27,850"
2025-04-11,"69,050","69,050","61,650","61,650","15,700","14,200","13,450","15,900","14,850","19,050","16,800","69,050","71,350","66,750","86,850","52,850","120,850","35,800","35,800","140,850","145,850","135,850","19,650","20,050","19,200","21,050","21,000","21,350","20,900","27,700","27,700"
2025-04-14,"69,050","69,050","62,500","62,500","15,700","14,200","13,450","15,900","14,850","19,050","16,800","67,350","65,400","69,250","77,900","48,700","107,100","35,000","35,000","137,900","142,500","133,350","19,650","20,050","19,200","21,050","21,000","21,350","20,900","27,550","27,550"
2025-04-15,"69,050","69,050","62,500","62,500","15,700","14,200","13,450","15,900","14,850","19,050","16,800","67,350","65,400","69,250","77,900","48,700","107,100","35,000","35,000","137,900","142,500","133,350","19,650","20,050","19,200","21,050","21,000","21,350","20,900","27,550","27,550"
2025-04-16,"65,900","65,900","61,650","61,650","15,700","14,200","13,450","15,900","14,850","19,050","16,800","66,500","65,400","67,600","76,250","47,050","105,400","35,000","35,000","137,900","142,500","133,350","19,650","20,050","19,200","21,000","21,000","21,150","20,900","27,200","27,200"
2025-04-17,"65,900","65,900","61,650","61,650","15,700","14,200","13,450","15,900","14,850","19,050","16,800","66,500","65,400","67,600","75,800","46,200","105,400","34,650","34,650","137,900","142,500","133,350","19,650","20,050","19,200","21,000","21,000","21,150","20,900","27,050","27,050"
2025-04-18,"65,900","65,900","61,650","61,650","15,700","14,200","13,450","15,900","14,850","19,050","16,800","66,500","65,400","67,600","75,800","46,200","105,400","34,650","34,650","137,900","142,500","133,350","19,650","20,050","19,200","21,000","21,000","21,150","20,900","27,050","27,050"
2025-04-21,"60,250","60,250","60,850","60,850","15,700","14,200","13,450","15,900","14,850","19,050","16,800","66,000","62,100","69,950","60,200","43,700","76,650","33,300","33,300","137,900","142,500","133,350","19,650","20,050","19,200","21,000","21,000","21,150","20,900","26,050","26,050"
2025-04-22,"58,700","58,700","60,850","60,850","15,700","14,200","13,450","15,900","14,850","19,050","16,800","66,000","62,100","69,950","59,750","42,850","76,650","33,300","33,300","137,900","142,500","133,350","19,650","20,050","19,200","21,000","21,000","21,150","20,900","26,050","26,050"
2025-04-23,"58,700","58,700","60,850","60,850","15,700","14,200","13,450","15,900","14,850","19,050","16,800","64,850","62,100","67,650","57,300","41,250","73,350","33,300","33,300","137,900","142,500","133,350","19,650","20,050","19,200","21,000","21,000","21,150","20,900","26,050","26,050"
2025-04-24,"58,700","58,700","60,850","60,850","15,700","14,200","13,450","15,900","14,850","19,050","16,800","64,850","62,100","67,650","57,300","41,250","73,350","33,300","33,300","137,900","142,500","133,350","19,650","20,050","19,200","21,000","21,000","21,150","20,900","26,200","26,200"
2025-04-25,"51,450","51,450","60,850","60,850","15,700","14,200","13,450","15,900","14,850","19,050","16,800","62,150","58,950","65,350","53,400","41,250","65,500","33,800","33,800","137,900","142,500","133,350","19,650","20,050","19,200","21,000","21,000","21,150","20,900","26,200","26,200"
2025-04-28,"51,450","51,450","60,000","60,000","15,650","14,200","13,450","15,900","14,850","18,800","16,800","61,750","58,950","64,500","52,950","41,250","64,700","33,650","33,650","137,900","142,500","133,350","19,650","20,050","19,200","21,000","21,000","21,150","20,900","28,700","28,700"
2025-04-29,"51,450","51,450","60,000","60,000","15,650","14,200","13,450","15,900","14,850","18,800","16,800","61,300","58,950","63,700","50,400","40,450","60,300","33,650","33,650","137,900","142,500","133,350","19,650","20,050","19,200","21,000","21,000","21,150","20,900","28,850","28,850"
2025-04-30,"49,900","49,900","60,000","60,000","15,650","14,200","13,450","15,900","14,850","18,800","16,800","60,900","58,950","62,800","50,400","40,450","60,300","33,650","33,650","137,900","142,500","133,350","19,650","20,050","19,200","21,000","21,000","21,150","20,900","29,000","29,000"
2025-05-01,"49,900","49,900","60,000","60,000","15,650","14,200","13,450","15,900","14,850","18,800","16,800","60,900","58,950","62,800","50,400","40,450","60,300","33,650","33,650","137,900","142,500","133,350","19,650","20,050","19,200","21,000","21,000","21,150","20,900","29,000","29,000"
2025-05-02,"51,400","51,400","60,000","60,000","15,650","14,200","13,450","15,900","14,850","18,800","16,800","60,450","58,950","61,950","49,500","41,250","57,700","33,800","33,800","137,900","142,500","133,350","19,650","20,050","19,200","21,000","21,000","21,150","20,900","28,850","28,850"
2025-05-05,"49,900","49,900","59,150","59,150","15,650","14,200","13,450","15,900","14,850","18,800","16,800","53,300","52,850","53,750","45,700","39,650","51,750","33,800","33,800","137,900","142,500","133,350","19,650","20,050","19,200","21,000","21,000","21,150","20,900","28,850","28,850"
2025-05-06,"49,050","49,050","59,150","59,150","15,650","14,200","13,450","15,900","14,850","18,800","16,800","52,000","51,050","52,900","45,300","39,650","50,950","33,800","33,800","137,900","142,500","133,350","19,650","20,050","19,200","21,000","21,000","21,150","20,900","28,850","28,850"
2025-05-07,"48,250","48,250","58,350","58,350","15,650","14,200","13,450","15,900","14,850","18,800","16,800","52,000","51,050","52,900","45,300","39,650","50,950","34,100","34,100","137,900","142,500","133,350","19,650","20,050","19,200","21,000","21,000","21,150","20,900","28,850","28,850"
2025-05-08,"48,250","48,250","58,350","58,350","15,650","14,200","13,450","15,900","14,850","18,800","16,800","52,000","51,050","52,900","44,450","39,650","49,250","34,100","34,100","137,900","142,500","133,350","19,650","20,050","19,200","21,000","21,000","21,150","20,900","28,200","28,200"
2025-05-09,"48,250","48,250","58,350","58,350","15,650","14,200","13,450","15,900","14,850","18,800","16,800","50,300","49,400","51,250","43,600","39,650","47,600","34,400","34,400","137,900","142,500","133,350","19,650","20,050","19,200","21,000","21,000","21,150","20,900","28,200","28,200"
2025-05-12,"48,250","48,250","58,350","58,350","15,650","14,200","13,450","15,900","14,850","18,800","16,800","50,300","49,400","51,250","43,600","39,650","47,600","34,400","34,400","137,900","142,500","133,350","19,650","20,050","19,200","21,000","21,000","21,150","20,900","28,200","28,200"
2025-05-13,"48,250","48,250","58,350","58,350","15,650","14,200","13,450","15,900","14,850","18,800","16,800","50,300","49,400","51,250","43,600","39,650","47,600","34,400","34,400","137,900","142,500","133,350","19,650","20,050","19,200","21,000","21,000","21,150","20,900","28,200","28,200"
2025-05-14,"47,400","47,400","56,650","56,650","15,650","14,200","13,450","15,900","14,850","18,800","16,800","47,700","46,750","48,650","41,050","38,800","43,350","35,250","35,250","137,900","142,500","133,350","19,650","20,050","19,200","20,950","21,000","21,000","20,900","27,850","27,850"
2025-05-15,"47,400","47,400","55,850","55,850","15,650","14,200","13,450","15,900","14,850","18,800","16,800","45,600","45,950","45,300","40,250","38,800","41,650","35,400","35,400","137,900","142,500","133,350","19,650","20,050","19,200","20,950","21,000","21,000","20,900","27,850","27,850"
2025-05-16,"47,400","47,400","55,850","55,850","15,650","14,200","13,450","15,900","14,850","18,800","16,800","45,600","45,950","45,300","40,650","39,600","41,650","35,400","35,400","137,900","142,500","133,350","19,650","20,050","19,200","20,950","21,000","21,000","20,900","27,850","27,850"
2025-05-19,"47,400","47,400","54,150","54,150","15,650","14,200","13,450","15,900","14,850","18,800","16,800","45,600","46,750","44,450","41,500","40,400","42,600","35,250","35,250","137,900","142,500","133,350","19,650","20,050","19,200","21,000","21,000","21,150","20,900","27,700","27,700"
2025-05-20,"47,400","47,400","53,350","53,350","15,650","14,200","13,450","15,900","14,850","18,800","16,800","45,600","46,750","44,450","41,500","40,400","42,600","35,250","35,250","137,900","142,500","133,350","19,650","20,050","19,200","20,900","20,650","21,150","20,900","27,700","27,700"
2025-05-21,"47,400","47,400","53,350","53,350","15,650","14,200","13,450","15,900","14,850","18,800","16,800","45,600","46,750","44,450","41,100","39,650","42,600","35,250","35,250","137,900","142,500","133,350","19,650","20,050","19,200","20,900","20,650","21,150","20,900","27,700","27,700"
2025-05-22,"47,400","47,400","53,350","53,350","15,650","14,200","13,450","15,900","14,850","18,800","16,800","45,600","46,750","44,450","38,200","35,450","40,950","34,900","34,900","137,900","142,500","133,350","19,650","20,050","19,200","20,900","20,650","21,150","20,900","27,500","27,500"
2025-05-23,"46,550","46,550","53,350","53,350","15,650","14,200","13,450","15,900","14,850","18,800","16,800","44,350","45,950","42,800","37,350","34,650","40,100","34,750","34,750","137,900","142,500","133,350","19,650","20,050","19,200","20,900","20,650","21,150","20,900","27,500","27,500"
2025-05-26,"46,550","46,550","53,350","53,350","15,700","14,300","13,500","15,900","14,900","18,800","16,850","42,300","43,450","41,100","38,200","35,400","40,950","34,750","34,750","137,900","142,500","133,350","19,650","20,050","19,200","20,800","20,350","21,150","20,900","27,350","27,350"
2025-05-27,"46,550","46,550","53,350","53,350","15,700","14,300","13,500","15,900","14,900","18,800","16,850","42,700","43,450","41,950","38,600","35,400","41,750","34,750","34,750","137,900","142,500","133,350","19,650","20,050","19,200","20,800","20,350","21,150","20,900","27,350","27,350"
2025-05-28,"46,550","46,550","53,350","53,350","15,750","14,350","13,600","16,000","14,950","18,850","16,850","42,700","43,450","41,950","39,000","35,400","42,600","35,150","35,150","137,900","142,500","133,350","19,650","20,050","19,200","20,800","20,350","21,150","20,900","27,350","27,350"
2025-05-29,"46,550","46,550","53,350","53,350","15,750","14,350","13,600","16,000","14,950","18,850","16,850","42,700","43,450","41,950","39,000","35,400","42,600","35,150","35,150","137,900","142,500","133,350","19,650","20,050","19,200","20,800","20,350","21,150","20,900","27,350","27,350"
2025-05-30,"46,550","46,550","53,350","53,350","15,750","14,350","13,600","16,000","14,950","18,850","16,850","42,700","43,450","41,950","39,000","35,400","42,600","35,150","35,150","137,900","142,500","133,350","19,650","20,050","19,200","20,800","20,350","21,150","20,900","27,350","27,350"
2025-06-02,"46,550","46,550","53,350","53,350","15,800","14,400","13,650","16,000","15,000","18,900","16,850","44,400","46,050","42,800","43,650","39,550","47,700","35,850","35,850","137,900","142,500","133,350","19,650","20,050","19,200","20,800","20,350","21,150","20,900","27,350","27,350"
2025-06-03,"46,550","46,550","53,350","53,350","15,800","14,400","13,650","16,000","15,000","18,900","16,850","44,400","46,050","42,800","43,650","39,550","47,700","35,850","35,850","137,900","142,500","133,350","19,650","20,050","19,200","20,800","20,350","21,150","20,900","27,350","27,350"
2025-06-04,"48,250","48,250","54,150","54,150","15,800","14,400","13,650","16,000","15,000","18,900","16,850","46,100","47,700","44,450","47,400","42,850","51,900","35,850","35,850","137,900","142,500","133,350","19,650","20,050","19,200","20,800","20,350","21,150","20,900","27,500","27,500"
2025-06-05,"48,250","48,250","54,150","54,150","15,800","14,400","13,650","16,000","15,000","18,900","16,850","49,400","53,500","45,300","51,200","46,100","56,250","36,500","36,500","137,900","142,500","133,350","19,650","20,050","19,200","20,800","20,350","21,150","20,900","27,500","27,500"
2025-06-06,"48,250","48,250","54,150","54,150","15,800","14,400","13,650","16,000","15,000","18,900","16,850","49,400","53,500","45,300","51,200","46,100","56,250","36,500","36,500","137,900","142,500","133,350","19,650","20,050","19,200","20,800","20,350","21,150","20,900","27,500","27,500"
2025-06-09,"48,250","48,250","54,150","54,150","15,800","14,400","13,650","16,000","15,000","18,900","16,850","49,400","53,500","45,300","51,200","46,100","56,250","36,500","36,500","137,900","142,500","133,350","19,650","20,050","19,200","20,800","20,350","21,150","20,900","27,500","27,500"
2025-06-10,"49,800","49,800","53,350","53,350","15,900","14,450","13,700","16,150","15,100","18,950","16,900","49,800","53,500","46,100","52,850","49,450","56,250","37,350","37,350","137,900","142,500","133,350","19,650","20,050","19,200","20,800","20,350","21,150","20,900","28,000","28,000"
2025-06-11,"49,800","49,800","51,650","51,650","15,950","14,500","13,750","16,250","15,150","18,950","16,950","50,250","54,350","46,100","52,850","50,300","55,400","37,450","37,450","137,900","142,500","133,350","19,650","20,050","19,200","20,800","20,350","21,150","20,900","28,000","28,000"
2025-06-12,"49,800","49,800","51,650","51,650","15,950","14,500","13,750","16,250","15,150","18,950","16,950","49,400","53,500","45,300","53,250","51,950","54,600","37,450","37,450","137,900","142,500","133,350","19,650","20,050","19,200","20,800","20,350","21,150","20,900","28,000","28,000"
2025-06-13,"49,800","49,800","50,850","50,850","15,950","14,500","13,750","16,250","15,150","18,950","16,950","49,000","52,650","45,300","51,150","49,550","52,700","37,250","37,250","137,900","142,500","133,350","19,650","20,050","19,200","20,800","20,350","21,150","20,900","28,000","28,000"
2025-06-16,"49,800","49,800","50,850","50,850","15,950","14,500","13,750","16,250","15,150","18,950","16,950","50,250","54,350","46,100","54,500","52,800","56,250","36,150","36,150","137,900","142,500","133,350","19,650","20,050","19,200","20,800","20,350","21,150","20,900","27,700","27,700"
2025-06-17,"49,800","49,800","50,850","50,850","15,950","14,500","13,750","16,250","15,150","18,950","16,950","49,800","54,350","45,200","54,500","52,800","56,250","36,150","36,150","137,900","142,500","133,350","19,650","20,050","19,200","20,800","20,350","21,150","20,900","27,700","27,700"
2025-06-18,"49,800","49,800","50,850","50,850","15,950","14,500","13,750","16,250","15,150","18,950","16,950","48,100","52,650","43,550","54,100","52,800","55,400","35,650","35,650","137,900","142,500","133,350","19,650","20,050","19,200","20,800","20,350","21,150","20,900","27,700","27,700"
2025-06-19,"53,050","53,050","49,150","49,150","15,950","14,500","13,800","16,250","15,200","18,950","16,950","48,550","53,500","43,600","57,850","53,600","62,100","35,650","35,650","137,900","142,500","133,350","19,550","19,900","19,200","20,750","20,150","21,150","20,900","27,700","27,700"
2025-06-20,"59,350","59,350","53,350","53,350","15,950","14,500","13,800","16,250","15,200","18,950","16,950","65,200","62,750","67,600","76,350","69,350","83,350","35,850","35,850","137,900","142,500","133,350","19,550","19,900","19,200","20,750","20,150","21,150","20,900","28,000","28,000"
2025-06-23,"55,450","55,450","51,650","51,650","16,100","14,600","13,900","16,450","15,450","19,050","17,150","56,950","56,000","57,900","70,000","65,250","74,800","36,250","36,250","137,900","142,500","133,350","19,550","19,900","19,200","20,700","20,000","21,150","20,900","28,500","28,500"
2025-06-24,"54,700","54,700","51,650","51,650","16,100","14,600","13,900","16,450","15,450","19,050","17,150","53,750","53,700","53,850","65,500","60,300","70,650","36,250","36,250","137,900","142,500","133,350","19,550","19,900","19,200","20,700","20,000","21,150","20,900","28,500","28,500"
2025-06-25,"53,900","53,900","50,850","50,850","16,100","14,600","13,900","16,450","15,450","19,050","17,150","49,550","52,000","47,100","58,000","52,850","63,150","36,100","36,100","137,900","142,500","133,350","19,550","19,900","19,200","20,700","20,000","21,150","20,900","28,500","28,500"
2025-06-26,"52,200","52,200","50,850","50,850","16,100","14,600","13,900","16,450","15,450","19,050","17,150","48,300","52,000","44,550","56,750","52,050","61,450","35,750","35,750","137,900","142,500","133,350","19,550","19,900","19,200","20,700","20,000","21,150","20,900","28,500","28,500"
2025-06-27,"52,200","52,200","50,850","50,850","16,100","14,600","13,900","16,450","15,450","19,050","17,150","48,300","52,000","44,550","56,750","52,050","61,450","35,750","35,750","137,900","142,500","133,350","19,550","19,900","19,200","20,700","20,000","21,150","20,900","28,500","28,500"
2025-06-30,"50,650","50,650","50,850","50,850","16,100","14,600","13,900","16,450","15,450","19,100","17,150","46,650","50,350","43,000","56,750","49,550","63,950","36,150","36,150","137,900","142,500","133,350","19,550","19,900","19,200","20,650","19,850","21,150","20,900","28,700","28,700"
2025-07-01,"50,650","50,650","50,850","50,850","16,100","14,600","13,900","16,450","15,450","19,100","17,150","46,650","50,350","43,000","57,600","49,550","65,650","36,150","36,150","137,900","142,500","133,350","19,550","19,900","19,200","20,650","19,850","21,150","20,900","28,700","28,700"
2025-07-02,"50,650","50,650","50,850","50,850","16,100","14,600","13,900","16,450","15,450","19,100","17,150","46,650","50,350","43,000","58,000","50,350","65,650","36,150","36,150","137,900","142,500","133,350","19,550","19,900","19,200","20,650","19,850","21,150","20,900","28,700","28,700"
2025-07-03,"50,650","50,650","50,850","50,850","16,100","14,600","13,900","16,450","15,450","19,100","17,150","47,900","51,200","44,650","60,100","52,050","68,150","36,150","36,150","137,900","142,500","133,350","19,550","19,900","19,200","20,650","19,850","21,150","20,900","28,700","28,700"
2025-07-04,"50,650","50,650","50,850","50,850","16,100","14,600","13,900","16,450","15,450","19,100","17,150","50,250","54,350","46,100","62,250","52,050","72,500","36,150","36,150","137,900","142,500","133,350","19,550","19,900","19,200","20,650","19,850","21,150","20,900","28,700","28,700"
2025-07-07,"49,800","49,800","50,000","50,000","16,100","14,600","13,900","16,450","15,450","19,100","17,150","48,550","50,100","46,950","61,800","48,700","74,900","36,150","36,150","137,900","142,500","133,350","19,550","19,900","19,200","20,650","19,850","21,150","20,900","28,850","28,850"
2025-07-08,"49,800","49,800","50,000","50,000","16,100","14,600","13,900","16,450","15,450","19,100","17,150","48,550","50,100","46,950","61,800","48,700","74,900","36,350","36,350","137,900","142,500","133,350","19,550","19,900","19,200","20,650","19,850","21,150","20,900","29,000","29,000"
2025-07-09,"50,650","50,650","50,000","50,000","16,100","14,600","13,900","16,450","15,450","19,100","17,150","48,550","50,100","46,950","61,800","48,700","74,900","36,350","36,350","137,900","142,500","133,350","19,550","19,900","19,200","20,650","19,850","21,150","20,900","29,000","29,000"
2025-07-10,"54,700","54,700","50,000","50,000","16,100","14,600","13,900","16,450","15,450","19,100","17,150","48,100","50,100","46,100","62,650","48,700","76,550","36,000","36,000","137,900","142,500","133,350","19,550","19,900","19,200","20,650","19,850","21,150","20,900","29,000","29,000"
2025-07-11,"54,700","54,700","50,000","50,000","16,100","14,600","13,900","16,450","15,450","19,100","17,150","47,300","48,450","46,100","61,800","48,700","74,900","36,000","36,000","137,900","142,500","133,350","19,550","19,900","19,200","20,650","19,850","21,150","20,900","29,000","29,000"
2025-07-14,"55,550","55,550","50,000","50,000","16,200","14,650","13,950","16,550","15,600","19,200","17,300","49,800","50,100","49,500","64,250","52,850","75,650","36,000","36,000","137,900","142,500","133,350","19,550","19,900","19,200","20,650","19,850","21,150","20,900","29,200","29,200"
2025-07-15,"55,550","55,550","50,000","50,000","16,200","14,650","13,950","16,550","15,600","19,200","17,300","49,800","50,100","49,500","64,250","52,850","75,650","36,000","36,000","137,900","142,500","133,350","19,550","19,900","19,200","20,650","19,850","21,150","20,900","29,200","29,200"
2025-07-16,"55,550","55,550","50,000","50,000","16,200","14,650","13,950","16,550","15,600","19,200","17,300","48,150","48,450","47,850","64,250","52,850","75,650","36,000","36,000","137,900","142,500","133,350","19,550","19,900","19,200","20,650","19,850","21,150","20,900","29,200","29,200"
2025-07-17,"55,550","55,550","50,000","50,000","16,200","14,650","13,950","16,550","15,600","19,200","17,300","48,600","48,450","48,750","64,250","52,850","75,650","35,800","35,800","137,900","142,500","133,350","19,550","19,900","19,200","20,650","19,850","21,150","20,900","29,200","29,200"
2025-07-18,"54,600","54,600","50,000","50,000","16,200","14,650","13,950","16,550","15,600","19,200","17,300","48,650","50,350","46,950","56,350","48,700","63,950","35,800","35,800","137,900","142,500","133,350","19,550","19,900","19,200","20,650","19,850","21,150","20,900","29,200","29,200"
2025-07-21,"57,750","57,750","49,150","49,150","16,200","14,650","13,950","16,550","15,600","19,200","17,300","48,650","50,350","46,950","52,900","47,050","58,750","35,500","35,500","137,900","142,500","133,350","19,550","19,900","19,200","20,650","19,850","21,150","20,900","29,200","29,200"
2025-07-22,"57,750","57,750","49,150","49,150","16,200","14,650","13,950","16,550","15,600","19,200","17,300","48,650","50,350","46,950","52,900","47,050","58,750","35,300","35,300","137,900","142,500","133,350","19,550","19,900","19,200","20,650","19,850","21,150","20,900","29,200","29,200"
2025-07-23,"57,750","57,750","49,150","49,150","16,200","14,650","13,950","16,550","15,600","19,200","17,300","48,650","50,350","46,950","53,300","47,850","58,750","35,300","35,300","137,900","142,500","133,350","19,550","19,900","19,200","20,650","19,850","21,150","20,900","29,200","29,200"
2025-07-24,"58,600","58,600","49,150","49,150","16,200","14,650","13,950","16,550","15,600","19,200","17,300","47,800","50,350","45,300","53,300","47,850","58,750","35,300","35,300","137,900","142,500","133,350","19,550","19,900","19,200","20,650","19,850","21,150","20,900","29,000","29,000"
2025-07-25,"61,950","61,950","49,150","49,150","16,200","14,650","13,950","16,550","15,600","19,200","17,300","47,800","50,350","45,300","52,900","47,850","57,900","35,300","35,300","137,900","142,500","133,350","19,550","19,900","19,200","20,650","19,850","21,150","20,900","28,950","28,950"
2025-07-28,"62,750","62,750","49,150","49,150","16,200","14,650","14,000","16,550","15,600","19,200","17,300","46,100","49,400","42,800","51,150","47,050","55,200","35,000","35,000","135,850","140,000","131,650","19,550","19,900","19,200","20,650","19,850","21,150","20,900","28,750","28,750"
2025-07-29,"61,950","61,950","48,350","48,350","16,200","14,650","14,000","16,550","15,600","19,200","17,300","46,100","49,400","42,800","51,150","47,050","55,200","35,000","35,000","135,850","140,000","131,650","19,550","19,900","19,200","20,650","19,850","21,150","20,900","28,750","28,750"
2025-07-30,"61,950","61,950","48,350","48,350","16,200","14,650","14,000","16,550","15,600","19,200","17,300","46,100","49,400","42,800","50,300","47,050","53,550","34,800","34,800","135,850","140,000","131,650","19,550","19,900","19,200","20,650","19,850","21,150","20,900","28,750","28,750"
2025-07-31,"61,950","61,950","48,350","48,350","16,200","14,650","14,000","16,550","15,600","19,200","17,300","46,100","49,400","42,800","49,050","46,200","51,900","34,800","34,800","135,850","140,000","131,650","19,550","19,900","19,200","20,650","19,850","21,150","20,900","28,750","28,750"
2025-08-01,"62,750","62,750","48,350","48,350","16,200","14,650","14,000","16,550","15,600","19,200","17,300","46,100","49,400","42,800","49,050","46,200","51,900","34,800","34,800","135,850","140,000","131,650","19,550","19,900","19,200","20,650","19,850","21,150","20,900","28,750","28,750"
2025-08-04,"58,800","58,800","47,500","47,500","16,200","14,650","14,000","16,550","15,600","19,200","17,300","46,100","46,050","46,100","45,700","42,850","48,550","34,000","34,000","135,850","140,000","131,650","19,550","19,900","19,200","20,650","19,850","21,150","20,900","28,450","28,450"
2025-08-05,"58,800","58,800","45,000","45,000","16,200","14,650","14,000","16,550","15,600","19,200","17,300","46,100","46,050","46,100","45,300","42,050","48,550","34,000","34,000","135,850","140,000","131,650","19,550","19,900","19,200","20,650","19,850","21,150","20,900","28,450","28,450"
2025-08-06,"58,800","58,800","45,000","45,000","16,200","14,650","14,000","16,550","15,600","19,200","17,300","46,550","46,050","47,000","45,300","42,050","48,550","34,000","34,000","135,850","140,000","131,650","19,550","19,900","19,200","20,650","19,850","21,150","20,900","28,450","28,450"
2025-08-07,"58,800","58,800","45,000","45,000","16,200","14,650","14,000","16,550","15,600","19,200","17,300","46,550","46,050","47,000","45,300","42,050","48,550","34,000","34,000","135,850","140,000","131,650","19,550","19,900","19,200","20,650","19,850","21,150","20,900","28,450","28,450"
2025-08-08,"57,950","57,950","45,000","45,000","16,200","14,650","14,000","16,550","15,600","19,200","17,300","46,950","46,050","47,850","44,900","41,200","48,550","33,800","33,800","135,850","140,000","131,650","19,550","19,900","19,200","20,650","19,850","21,150","20,900","28,750","28,750"
2025-08-11,"58,600","58,600","45,850","45,850","16,200","14,650","14,000","16,550","15,600","19,200","17,300","46,500","46,900","46,100","45,700","42,050","49,400","33,800","33,800","135,850","140,000","131,650","19,550","19,900","19,200","20,650","19,850","21,150","20,900","28,750","28,750"
2025-08-12,"58,600","58,600","45,850","45,850","16,200","14,650","14,000","16,550","15,600","19,200","17,300","46,500","46,900","46,100","45,700","42,050","49,400","33,800","33,800","135,850","140,000","131,650","19,550","19,900","19,200","20,700","20,000","21,150","20,900","28,450","28,450"
2025-08-13,"58,600","58,600","46,650","46,650","16,200","14,650","14,000","16,550","15,600","19,200","17,300","44,400","46,900","41,950","44,050","41,200","46,900","33,650","33,650","135,850","140,000","131,650","19,550","19,900","19,200","20,700","20,000","21,150","20,900","28,450","28,450"
2025-08-14,"58,600","58,600","46,650","46,650","16,200","14,650","14,000","16,550","15,600","19,200","17,300","43,700","46,150","41,200","43,250","39,650","46,900","33,650","33,650","135,850","140,000","131,650","19,550","19,900","19,200","20,700","20,000","21,150","20,900","28,450","28,450"
2025-08-15,"57,750","57,750","47,500","47,500","16,200","14,650","14,000","16,550","15,600","19,200","17,300","46,100","49,400","42,800","44,900","41,200","48,550","33,800","33,800","135,850","140,000","131,650","19,550","19,900","19,200","20,700","20,000","21,150","20,900","28,450","28,450"
2025-08-18,"57,750","57,750","47,500","47,500","16,200","14,650","14,000","16,550","15,600","19,200","17,300","46,100","49,400","42,800","44,900","41,200","48,550","33,800","33,800","135,850","140,000","131,650","19,550","19,900","19,200","20,700","20,000","21,150","20,900","28,450","28,450"
2025-08-19,"50,450","50,450","47,500","47,500","16,200","14,650","14,000","16,550","15,600","19,200","17,300","47,350","51,050","43,600","44,900","41,200","48,550","33,800","33,800","135,850","140,000","131,650","19,550","19,900","19,200","20,700","20,000","21,150","20,900","27,850","27,850"
2025-08-20,"50,450","50,450","46,650","46,650","16,250","14,750","14,000","16,550","15,600","19,300","17,400","46,500","49,400","43,600","45,300","42,050","48,550","34,000","34,000","135,850","140,000","131,650","19,450","19,900","19,050","20,700","20,000","21,150","20,900","27,850","27,850"
2025-08-21,"50,450","50,450","46,650","46,650","16,250","14,750","14,000","16,550","15,600","19,300","17,400","46,500","49,400","43,600","44,450","41,200","47,700","34,150","34,150","135,850","140,000","131,650","19,450","19,900","19,050","20,700","20,000","21,150","20,900","27,850","27,850"
2025-08-22,"50,450","50,450","46,650","46,650","16,250","14,750","14,000","16,550","15,600","19,300","17,400","46,150","49,400","42,900","44,000","41,200","46,750","34,150","34,150","135,850","140,000","131,650","19,450","19,900","19,050","20,700","20,000","21,150","20,900","27,850","27,850"
2025-08-25,"47,300","47,300","46,650","46,650","16,300","14,850","14,050","16,600","15,750","19,300","17,500","46,050","48,450","43,600","42,750","42,100","43,450","34,500","34,500","135,850","140,000","131,650","19,450","19,900","19,050","20,700","20,000","21,150","20,900","27,850","27,850"
2025-08-26,"47,300","47,300","46,650","46,650","16,300","14,850","14,050","16,600","15,750","19,300","17,500","46,050","48,450","43,600","42,750","42,100","43,450","34,800","34,800","135,850","140,000","131,650","19,450","19,900","19,050","20,700","20,000","21,150","20,900","27,850","27,850"
2025-08-27,"47,300","47,300","45,850","45,850","16,300","14,850","14,050","16,600","15,750","19,300","17,500","45,300","47,700","42,900","43,600","42,100","45,100","35,250","35,250","135,850","140,000","131,650","19,450","19,900","19,050","20,700","20,000","21,150","20,900","27,850","27,850"
2025-08-28,"47,300","47,300","45,850","45,850","16,300","14,850","14,050","16,600","15,750","19,300","17,500","45,300","47,700","42,900","43,600","42,100","45,100","35,250","35,250","135,850","140,000","131,650","19,450","19,900","19,050","20,700","20,000","21,150","20,900","27,700","27,700"
2025-08-29,"47,300","47,300","45,850","45,850","16,300","14,850","14,050","16,600","15,750","19,300","17,500","45,300","47,700","42,900","43,600","42,100","45,100","35,250","35,250","135,850","140,000","131,650","19,450","19,900","19,050","20,700","20,000","21,150","20,900","27,700","27,700"
2025-09-01,"45,650","45,650","45,850","45,850","16,300","14,850","14,050","16,600","15,700","19,300","17,500","48,150","48,450","47,850","42,750","41,250","44,250","37,500","37,500","135,850","140,000","131,650","19,450","19,900","19,050","20,750","20,200","21,150","20,900","27,600","27,600"
2025-09-02,"44,800","44,800","45,850","45,850","16,300","14,850","14,050","16,600","15,700","19,300","17,500","48,950","48,450","49,500","43,600","41,250","45,950","38,350","38,350","135,400","139,150","131,650","19,300","19,700","18,900","20,750","20,200","21,150","20,900","27,500","27,500"
2025-09-03,"44,800","44,800","45,850","45,850","16,300","14,850","14,050","16,600","15,700","19,300","17,500","50,200","50,100","50,350","44,000","41,250","46,750","38,500","38,500","135,400","139,150","131,650","19,300","19,700","18,900","20,750","20,200","21,150","20,900","27,500","27,500"
2025-09-04,"44,800","44,800","45,850","45,850","16,300","14,850","14,050","16,600","15,700","19,300","17,500","50,200","50,100","50,350","44,000","41,250","46,750","38,500","38,500","135,400","139,150","131,650","19,300","19,700","18,900","20,750","20,200","21,150","20,900","27,500","27,500"
2025-09-05,"44,800","44,800","45,850","45,850","16,300","14,850","14,050","16,600","15,700","19,300","17,500","50,200","50,100","50,350","44,000","41,250","46,750","38,500","38,500","135,400","139,150","131,650","19,300","19,700","18,900","20,750","20,200","21,150","20,900","27,500","27,500"
2025-09-08,"43,250","43,250","45,000","45,000","16,300","14,850","14,050","16,600","15,700","19,300","17,500","50,300","49,400","51,250","43,200","41,250","45,100","39,700","39,700","135,400","139,150","131,650","19,300","19,700","18,900","20,750","20,200","21,150","20,900","28,450","28,450"
2025-09-09,"43,250","43,250","45,000","45,000","16,300","14,850","14,050","16,600","15,700","19,300","17,500","50,300","50,200","50,400","43,600","41,250","45,950","39,700","39,700","135,400","139,150","131,650","19,300","19,700","18,900","20,750","20,200","21,150","20,900","28,600","28,600"
2025-09-10,"41,650","41,650","45,000","45,000","16,300","14,850","14,050","16,600","15,700","19,300","17,500","52,900","52,850","52,900","46,950","42,900","50,950","40,350","40,350","135,400","139,150","131,650","19,300","19,700","18,900","20,750","20,200","21,150","20,900","28,600","28,600"
2025-09-11,"41,650","41,650","45,000","45,000","16,300","14,850","14,050","16,600","15,700","19,300","17,500","52,900","52,850","52,900","46,950","42,900","50,950","40,700","40,700","135,400","139,150","131,650","19,300","19,700","18,900","20,750","20,200","21,150","20,900","28,600","28,600"
2025-09-12,"41,650","41,650","45,000","45,000","16,300","14,850","14,050","16,600","15,700","19,300","17,500","53,300","53,700","52,900","46,950","42,900","50,950","41,350","41,350","135,400","139,150","131,650","19,300","19,700","18,900","20,750","20,200","21,150","20,900","28,600","28,600"
2025-09-15,"41,650","41,650","45,000","45,000","16,300","14,850","14,050","16,600","15,700","19,300","17,500","62,850","62,100","63,650","46,150","43,700","48,550","42,200","42,200","135,400","139,150","131,650","19,300","19,700","18,900","20,750","20,200","21,150","20,900","28,700","28,700"
2025-09-16,"41,650","41,650","45,000","45,000","16,300","14,850","14,050","16,600","15,700","19,300","17,500","63,700","62,100","65,300","46,150","43,700","48,550","42,200","42,200","135,400","139,150","131,650","19,300","19,700","18,900","20,750","20,200","21,150","20,900","28,850","28,850"
2025-09-17,"41,650","41,650","45,000","45,000","16,300","14,850","14,050","16,600","15,700","19,300","17,500","71,300","68,200","74,400","46,150","43,700","48,550","42,200","42,200","135,400","139,150","131,650","19,300","19,700","18,900","20,750","20,200","21,150","20,900","28,850","28,850"
2025-09-18,"41,650","41,650","45,000","45,000","16,300","14,850","14,050","16,600","15,700","19,300","17,500","71,300","68,200","74,400","46,150","43,700","48,550","42,200","42,200","135,400","139,150","131,650","19,300","19,700","18,900","20,750","20,200","21,150","20,900","28,850","28,850"
2025-09-19,"41,650","41,650","45,000","45,000","16,300","14,850","14,050","16,600","15,700","19,300","17,500","71,850","70,950","72,700","47,050","43,700","50,400","42,700","42,700","135,400","139,150","131,650","19,300","19,700","18,900","20,750","20,200","21,150","20,900","29,100","29,100"
2025-09-22,"40,200","40,200","43,350","43,350","16,350","14,850","14,050","16,600","15,700","19,450","17,500","68,350","64,000","72,700","44,950","41,250","48,650","42,550","42,550","135,400","139,150","131,650","19,300","19,700","18,900","20,800","20,200","21,300","20,900","29,100","29,100"
2025-09-23,"40,200","40,200","43,350","43,350","16,350","14,850","14,050","16,600","15,700","19,450","17,500","69,200","65,700","72,700","44,950","41,250","48,650","42,550","42,550","135,400","139,150","131,650","19,300","19,700","18,900","20,800","20,200","21,300","20,900","29,100","29,100"
2025-09-24,"40,200","40,200","44,150","44,150","16,350","14,850","14,050","16,600","15,700","19,450","17,500","70,350","68,000","72,700","44,900","42,050","47,700","42,700","42,700","135,400","139,150","131,650","19,300","19,700","18,900","20,800","20,200","21,300","20,900","29,100","29,100"
2025-09-25,"40,200","40,200","44,150","44,150","16,350","14,850","14,050","16,600","15,700","19,450","17,500","72,000","71,250","72,700","44,900","42,050","47,700","42,700","42,700","135,400","139,150","131,650","19,300","19,700","18,900","20,800","20,200","21,300","20,900","29,100","29,100"
2025-09-26,"40,200","40,200","44,150","44,150","16,350","14,850","14,050","16,600","15,700","19,450","17,500","72,400","71,250","73,550","44,900","42,050","47,700","42,550","42,550","135,400","139,150","131,650","19,300","19,700","18,900","20,800","20,200","21,300","20,900","29,250","29,250"
2025-09-29,"40,200","40,200","44,150","44,150","16,350","14,850","14,050","16,600","15,700","19,450","17,500","66,400","66,000","66,750","44,900","39,550","50,200","41,350","41,350","135,400","139,150","131,650","19,300","19,700","18,900","20,800","20,200","21,300","20,900","29,250","29,250"
2025-09-30,"40,200","40,200","44,150","44,150","16,350","14,850","14,050","16,600","15,700","19,450","17,500","65,550","66,000","65,100","44,900","39,550","50,200","40,500","40,500","135,400","139,150","131,650","19,300","19,700","18,900","20,800","20,200","21,300","20,900","29,250","29,250"
2025-10-01,"40,200","40,200","44,150","44,150","16,350","14,850","14,050","16,600","15,700","19,450","17,500","65,550","66,000","65,100","44,900","39,550","50,200","40,350","40,350","135,400","139,150","131,650","19,300","19,700","18,900","20,800","20,200","21,300","20,900","29,250","29,250"
2025-10-02,"40,200","40,200","44,150","44,150","16,350","14,850","14,050","16,600","15,700","19,450","17,500","63,050","64,300","61,750","44,900","39,550","50,200","40,350","40,350","135,400","139,150","131,650","19,300","19,700","18,900","20,800","20,200","21,300","20,900","29,250","29,250"
2025-10-03,"40,200","40,200","44,150","44,150","16,350","14,850","14,050","16,600","15,700","19,450","17,500","62,700","63,550","61,750","44,900","39,550","50,200","40,200","40,200","135,400","139,150","131,650","19,300","19,700","18,900","20,800","20,200","21,300","20,900","29,250","29,250"
2025-10-06,"47,300","47,300","44,150","44,150","16,300","14,750","13,900","16,600","15,600","19,450","17,500","66,800","66,050","67,500","45,450","38,800","52,100","39,500","39,500","135,400","139,150","131,650","19,300","19,700","18,900","20,800","20,200","21,300","20,900","30,150","30,150"
2025-10-07,"47,300","47,300","44,150","44,150","16,300","14,750","13,900","16,600","15,600","19,450","17,500","66,800","66,050","67,500","45,450","38,800","52,100","39,500","39,500","135,400","139,150","131,650","19,300","19,700","18,900","20,800","20,200","21,300","20,900","30,150","30,150"
2025-10-08,"47,300","47,300","44,150","44,150","16,300","14,750","13,900","16,600","15,600","19,450","17,500","66,800","66,050","67,500","45,450","38,800","52,100","39,500","39,500","135,400","139,150","131,650","19,300","19,700","18,900","20,800","20,200","21,300","20,900","30,150","30,150"
2025-10-09,"51,450","51,450","44,150","44,150","16,300","14,750","13,900","16,600","15,600","19,450","17,500","67,600","66,050","69,150","45,050","38,800","51,250","39,500","39,500","135,400","139,150","131,650","19,300","19,700","18,900","20,800","20,200","21,300","20,900","30,850","30,850"
2025-10-10,"51,450","51,450","44,150","44,150","16,300","14,750","13,900","16,600","15,600","19,450","17,500","67,600","66,050","69,150","45,050","38,800","51,250","39,500","39,500","135,400","139,150","131,650","19,300","19,700","18,900","20,800","20,200","21,300","20,900","30,850","30,850"
2025-10-13,"48,250","48,250","43,350","43,350","16,300","14,750","13,900","16,600","15,600","19,450","17,500","68,650","69,650","67,600","44,100","38,800","49,400","40,850","40,850","135,400","139,150","131,650","19,300","19,700","18,900","20,800","20,200","21,300","20,900","31,350","31,350"
2025-10-14,"48,250","48,250","43,350","43,350","16,300","14,750","13,900","16,600","15,600","19,450","17,500","68,650","69,650","67,600","44,100","38,800","49,400","41,350","41,350","135,400","139,150","131,650","19,300","19,700","18,900","20,800","20,200","21,300","20,900","31,350","31,350"
2025-10-15,"48,250","48,250","43,350","43,350","16,300","14,750","13,900","16,600","15,600","19,450","17,500","68,650","69,650","67,600","44,100","38,800","49,400","41,350","41,350","135,400","139,150","131,650","19,300","19,700","18,900","20,800","20,200","21,300","20,900","31,350","31,350"
2025-10-16,"48,250","48,250","43,350","43,350","16,300","14,750","13,900","16,600","15,600","19,450","17,500","68,650","69,650","67,600","44,100","38,800","49,400","41,350","41,350","135,400","139,150","131,650","19,200","19,550","18,900","20,800","20,200","21,300","20,900","31,350","31,350"
2025-10-17,"48,250","48,250","43,350","43,350","16,300","14,750","13,900","16,600","15,600","19,450","17,500","65,650","66,200","65,100","42,850","38,000","47,700","41,350","41,350","135,400","139,150","131,650","19,200","19,550","18,900","20,800","20,200","21,300","20,900","31,350","31,350"
2025-10-20,"47,400","47,400","43,350","43,350","16,300","14,750","13,900","16,600","15,600","19,450","17,500","63,950","66,200","61,650","41,600","37,150","46,050","41,350","41,350","135,400","139,150","131,650","19,150","19,550","18,700","20,800","20,200","21,300","20,900","31,400","31,400"
2025-10-21,"47,400","47,400","43,350","43,350","16,300","14,750","13,900","16,600","15,600","19,450","17,500","63,950","66,200","61,650","41,600","37,150","46,050","41,350","41,350","135,400","139,150","131,650","19,150","19,550","18,700","20,800","20,200","21,300","20,900","31,400","31,400"
2025-10-22,"43,450","43,450","43,350","43,350","16,300","14,750","13,900","16,600","15,600","19,450","17,500","63,950","66,200","61,650","41,600","37,150","46,050","41,350","41,350","135,400","139,150","131,650","19,150","19,550","18,700","20,800","20,200","21,300","20,900","31,400","31,400"
2025-10-23,"43,450","43,450","43,350","43,350","16,300","14,750","13,900","16,600","15,600","19,450","17,500","63,950","66,200","61,650","42,550","37,150","47,900","41,200","41,200","135,400","139,150","131,650","19,150","19,550","18,700","20,800","20,200","21,300","20,900","31,400","31,400"
2025-10-24,"42,600","42,600","43,350","43,350","16,300","14,750","13,900","16,600","15,600","19,300","17,500","63,950","66,200","61,650","42,100","36,300","47,900","41,000","41,000","135,400","139,150","131,650","19,150","19,550","18,700","20,800","20,200","21,300","20,900","31,400","31,400"
2025-10-27,"43,350","43,350","43,350","43,350","16,300","14,750","13,900","16,600","15,600","19,300","17,500","65,600","64,400","66,750","41,100","36,300","45,950","40,700","40,700","135,400","139,150","131,650","19,150","19,550","18,700","20,800","20,200","21,300","20,900","31,250","31,250"
2025-10-28,"43,350","43,350","43,350","43,350","16,300","14,750","13,900","16,600","15,600","19,300","17,500","65,600","64,400","66,750","41,100","36,300","45,950","40,200","40,200","135,400","139,150","131,650","19,050","19,400","18,700","20,800","20,200","21,300","20,900","30,900","30,900"
2025-10-29,"43,350","43,350","43,350","43,350","16,300","14,750","13,900","16,600","15,600","19,300","17,500","65,600","64,400","66,750","41,100","36,300","45,950","40,000","40,000","135,400","139,150","131,650","19,050","19,400","18,700","20,800","20,200","21,300","20,900","30,900","30,900"
2025-10-30,"43,350","43,350","42,500","42,500","16,300","14,750","13,900","16,600","15,600","19,300","17,500","64,750","63,550","65,950","40,250","35,450","45,000","39,850","39,850","135,400","139,150","131,650","19,050","19,400","18,700","20,800","20,200","21,300","20,900","30,900","30,900"
2025-10-31,"44,150","44,150","42,500","42,500","16,300","14,750","13,900","16,600","15,600","19,300","17,500","65,200","64,400","65,950","40,250","35,450","45,000","39,200","39,200","135,400","139,150","131,650","19,050","19,400","18,700","20,800","20,200","21,300","20,900","30,750","30,750"
2025-11-03,"45,000","45,000","43,350","43,350","16,300","14,750","13,900","16,600","15,600","19,300","17,500","70,800","72,150","69,400","37,300","33,800","40,850","38,200","38,200","135,400","139,150","131,650","19,050","19,400","18,700","20,800","20,200","21,300","20,900","30,500","30,500"
2025-11-04,"45,000","45,000","43,350","43,350","16,300","14,750","13,900","16,600","15,600","19,300","17,500","71,200","73,000","69,400","37,300","33,800","40,850","38,200","38,200","135,400","139,150","131,650","19,050","19,400","18,700","20,800","20,200","21,300","20,900","30,500","30,500"
2025-11-05,"45,000","45,000","43,350","43,350","16,300","14,750","13,900","16,600","15,600","19,300","17,500","71,200","73,000","69,400","37,300","33,800","40,850","38,200","38,200","135,400","139,150","131,650","19,050","19,400","18,700","20,800","20,200","21,300","20,900","30,500","30,500"
2025-11-06,"45,000","45,000","42,500","42,500","16,300","14,750","13,900","16,600","15,600","19,300","17,500","72,050","73,000","71,050","37,750","34,650","40,850","38,350","38,350","135,400","139,150","131,650","19,050","19,400","18,700","20,800","20,200","21,300","20,900","30,350","30,350"
2025-11-07,"45,750","45,750","43,350","43,350","16,300","14,750","13,900","16,600","15,600","19,300","17,500","78,600","88,700","68,450","38,700","35,450","41,900","38,000","38,000","135,400","139,150","131,650","19,050","19,400","18,700","20,800","20,200","21,300","20,900","30,350","30,350"
2025-11-10,"44,900","44,900","43,350","43,350","16,300","14,750","13,900","16,600","15,600","19,300","17,500","80,350","92,150","68,550","40,250","38,800","41,650","36,850","36,850","135,400","139,150","131,650","19,050","19,400","18,700","20,800","20,200","21,300","20,900","30,000","30,000"
2025-11-11,"44,900","44,900","43,350","43,350","16,300","14,750","13,900","16,600","15,600","19,300","17,500","80,350","92,150","68,550","40,250","38,800","41,650","36,850","36,850","135,400","139,150","131,650","19,050","19,400","18,700","20,800","20,200","21,300","20,900","30,000","30,000"
2025-11-12,"44,900","44,900","43,350","43,350","16,300","14,750","13,900","16,600","15,600","19,300","17,500","80,350","92,150","68,550","40,250","38,800","41,650","36,850","36,850","135,400","139,150","131,650","19,050","19,400","18,700","20,800","20,200","21,300","20,900","29,850","29,850"
2025-11-13,"44,900","44,900","43,350","43,350","16,300","14,750","13,900","16,600","15,600","19,300","17,500","77,650","89,350","65,950","40,250","37,950","42,500","37,000","37,000","135,400","139,150","131,650","19,050","19,400","18,700","20,800","20,200","21,300","20,900","29,850","29,850"
2025-11-14,"44,900","44,900","43,350","43,350","16,300","14,750","13,900","16,600","15,600","19,300","17,500","77,650","89,350","65,950","40,250","37,950","42,500","37,350","37,350","135,400","139,150","131,650","19,050","19,400","18,700","20,800","20,200","21,300","20,900","29,850","29,850"
2025-11-17,"44,900","44,900","43,350","43,350","16,300","14,750","13,900","16,600","15,600","19,300","17,500","79,400","89,350","69,400","44,000","40,450","47,500","38,500","38,500","135,400","139,150","131,650","19,050","19,400","18,700","20,850","20,350","21,300","20,900","29,850","29,850"
2025-11-18,"44,050","44,050","43,350","43,350","16,300","14,750","13,900","16,600","15,600","19,300","17,500","77,400","85,400","69,400","51,150","43,700","58,550","38,700","38,700","135,400","139,150","131,650","19,050","19,400","18,700","20,850","20,350","21,300","20,900","29,850","29,850"
2025-11-19,"44,050","44,050","43,350","43,350","16,300","14,750","13,900","16,600","15,600","19,300","17,500","77,400","85,400","69,400","52,500","43,700","61,250","38,700","38,700","135,400","139,150","131,650","19,050","19,400","18,700","20,850","20,350","21,300","20,900","29,850","29,850"
2025-11-20,"44,050","44,050","43,350","43,350","16,300","14,750","13,900","16,600","15,600","19,300","17,500","77,400","85,400","69,400","52,500","43,700","61,250","38,850","38,850","135,400","139,150","131,650","19,050","19,400","18,700","20,850","20,350","21,300","20,900","29,850","29,850"
2025-11-21,"44,050","44,050","43,350","43,350","16,300","14,750","13,900","16,600","15,600","19,300","17,500","77,400","85,400","69,400","52,500","43,700","61,250","38,850","38,850","135,400","139,150","131,650","19,050","19,400","18,700","20,850","20,350","21,300","20,900","30,000","30,000"
2025-11-24,"47,300","47,300","43,350","43,350","16,300","14,750","13,900","16,600","15,600","19,450","17,500","75,600","80,300","70,850","57,000","51,100","62,900","39,350","39,350","135,400","139,150","131,650","19,050","19,400","18,700","20,900","20,350","21,300","21,050","30,000","30,000"
2025-11-25,"47,300","47,300","43,350","43,350","16,300","14,750","13,900","16,600","15,600","19,450","17,500","75,150","78,650","71,650","57,000","51,100","62,900","39,350","39,350","135,400","139,150","131,650","19,050","19,400","18,700","20,900","20,350","21,300","21,050","30,000","30,000"
2025-11-26,"47,300","47,300","43,350","43,350","16,300","14,750","13,900","16,600","15,600","19,450","17,500","75,150","78,650","71,650","56,200","50,300","62,100","39,500","39,500","135,400","139,150","131,650","19,050","19,400","18,700","20,900","20,350","21,300","21,050","30,000","30,000"
2025-11-27,"47,300","47,300","43,350","43,350","16,300","14,750","13,900","16,600","15,600","19,450","17,500","73,050","78,650","67,400","54,950","50,300","59,600","39,700","39,700","135,400","139,150","131,650","19,050","19,400","18,700","20,900","20,350","21,300","21,050","30,000","30,000"
2025-11-28,"48,150","48,150","43,350","43,350","16,300","14,750","13,900","16,600","15,600","19,450","17,500","71,800","77,800","65,700","55,350","50,300","60,400","39,700","39,700","135,400","139,150","131,650","19,050","19,400","18,700","20,900","20,350","21,300","21,050","30,000","30,000"
2025-12-01,"48,950","48,950","44,150","44,150","16,300","14,750","13,900","16,600","15,600","19,450","17,500","73,450","77,000","69,900","68,050","60,300","75,850","40,000","40,000","135,400","139,150","131,650","19,050","19,400","18,700","20,900","20,350","21,300","21,050","30,000","30,000"
2025-12-02,"48,950","48,950","44,150","44,150","16,300","14,750","13,900","16,600","15,600","19,550","17,500","75,950","77,000","74,900","73,900","63,600","84,150","40,700","40,700","136,650","140,850","132,500","19,050","19,400","18,700","20,900","20,350","21,300","21,050","29,850","29,850"
2025-12-03,"48,950","48,950","44,150","44,150","16,300","14,750","13,900","16,600","15,600","19,550","17,500","71,500","72,850","70,100","79,050","66,850","91,250","40,850","40,850","136,650","140,850","132,500","19,050","19,400","18,700","20,900","20,350","21,300","21,050","29,850","29,850"
2025-12-04,"48,150","48,150","44,150","44,150","16,300","14,750","13,900","16,600","15,600","19,550","17,500","69,850","72,850","66,750","83,200","70,200","96,250","41,200","41,200","136,650","140,850","132,500","19,050","19,400","18,700","20,900","20,350","21,300","21,050","29,850","29,850"
2025-12-05,"48,950","48,950","44,150","44,150","16,300","14,750","13,900","16,600","15,600","19,550","17,500","69,850","72,850","66,750","83,200","70,200","96,250","41,350","41,350","136,650","140,850","132,500","19,050","19,400","18,700","20,900","20,350","21,300","21,050","29,850","29,850"
2025-12-08,"58,500","58,500","44,150","44,150","16,300","14,750","13,900","16,600","15,600","19,550","17,500","69,850","71,200","68,450","86,250","68,500","103,950","42,550","42,550","136,650","140,850","132,500","19,050","19,400","18,700","20,900","20,350","21,300","21,050","30,650","30,650"
2025-12-09,"58,500","58,500","44,150","44,150","16,300","14,750","13,900","16,600","15,600","19,550","17,500","69,850","71,200","68,450","86,250","68,500","103,950","42,850","42,850","136,650","140,850","132,500","19,050","19,400","18,700","20,900","20,350","21,300","21,050","30,650","30,650"
2025-12-10,"59,350","59,350","44,150","44,150","16,300","14,750","13,900","16,600","15,600","19,550","17,500","69,850","71,200","68,450","87,100","68,500","105,650","42,850","42,850","136,650","140,850","132,500","19,050","19,400","18,700","20,900","20,350","21,300","21,050","30,850","30,850"
2025-12-11,"59,350","59,350","44,150","44,150","16,300","14,750","13,900","16,600","15,600","19,550","17,500","69,850","71,200","68,450","87,100","68,500","105,650","42,850","42,850","136,650","140,850","132,500","19,050","19,400","18,700","20,900","20,350","21,300","21,050","31,000","31,000"
2025-12-12,"59,350","59,350","44,150","44,150","16,300","14,750","13,900","16,600","15,600","19,550","17,500","69,850","71,200","68,450","87,100","68,500","105,650","43,850","43,850","136,650","140,850","132,500","19,050","19,400","18,700","20,900","20,350","21,300","21,050","31,000","31,000"
2025-12-15,"53,700","53,700","44,150","44,150","16,300","14,750","13,900","16,600","15,600","19,550","17,500","69,050","68,700","69,350","87,500","72,700","102,300","44,550","44,550","136,650","140,850","132,500","19,050","19,400","18,700","20,900","20,350","21,300","21,050","31,650","31,650"
2025-12-16,"51,200","51,200","44,150","44,150","16,300","14,750","13,900","16,600","15,600","19,550","17,500","68,200","68,700","67,650","87,100","72,700","101,450","44,700","44,700","137,500","141,650","133,350","19,050","19,400","18,700","20,900","20,350","21,300","21,050","31,650","31,650"
2025-12-17,"51,200","51,200","44,150","44,150","16,300","14,750","13,900","16,600","15,600","19,550","17,500","63,900","66,050","61,700","82,100","72,700","91,450","44,700","44,700","137,500","141,650","133,350","19,050","19,400","18,700","20,900","20,350","21,300","21,050","31,650","31,650"
2025-12-18,"51,200","51,200","44,150","44,150","16,300","14,750","13,900","16,600","15,600","19,550","17,500","62,700","63,650","61,700","79,350","72,700","86,050","44,700","44,700","137,500","141,650","133,350","19,050","19,400","18,700","20,900","20,350","21,300","21,050","31,650","31,650"
2025-12-19,"49,700","49,700","44,150","44,150","16,300","14,750","13,900","16,600","15,600","19,550","17,500","62,700","63,650","61,700","78,950","72,700","85,200","44,700","44,700","137,500","141,650","133,350","19,050","19,400","18,700","20,900","20,350","21,300","21,050","31,650","31,650"
2025-12-22,"48,150","48,150","44,150","44,150","16,300","14,750","13,900","16,600","15,600","19,550","17,500","55,500","59,250","51,750","76,050","71,000","81,050","44,700","44,700","137,500","141,650","133,350","19,050","19,400","18,700","20,900","20,350","21,300","21,050","31,850","31,850"
2025-12-23,"48,150","48,150","44,150","44,150","16,300","14,750","13,900","16,600","15,600","19,550","17,500","55,500","59,250","51,750","74,400","69,450","79,400","44,700","44,700","137,500","141,650","133,350","19,050","19,400","18,700","20,900","20,350","21,300","21,050","31,850","31,850"
2025-12-24,"48,150","48,150","44,150","44,150","16,300","14,750","13,900","16,600","15,600","19,550","17,500","55,000","58,300","51,750","74,850","69,450","80,200","44,850","44,850","137,500","141,650","133,350","19,050","19,400","18,700","20,900","20,350","21,300","21,050","31,850","31,850"
2025-12-25,"48,150","48,150","44,150","44,150","16,300","14,750","13,900","16,600","15,600","19,550","17,500","55,000","58,300","51,750","74,850","69,450","80,200","44,850","44,850","137,500","141,650","133,350","19,050","19,400","18,700","20,900","20,350","21,300","21,050","31,850","31,850"
2025-12-26,"48,150","48,150","44,150","44,150","16,300","14,750","13,900","16,600","15,600","19,550","17,500","55,000","58,300","51,750","74,850","69,450","80,200","44,850","44,850","137,500","141,650","133,350","19,050","19,400","18,700","20,900","20,350","21,300","21,050","31,850","31,850"
2025-12-29,"46,550","46,550","45,000","45,000","16,300","14,750","13,900","16,600","15,600","19,550","17,500","51,250","51,600","50,900","74,850","74,450","75,200","44,200","44,200","137,500","141,650","133,350","19,050","19,400","18,700","20,900","20,350","21,300","21,050","31,650","31,650"
2025-12-30,"46,550","46,550","45,000","45,000","16,300","14,750","13,900","16,600","15,600","19,550","17,500","49,350","50,100","48,600","73,700","77,600","69,800","44,200","44,200","137,500","141,650","133,350","19,050","19,400","18,700","20,900","20,350","21,300","21,050","31,500","31,500"
2025-12-31,"45,750","45,750","45,000","45,000","16,300","14,750","13,900","16,600","15,600","19,550","17,500","48,900","50,100","47,700","65,250","67,600","62,900","44,050","44,050","137,500","141,650","133,350","19,050","19,400","18,700","20,900","20,350","21,300","21,050","31,500","31,500"
2026-01-01,"45,750","45,750","45,000","45,000","16,300","14,750","13,900","16,600","15,600","19,550","17,500","48,900","50,100","47,700","65,250","67,600","62,900","44,050","44,050","137,500","141,650","133,350","19,050","19,400","18,700","20,900","20,350","21,300","21,050","31,500","31,500"
2026-01-02,"46,550","46,550","45,000","45,000","16,300","14,750","13,900","16,600","15,600","19,550","17,500","48,950","49,250","48,600","76,100","82,600","69,600","42,200","42,200","137,500","141,650","133,350","19,050","19,400","18,700","20,900","20,350","21,300","21,050","31,500","31,500"
2026-01-05,"45,750","45,750","45,000","45,000","16,300","14,750","13,900","16,600","15,600","19,550","17,500","46,850","47,600","46,100","72,750","82,600","62,900","42,050","42,050","137,500","141,650","133,350","19,050","19,400","18,700","20,900","20,350","21,300","21,050","31,500","31,500"
2026-01-06,"45,750","45,750","45,000","45,000","16,300","14,750","13,900","16,600","15,600","19,550","17,500","46,050","45,950","46,100","72,350","82,600","62,100","41,700","41,700","137,500","141,650","133,350","19,050","19,400","18,700","20,900","20,350","21,300","21,050","30,500","30,500"
2026-01-07,"45,750","45,750","45,000","45,000","16,300","14,750","13,900","16,600","15,600","19,550","17,500","46,050","45,950","46,100","71,950","81,750","62,100","41,550","41,550","137,500","141,650","133,350","19,050","19,400","18,700","20,900","20,350","21,300","21,050","30,350","30,350"
2026-01-08,"45,750","45,750","45,000","45,000","16,300","14,750","13,900","16,600","15,600","19,550","17,500","46,050","45,950","46,100","69,450","80,100","58,750","41,050","41,050","137,500","141,650","133,350","19,050","19,400","18,700","20,900","20,350","21,300","21,050","30,350","30,350"
2026-01-09,"45,750","45,750","45,000","45,000","16,300","14,750","13,900","16,600","15,600","19,550","17,500","46,050","45,950","46,100","68,200","77,700","58,750","40,950","40,950","137,500","141,650","133,350","19,050","19,400","18,700","20,900","20,350","21,300","21,050","30,350","30,350"
2026-01-12,"45,000","45,000","45,000","45,000","16,300","14,750","13,900","16,600","15,600","19,550","17,500","46,050","46,750","45,300","61,550","68,500","54,600","39,700","39,700","137,500","141,650","133,350","19,050","19,400","18,700","20,900","20,350","21,300","21,050","29,950","29,950"
2026-01-13,"45,000","45,000","45,000","45,000","16,300","14,750","13,900","16,600","15,600","19,550","17,500","43,750","44,450","43,000","60,700","66,850","54,600","39,700","39,700","137,500","141,650","133,350","19,050","19,400","18,700","20,900","20,350","21,300","21,050","29,950","29,950"
2026-01-14,"45,000","45,000","45,000","45,000","16,500","14,750","13,900","16,600","15,600","20,600","17,500","43,750","44,450","43,000","59,900","66,850","52,900","39,350","39,350","137,500","141,650","133,350","19,050","19,400","18,700","20,900","20,350","21,300","21,050","29,950","29,950"
2026-01-15,"44,250","44,250","44,150","44,150","16,500","14,750","13,900","16,600","15,600","20,600","17,500","41,550","42,650","40,400","57,700","65,200","50,200","39,550","39,550","137,500","141,650","133,350","19,050","19,400","18,700","20,900","20,350","21,300","21,050","29,950","29,950"
2026-01-16,"44,250","44,250","44,150","44,150","16,500","14,750","13,900","16,600","15,600","20,600","17,500","41,550","42,650","40,400","57,700","65,200","50,200","39,550","39,550","137,500","141,650","133,350","19,050","19,400","18,700","20,900","20,350","21,300","21,050","29,950","29,950"
2026-01-19,"43,450","43,450","44,150","44,150","16,500","14,750","13,900","16,600","15,600","20,600","17,500","41,450","41,750","41,150","59,100","58,600","59,600","38,850","38,850","137,500","141,650","133,350","19,050","19,400","18,700","20,900","20,350","21,300","21,050","29,700","29,700"
2026-01-20,"43,450","43,450","44,150","44,150","16,500","14,750","13,900","16,600","15,600","20,600","17,500","41,450","41,750","41,150","59,100","58,600","59,600","39,050","39,050","137,500","141,650","133,350","19,050","19,400","18,700","20,900","20,350","21,300","21,050","29,700","29,700"
2026-01-21,"46,650","46,650","44,150","44,150","16,500","14,750","13,900","16,600","15,600","20,600","17,500","41,050","41,750","40,300","58,250","56,950","59,600","39,050","39,050","137,500","141,650","133,350","19,050","19,400","18,700","20,900","20,350","21,300","21,050","29,700","29,700"
2026-01-22,"46,650","46,650","44,150","44,150","16,500","14,750","13,900","16,600","15,600","20,600","17,500","41,050","41,750","40,300","58,250","56,950","59,600","39,350","39,350","137,500","141,650","133,350","19,050","19,400","18,700","20,900","20,350","21,300","21,050","29,500","29,500"
2026-01-23,"46,650","46,650","44,150","44,150","16,500","14,750","13,900","16,600","15,600","20,600","17,500","41,850","43,400","40,300","59,950","56,950","62,900","39,350","39,350","140,850","145,000","136,650","19,050","19,400","18,700","20,900","20,350","21,300","21,050","29,500","29,500"
2026-01-26,"45,850","45,850","44,150","44,150","16,500","14,750","13,900","16,600","15,600","20,750","17,500","41,050","43,400","38,650","57,450","55,300","59,600","40,200","40,200","144,250","148,400","140,050","19,050","19,400","18,700","20,900","20,350","21,300","21,050","29,200","29,200"
2026-01-27,"45,850","45,850","44,150","44,150","16,500","14,750","13,900","16,600","15,600","20,750","17,500","41,050","43,400","38,650","57,450","55,300","59,600","40,350","40,350","144,250","148,400","140,050","19,050","19,400","18,700","20,900","20,350","21,300","21,050","29,200","29,200"
2026-01-28,"46,550","46,550","43,350","43,350","16,500","14,750","13,900","16,600","15,600","20,750","17,500","41,800","43,400","40,200","58,250","55,300","61,250","40,350","40,350","144,250","148,400","140,050","19,050","19,400","18,700","20,900","20,350","21,300","21,050","29,200","29,200"
2026-01-29,"47,300","47,300","43,350","43,350","16,500","14,750","13,900","16,600","15,600","20,750","17,500","42,300","44,350","40,200","61,600","57,800","65,400","40,350","40,350","144,250","148,400","140,050","19,050","19,400","18,700","20,900","20,350","21,300","21,050","29,200","29,200"
2026-01-30,"47,300","47,300","43,350","43,350","16,500","14,750","13,900","16,600","15,600","20,750","17,500","42,300","44,350","40,200","61,600","57,800","65,400","40,350","40,350","144,250","148,400","140,050","19,150","19,550","18,700","20,900","20,350","21,300","21,050","29,200","29,200"
2026-02-02,"47,400","47,400","43,350","43,350","16,500","14,750","13,900","16,600","15,600","20,750","17,500","40,650","41,050","40,200","67,900","61,850","73,950","39,850","39,850","144,250","148,400","140,050","19,200","19,700","18,700","20,900","20,350","21,300","21,050","28,850","28,850"
2026-02-03,"47,400","47,400","43,350","43,350","16,500","14,750","13,900","16,600","15,600","20,750","17,500","41,000","41,750","40,200","71,350","62,700","80,000","39,500","39,500","144,250","148,400","140,050","19,200","19,700","18,700","20,900","20,350","21,300","21,050","28,850","28,850"
2026-02-04,"48,250","48,250","43,350","43,350","16,500","14,750","13,900","16,600","15,600","20,750","17,500","41,000","41,750","40,200","74,250","62,700","85,850","39,350","39,350","144,250","148,400","140,050","19,200","19,700","18,700","20,900","20,350","21,300","21,050","28,700","28,700"
2026-02-05,"48,250","48,250","43,350","43,350","16,500","14,750","13,900","16,600","15,600","20,750","17,500","41,450","41,750","41,100","76,850","61,000","92,700","39,350","39,350","144,250","148,400","140,050","19,200","19,700","18,700","20,900","20,350","21,300","21,050","28,850","28,850"
2026-02-06,"48,250","48,250","43,350","43,350","16,500","14,750","13,900","16,600","15,600","20,750","17,500","41,450","41,750","41,100","78,650","61,000","96,250","39,500","39,500","144,250","148,400","140,050","19,200","19,700","18,700","20,900","20,350","21,300","21,050","28,850","28,850"
2026-02-09,"49,050","49,050","44,150","44,150","16,550","14,750","13,950","16,600","15,600","20,850","17,500","44,400","43,450","45,350","79,450","62,700","96,250","40,850","40,850","144,250","148,400","140,050","19,200","19,700","18,700","20,900","20,350","21,300","21,050","30,650","30,650"
2026-02-10,"49,050","49,050","44,150","44,150","16,550","14,750","13,950","16,600","15,600","20,850","17,500","44,400","43,450","45,350","79,450","62,700","96,250","41,350","41,350","144,250","148,400","140,050","19,200","19,700","18,700","20,900","20,350","21,300","21,050","31,150","31,150"
2026-02-11,"49,050","49,050","44,150","44,150","16,550","14,750","13,950","16,600","15,600","20,850","17,500","46,100","43,450","48,800","79,450","62,700","96,250","42,700","42,700","144,250","148,400","140,050","19,200","19,700","18,700","20,900","20,350","21,300","21,050","31,150","31,150"
2026-02-12,"49,050","49,050","44,150","44,150","16,550","14,750","13,950","16,600","15,600","20,850","17,500","47,350","45,100","49,600","82,400","62,700","102,100","42,850","42,850","144,250","148,400","140,050","19,200","19,700","18,700","20,900","20,350","21,300","21,050","31,150","31,150"
2026-02-13,"49,050","49,050","44,150","44,150","16,550","14,750","13,950","16,600","15,600","20,850","17,500","49,050","46,750","51,300","82,500","61,000","103,950","43,050","43,050","144,250","148,400","140,050","19,200","19,700","18,700","20,900","20,350","21,300","21,050","31,150","31,150"
2026-02-16,"49,050","49,050","44,150","44,150","16,550","14,750","13,950","16,600","15,600","20,850","17,500","49,050","46,750","51,300","82,500","61,000","103,950","43,050","43,050","144,250","148,400","140,050","19,200","19,700","18,700","20,900","20,350","21,300","21,050","31,150","31,150"
2026-02-17,"49,050","49,050","44,150","44,150","16,550","14,750","13,950","16,600","15,600","20,850","17,500","49,050","46,750","51,300","82,500","61,000","103,950","43,050","43,050","144,250","148,400","140,050","19,200","19,700","18,700","20,900","20,350","21,300","21,050","31,150","31,150"
2026-02-18,"49,900","49,900","44,150","44,150","16,550","14,750","13,950","16,600","15,600","20,850","17,500","50,400","50,350","50,450","85,500","57,050","113,950","45,900","45,900","144,250","148,400","140,050","19,200","19,700","18,700","21,200","20,850","21,450","21,400","32,500","32,500"
2026-02-19,"49,900","49,900","44,150","44,150","16,550","14,750","13,950","16,600","15,600","20,850","17,500","50,400","50,350","50,450","85,500","57,050","113,950","45,900","45,900","144,250","148,400","140,050","19,200","19,700","18,700","21,200","20,850","21,450","21,400","32,500","32,500"
2026-02-20,"51,550","51,550","44,150","44,150","16,550","14,750","13,950","16,600","15,600","20,850","17,500","55,450","52,000","58,900","93,400","64,550","122,300","45,550","45,550","144,250","148,400","140,050","19,200","19,700","18,700","21,200","20,850","21,450","21,400","32,500","32,500"
2026-02-23,"49,050","49,050","43,350","43,350","16,600","14,750","14,050","16,600","15,650","21,000","17,500","54,150","55,350","52,900","84,750","58,700","110,850","44,550","44,550","146,300","150,050","142,550","19,200","19,700","18,700","21,250","21,000","21,450","21,400","32,000","32,000"
2026-02-24,"49,050","49,050","43,350","43,350","16,600","14,750","14,050","16,600","15,650","21,000","17,500","52,450","53,700","51,250","82,150","57,050","107,300","44,550","44,550","146,300","150,050","142,550","19,200","19,700","18,700","21,250","21,000","21,450","21,400","32,000","32,000"
2026-02-25,"49,900","49,900","43,350","43,350","16,600","14,750","14,050","16,600","15,650","21,000","17,500","49,500","52,000","46,950","80,100","57,850","102,300","43,850","43,850","145,400","149,150","141,650","19,200","19,700","18,700","21,250","21,000","21,450","21,400","31,850","31,850"
2026-02-26,"49,050","49,050","43,350","43,350","16,600","14,750","14,050","16,600","15,650","21,000","17,500","49,050","52,000","46,100","78,850","57,050","100,650","43,850","43,850","145,400","149,150","141,650","19,200","19,700","18,700","21,250","21,000","21,450","21,400","31,850","31,850"
2026-02-27,"50,550","50,550","44,150","44,150","16,600","14,750","14,050","16,600","15,650","21,000","17,500","49,050","52,000","46,100","82,150","58,600","105,650","43,550","43,550","145,400","149,150","141,650","19,200","19,700","18,700","21,250","21,000","21,450","21,400","31,850","31,850"
2026-03-02,"50,550","50,550","44,150","44,150","16,600","14,750","14,050","16,600","15,650","21,000","17,500","47,000","50,350","43,600","76,650","53,700","99,600","43,350","43,350","145,400","149,150","141,650","19,400","19,700","19,050","21,250","21,150","21,300","21,400","31,650","31,650"
2026-03-03,"50,550","50,550","44,150","44,150","16,600","14,750","14,050","16,600","15,650","21,000","17,500","47,000","50,350","43,600","76,650","53,700","99,600","43,350","43,350","145,400","149,150","141,650","19,400","19,700","19,050","21,250","21,150","21,300","21,400","31,650","31,650"
2026-03-04,"49,050","49,050","44,150","44,150","16,800","14,950","14,250","16,800","15,900","21,350","17,550","47,400","50,350","44,450","84,650","53,700","115,650","43,350","43,350","145,400","149,150","141,650","19,400","19,700","19,050","21,250","21,150","21,300","21,400","31,650","31,650"
2026-03-05,"49,050","49,050","44,150","44,150","16,800","14,950","14,250","16,800","15,900","21,350","17,550","48,250","50,350","46,100","86,350","53,700","118,950","43,700","43,700","145,400","149,150","141,650","19,400","19,700","19,050","21,250","21,150","21,300","21,400","31,650","31,650"
2026-03-06,"49,050","49,050","44,150","44,150","16,800","14,950","14,250","16,800","15,900","21,350","17,550","48,250","50,350","46,100","86,350","53,700","118,950","43,700","43,700","145,400","149,150","141,650","19,400","19,700","19,050","21,250","21,150","21,300","21,400","31,650","31,650"
2026-03-09,"45,850","45,850","44,150","44,150","16,800","14,950","14,250","16,800","15,900","21,350","17,550","47,800","50,350","45,300","83,000","55,350","110,650","43,550","43,550","145,400","149,150","141,650","19,400","19,700","19,050","21,250","21,150","21,300","21,400","31,650","31,650"
2026-03-10,"45,850","45,850","44,150","44,150","16,800","14,950","14,250","16,800","15,900","21,350","17,550","47,800","50,350","45,300","84,650","55,350","113,950","43,550","43,550","145,400","149,150","141,650","19,400","19,700","19,050","21,250","21,150","21,300","21,400","31,650","31,650"
2026-03-11,"45,850","45,850","44,150","44,150","16,800","14,950","14,250","16,800","15,900","21,350","17,550","47,800","50,350","45,300","84,650","55,350","113,950","43,550","43,550","145,400","149,150","141,650","19,400","19,700","19,050","21,250","21,150","21,300","21,400","31,650","31,650"
2026-03-12,"45,850","45,850","44,150","44,150","16,800","14,950","14,250","16,800","15,900","21,350","17,550","48,650","50,350","46,950","84,650","55,350","113,950","43,200","43,200","145,400","149,150","141,650","19,400","19,700","19,050","21,250","21,150","21,300","21,400","31,650","31,650"
2026-03-13,"48,250","48,250","44,150","44,150","16,800","14,950","14,250","16,800","15,900","21,350","17,550","53,850","57,250","50,400","85,600","55,350","115,850","43,200","43,200","145,400","149,150","141,650","19,400","19,700","19,050","21,250","21,150","21,300","21,400","31,650","31,650"
2026-03-16,"54,600","54,600","44,150","44,150","16,800","14,950","14,250","16,800","15,900","21,350","17,550","60,750","65,500","56,000","86,300","58,600","113,950","44,550","44,550","150,400","155,000","145,850","19,450","19,900","19,050","21,850","22,150","21,600","21,700","31,650","31,650"
2026-03-17,"54,600","54,600","44,150","44,150","16,800","14,950","14,250","16,800","15,900","21,350","17,550","64,100","68,850","59,350","89,000","58,600","119,400","45,050","45,050","150,400","155,000","145,850","19,450","19,900","19,050","22,500","24,100","21,600","21,700","31,650","31,650"
2026-03-18,"54,600","54,600","44,150","44,150","16,800","14,950","14,250","16,800","15,900","21,350","17,550","64,100","68,850","59,350","89,000","58,600","119,400","45,050","45,050","150,400","155,000","145,850","19,450","19,900","19,050","22,500","24,100","21,600","21,700","31,650","31,650"
2026-03-19,"54,600","54,600","44,150","44,150","16,800","14,950","14,250","16,800","15,900","21,350","17,550","64,100","68,850","59,350","89,000","58,600","119,400","45,050","45,050","150,400","155,000","145,850","19,450","19,900","19,050","22,500","24,100","21,600","21,700","31,650","31,650"
2026-03-20,"54,600","54,600","44,150","44,150","16,800","14,950","14,250","16,800","15,900","21,350","17,550","64,100","68,850","59,350","89,000","58,600","119,400","45,050","45,050","150,400","155,000","145,850","19,450","19,900","19,050","22,500","24,100","21,600","21,700","31,650","31,650"
2026-03-23,"54,600","54,600","44,150","44,150","16,800","14,950","14,250","16,800","15,900","21,350","17,550","64,100","68,850","59,350","89,000","58,600","119,400","45,050","45,050","150,400","155,000","145,850","19,450","19,900","19,050","22,500","24,100","21,600","21,700","31,650","31,650"
2026-03-24,"54,600","54,600","44,150","44,150","16,800","14,950","14,250","16,800","15,900","21,350","17,550","64,100","68,850","59,350","89,000","58,600","119,400","45,050","45,050","150,400","155,000","145,850","19,450","19,900","19,050","22,500","24,100","21,600","21,700","31,650","31,650"
2026-03-25,"55,450","55,450","44,150","44,150","16,800","14,950","14,250","16,800","15,900","21,400","17,550","61,750","70,600","52,900","74,900","61,600","88,150","45,200","45,200","154,800","158,550","151,050","19,450","19,900","19,050","22,600","24,250","21,600","21,850","32,500","32,500"
2026-03-26,"56,150","56,150","44,150","44,150","16,800","14,950","14,250","16,800","15,900","21,400","17,550","59,450","67,600","51,250","71,800","60,600","83,000","45,200","45,200","154,800","158,550","151,050","19,450","19,900","19,050","22,600","24,250","21,600","21,850","32,500","32,500"
2026-03-27,"56,150","56,150","44,150","44,150","16,800","14,950","14,250","16,800","15,900","21,400","17,550","59,450","67,600","51,250","69,300","60,600","78,000","45,200","45,200","154,800","158,550","151,050","19,450","19,900","19,050","22,600","24,250","21,600","21,850","32,500","32,500"
2026-03-30,"48,750","48,750","44,150","44,150","16,800","14,950","14,250","16,800","15,900","21,400","17,550","54,000","63,550","44,450","69,650","53,600","85,650","43,050","43,050","149,700","154,300","145,100","19,450","19,900","19,050","22,700","24,250","21,800","22,050","31,800","31,800"
2026-03-31,"48,750","48,750","44,150","44,150","16,800","14,950","14,250","16,800","15,900","21,400","17,550","54,000","63,550","44,450","71,300","53,600","89,000","43,050","43,050","149,700","154,300","145,100","19,450","19,900","19,050","22,700","24,250","21,800","22,050","31,350","31,350"
2026-04-01,"47,300","47,300","44,150","44,150","16,800","14,950","14,250","16,800","15,900","21,400","17,550","53,300","62,100","44,450","72,400","51,200","93,600","42,750","42,750","149,700","154,300","145,100","19,550","20,050","19,050","22,700","24,250","21,800","22,050","31,350","31,350"
2026-04-02,"47,300","47,300","44,150","44,150","16,800","14,950","14,250","16,800","15,900","21,400","17,550","53,300","62,100","44,450","72,400","51,200","93,600","42,550","42,550","149,700","154,300","145,100","19,550","20,050","19,050","22,700","24,250","21,800","22,050","31,350","31,350"
2026-04-03,"47,300","47,300","44,150","44,150","16,800","14,950","14,250","16,800","15,900","21,400","17,550","53,300","62,100","44,450","72,400","51,200","93,600","42,550","42,550","149,700","154,300","145,100","19,550","20,050","19,050","22,700","24,250","21,800","22,050","31,350","31,350"
2026-04-06,"46,550","46,550","44,150","44,150","16,800","14,950","14,250","16,800","15,900","21,250","17,550","48,250","52,000","44,450","68,200","47,850","88,550","41,700","41,700","149,700","154,300","145,100","19,550","20,050","19,050","22,400","23,750","21,600","21,850","31,000","31,000"
2026-04-07,"46,550","46,550","44,150","44,150","16,800","14,950","14,250","16,800","15,900","21,250","17,550","48,250","52,000","44,450","68,200","47,850","88,550","41,850","41,850","147,900","152,500","143,350","19,550","20,050","19,050","22,400","23,750","21,600","21,850","30,650","30,650"
2026-04-08,"46,550","46,550","43,350","43,350","16,800","14,950","14,250","16,800","15,900","21,250","17,550","49,000","53,500","44,450","68,200","47,850","88,550","41,550","41,550","147,900","152,500","143,350","19,650","20,050","19,200","22,850","23,750","22,300","22,550","30,850","30,850"
2026-04-09,"46,550","46,550","43,350","43,350","16,800","14,950","14,250","16,800","15,900","21,250","17,550","49,000","53,500","44,450","67,800","47,050","88,550","41,350","41,350","147,900","152,500","143,350","19,650","20,050","19,200","22,850","23,750","22,300","22,550","30,500","30,500"
2026-04-10,"46,550","46,550","43,350","43,350","16,800","14,950","14,250","16,800","15,900","21,250","17,550","49,000","53,500","44,450","67,800","47,050","88,550","41,350","41,350","147,900","152,500","143,350","19,650","20,050","19,200","22,850","23,750","22,300","22,550","30,200","30,200"
2026-04-13,"48,150","48,150","44,150","44,150","16,800","14,950","14,250","16,800","15,900","21,250","17,550","50,750","56,200","45,350","65,300","49,550","81,050","40,850","40,850","147,900","152,500","143,350","20,150","20,550","19,700","22,850","23,750","22,300","22,550","29,500","29,500"
2026-04-14,"48,150","48,150","44,150","44,150","16,800","14,950","14,250","16,800","15,900","21,250","17,550","50,750","56,200","45,350","64,350","49,550","79,150","40,700","40,700","147,900","152,500","143,350","20,150","20,550","19,700","22,850","23,750","22,300","22,550","29,500","29,500"
2026-04-15,"48,150","48,150","44,150","44,150","16,800","14,950","14,250","16,800","15,900","21,250","17,550","51,200","57,000","45,350","63,950","49,550","78,350","40,700","40,700","147,900","152,500","143,350","20,150","20,550","19,700","22,850","23,750","22,300","22,550","29,700","29,700"
2026-04-16,"47,300","47,300","44,150","44,150","16,800","14,950","14,250","16,800","15,900","21,250","17,550","51,200","57,000","45,350","63,950","49,550","78,350","40,350","40,350","147,900","152,500","143,350","20,150","20,550","19,700","22,850","23,750","22,300","22,550","29,500","29,500"
2026-04-17,"47,300","47,300","44,150","44,150","16,800","14,950","14,250","16,800","15,900","21,250","17,550","51,200","57,000","45,350","63,950","49,550","78,350","40,350","40,350","147,900","152,500","143,350","20,150","20,550","19,700","22,850","23,750","22,300","22,550","29,500","29,500"
2026-04-20,"49,800","49,800","43,350","43,350","16,800","14,950","14,250","16,800","15,900","21,250","17,550","55,500","61,450","49,550","66,000","59,450","72,500","39,550","39,550","147,900","152,500","143,350","20,150","20,550","19,700","23,250","23,750","22,900","23,050","29,700","29,700"
2026-04-21,"49,800","49,800","43,350","43,350","16,800","14,950","14,250","16,800","15,900","21,250","17,550","55,500","61,450","49,550","66,000","59,450","72,500","39,350","39,350","147,900","152,500","143,350","20,150","20,550","19,700","23,250","23,750","22,900","23,050","29,700","29,700"
2026-04-22,"48,250","48,250","43,350","43,350","16,800","14,950","14,250","16,800","15,900","21,250","17,550","56,350","63,100","49,550","62,950","59,450","66,450","39,350","39,350","147,900","152,500","143,350","20,150","20,550","19,700","23,250","23,750","22,900","23,050","29,700","29,700"
2026-04-23,"48,250","48,250","43,350","43,350","16,800","14,950","14,250","16,800","15,900","21,250","17,550","57,100","64,600","49,550","62,150","57,850","66,450","39,350","39,350","147,900","152,500","143,350","20,150","20,550","19,700","23,250","23,750","22,900","23,050","29,700","29,700"
2026-04-24,"48,250","48,250","43,350","43,350","16,800","14,950","14,250","16,800","15,900","21,250","17,550","57,500","64,600","50,400","62,150","57,850","66,450","39,350","39,350","147,900","152,500","143,350","20,150","20,550","19,700","23,300","23,750","22,900","23,200","29,000","29,000"
